CustomerID,ChurnProbability,MonthlyCharges,CustomerValue,EstimatedLoss,Priority
1400-MMYXY,0.8089250670037518,105.9,1270.8000000000002,1027.9819751483678,High
7216-EWTRS,0.8476868059655555,100.8,1209.6,1025.3619604959358,High
6496-SLWHQ,0.8127435991788534,105.0,1260.0,1024.0569349653554,High
3389-YGYAI,0.7961063705956737,105.5,1266.0,1007.8706651741229,High
8884-ADFVN,0.8193833757747956,101.95,1223.4,1002.433621922885,High
5419-JPRRN,0.8194412818278032,101.45,1217.4,997.5878164971676,High
4822-RVYBB,0.8228409281152315,100.6,1207.1999999999998,993.3335684207073,High
0781-LKXBR,0.8191013929440317,100.5,1206.0,987.8362798905023,High
6023-YEBUP,0.813940716955209,100.95,1211.4,986.0077845195402,High
3606-TWKGI,0.7669751683096461,106.9,1282.8000000000002,983.8757459076141,High
6861-XWTWQ,0.8240961913862594,99.25,1191.0,981.498563941035,High
9681-OXGVC,0.8099581540361783,100.5,1206.0,976.809533767631,High
9221-OTIVJ,0.7761532238274915,104.85,1258.1999999999998,976.5559862197497,High
2012-NWRPA,0.8142788198399867,99.55,1194.6,972.737478180848,High
4587-VVTOX,0.7646230872898311,105.3,1263.6,966.1777330994305,High
5178-LMXOP,0.8458138527179676,95.1,1141.1999999999998,965.2427687217445,High
7450-NWRTR,0.8086012836457963,99.45,1193.4,964.9847719028934,High
8098-LLAZX,0.8408711072922886,95.45,1145.4,963.1337662925874,High
5150-ITWWB,0.8439820325239459,94.85,1138.1999999999998,960.620349418755,High
9300-AGZNL,0.8509883098798267,94.0,1128.0,959.9148135444444,High
7024-OHCCK,0.8501848698794666,93.85,1126.1999999999998,957.4782004582552,High
9305-CDSKC,0.7997870728577012,99.65,1195.8000000000002,956.3853817232393,High
9497-QCMMS,0.8518806879083878,93.55,1122.6,956.3212602459561,High
1374-DMZUI,0.844475551087684,94.3,1131.6,955.6085336108232,High
2720-WGKHP,0.8470644588103845,94.0,1128.0,955.4887095381138,High
4424-TKOPW,0.8479782871137845,93.85,1126.1999999999998,954.993146947544,High
2968-SSGAA,0.7905949201014121,100.6,1207.1999999999998,954.4061875464245,High
5567-WSELE,0.8391228321748282,94.6,1135.1999999999998,952.5722390848648,High
2446-BEGGB,0.8071648204676567,98.25,1179.0,951.6473233313673,High
4078-SAYYN,0.7841248102787083,100.75,1209.0,948.0068956269583,High
1875-QIVME,0.7560416541141959,104.4,1252.8000000000002,947.1689842742647,High
7234-FECYN,0.7768403944323092,101.35,1216.1999999999998,944.7932877085743,High
9057-SIHCH,0.8146155938907761,96.6,1159.1999999999998,944.3023964381875,High
3158-MOERK,0.819262914592222,96.0,1152.0,943.7908776102397,High
2027-FECZV,0.7362423283622279,106.7,1280.4,942.6846772349967,High
0107-YHINA,0.787290930925297,99.75,1197.0,942.3872443175806,High
0295-PPHDO,0.8217279506187842,95.45,1145.4,941.2071946387555,High
4910-GMJOT,0.8273107533680396,94.6,1135.1999999999998,939.1631672233984,High
7851-WZEKY,0.8222715078585693,95.15,1141.8000000000002,938.8696076729145,High
3292-PBZEJ,0.7018562354725555,111.4,1336.8000000000002,938.2414155797123,High
1075-BGWOH,0.7888587442591346,98.75,1185.0,934.7976119470745,High
8149-RSOUN,0.8289841170269536,93.85,1126.1999999999998,933.601912595755,High
3902-FOIGH,0.7669391464558364,101.35,1216.1999999999998,932.7513899195881,High
2656-TABEH,0.774310931182383,100.2,1202.4,931.0314636536974,High
0897-FEGMU,0.7797580338814025,99.5,1194.0,931.0310924543946,High
3049-SOLAY,0.8145684326394332,95.2,1142.4,930.5629774472886,High
1455-UGQVH,0.7869882214167196,98.5,1182.0,930.2200777145626,High
5956-YHHRX,0.7409902410789942,104.35,1252.1999999999998,927.8679798791164,High
2660-EMUBI,0.8099896843264247,95.35,1144.1999999999998,926.7901968062951,High
8118-LSUEL,0.7247957525847101,106.4,1276.8000000000002,925.419216900158,High
3793-MMFUH,0.8066017494964985,95.05,1140.6,920.0099554757062,High
2265-CYWIV,0.768108273915377,99.6,1195.1999999999998,918.0430089836584,High
3621-CEOVK,0.7624267548420933,100.2,1202.4,916.741930022133,High
0680-DFNNY,0.7541488062180216,101.1,1213.1999999999998,914.9333317037036,High
8245-UMPYT,0.7897435802727557,96.4,1156.8000000000002,913.575373659524,High
3811-VBYBZ,0.7626456970050516,99.8,1197.6,913.3444867332497,High
6734-GMPVK,0.7202868821486481,105.3,1263.6,910.1545042830317,High
3957-LXOLK,0.7142554879894824,106.15,1273.8000000000002,909.8186406010027,High
9061-TIHDA,0.7956184216455285,95.25,1143.0,909.3918559408392,High
5565-FILXA,0.7877190086837345,96.15,1153.8000000000002,908.8701922192929,High
5299-SJCZT,0.7450322514330957,101.55,1218.6,907.8963015963703,High
3320-VEOYC,0.7910046236540881,95.6,1147.1999999999998,907.4405042559697,High
6683-VLCTZ,0.7671207726552332,98.55,1182.6,907.1970257420786,High
6688-UZPWD,0.7406886788261083,102.0,1224.0,906.6029428831566,High
6350-XFYGW,0.7971533602304924,94.75,1137.0,906.3633705820699,High
8161-QYMTT,0.8007094524891524,94.1,1129.1999999999998,904.1611137507507,High
7943-RQCHR,0.7938804969313961,94.75,1137.0,902.6421250109973,High
0564-JJHGS,0.7845437210977325,95.5,1146.0,899.0871043780014,High
4626-GYCZP,0.7980788979634489,93.85,1126.1999999999998,898.796454886436,High
5052-PNLOS,0.7100473687624161,105.35,1264.1999999999998,897.6418835894464,High
3319-DWOEP,0.7791852105758399,95.75,1149.0,895.28380695164,High
6892-XPFPU,0.7122860370520553,104.25,1251.0,891.0698323521211,High
1658-BYGOY,0.7774421289337392,95.45,1145.4,890.482214480705,High
5935-FCCNB,0.7873585395467485,94.2,1130.4,890.0300931036446,High
0702-PGIBZ,0.7279008103008984,101.7,1220.4,888.3301488912165,High
7526-BEZQB,0.7701341335012561,96.05,1152.6,887.6566022735477,High
5995-SNNEW,0.7076146317656297,104.45,1253.4,886.9241794550403,High
3988-RQIXO,0.80864206730513,91.3,1095.6,885.9482489395003,High
6521-YYTYI,0.7910488360015553,93.3,1119.6,885.6582767873413,High
7145-FEJWU,0.700647274061187,105.3,1263.6,885.3378955037158,High
0754-UKWQP,0.7694814735677662,95.85,1150.1999999999998,885.0575908976446,High
3178-FESZO,0.734020345167318,100.25,1203.0,883.0264752362835,High
0365-BZUWY,0.717557369655236,102.55,1230.6,883.0260990977333,High
2982-VPSGI,0.782530423267545,94.0,1128.0,882.6943174457907,High
7225-CBZPL,0.7751269617942108,94.8,1137.6,881.7844317370941,High
8510-AWCXC,0.7269274738003586,100.8,1209.6,879.2914723089137,High
3068-OMWZA,0.8249106222019787,88.8,1065.6,879.0247590184284,High
6615-NGGZJ,0.7272719597668316,100.55,1206.6,877.5263466546589,High
3452-GWUIN,0.7695254697127275,94.95,1139.4,876.7973201906818,High
7181-BQYBV,0.7121678686914837,102.45,1229.4,875.5391777693102,High
7668-XCFYV,0.7882651629142851,92.55,1110.6,875.4472899326049,High
5519-NPHVG,0.7742096647333419,94.2,1130.4,875.1666050145697,High
7398-SKNQZ,0.7665813935821844,94.9,1138.8000000000002,872.9828910113916,High
4695-WJZUE,0.8206894172288933,88.55,1062.6,872.064574747422,High
1415-YFWLT,0.8134469549112073,89.3,1071.6,871.6897568828497,High
6108-OQZDQ,0.7412391789396335,97.95,1175.4,871.2525309256454,High
2865-TCHJW,0.8138518923193094,89.2,1070.4,871.1470655385889,High
9809-IMGCQ,0.7506439081326679,96.7,1160.4,871.0471909971479,High
9290-SHCMB,0.7487902308284052,96.85,1162.1999999999998,870.2440062687724,High
6210-KBBPI,0.7282539538902509,99.45,1193.4,869.0982685726256,High
4145-UQXUQ,0.7858927773736554,92.1,1105.1999999999998,868.5686975533638,High
2107-FBPTK,0.6949737262045084,104.1,1249.1999999999998,868.1611787746717,High
3643-AHCFP,0.7564833401411611,95.6,1147.1999999999998,867.8376878099399,High
9094-AZPHK,0.7220125490066759,100.15,1201.8000000000002,867.7146813962232,High
4094-NSEDU,0.7668159969114507,94.25,1131.0,867.2688925068508,High
0916-QOFDP,0.7543944722061556,95.8,1149.6,867.2518852481965,High
4021-RQSNY,0.733008503335154,98.5,1182.0,866.416050942152,High
1626-ERCMM,0.7635436410366936,94.55,1134.6,866.3166151202324,High
0655-RBDUG,0.7360659266337553,98.05,1176.6,866.0551692772764,High
1273-MTETI,0.8116136405484454,88.85,1066.1999999999998,865.3424635527524,High
9546-CQJSU,0.7886531883106773,91.4,1096.8000000000002,864.9948169391511,High
4597-NUCQV,0.7111293675160699,101.25,1215.0,864.022181532025,High
8414-MYSHR,0.7848693034517061,91.4,1096.8000000000002,860.8446520258315,High
0880-TKATG,0.708695563285589,101.15,1213.8000000000002,860.2146747160481,High
7079-QRCBC,0.7244312483354609,98.75,1185.0,858.4510292775212,High
8775-LHDJH,0.7894886364706716,90.6,1087.1999999999998,858.332045570914,High
7029-RPUAV,0.711880245307734,100.45,1205.4,858.1004476939426,High
8313-NDOIA,0.6864737136385051,104.15,1249.8000000000002,857.9548473054037,High
5380-AFSSK,0.7606676663036479,93.9,1126.8000000000002,857.1203263909506,High
8357-EQXFO,0.7489922454282169,95.35,1144.1999999999998,856.9969272189655,High
3473-XIIIT,0.7136572547966016,100.0,1200.0,856.3887057559219,High
2430-USGXP,0.7061405148125374,101.05,1212.6,856.2659882616828,High
4192-GORJT,0.7548262600596359,94.45,1133.4,855.5200831515914,High
0871-URUWO,0.6971556111802332,102.25,1227.0,855.4099349181461,High
4927-WWOOZ,0.779180389918807,91.45,1097.4,855.0725598968988,High
0236-HFWSV,0.7632863696964732,93.35,1120.1999999999998,855.0333913339891,High
4060-LDNLU,0.7404814979634017,96.2,1154.4,854.8118412489509,High
1450-GALXR,0.7231879628611215,98.5,1182.0,854.8081721018457,High
6969-MVBAI,0.7888067078886627,90.1,1081.1999999999998,852.857812569222,High
7969-AULMZ,0.7299899636237454,97.35,1168.1999999999998,852.7742755052592,High
8625-AZYZY,0.6774944558684804,104.65,1255.8000000000002,850.7975376796379,High
1724-BQUHA,0.7913904307018125,89.5,1074.0,849.9533225737466,High
6328-ZPBGN,0.7440764258439742,95.15,1141.8000000000002,849.5864630286499,High
2462-XIIJB,0.7651087157542287,92.5,1110.0,849.2706744871938,High
4298-OYIFC,0.6839038511539914,103.45,1241.4,848.998240822565,High
4847-TAJYI,0.7910257478868112,89.35,1072.1999999999998,848.1378068842389,High
2454-RPBRZ,0.7201576394767554,98.1,1177.1999999999998,847.7695731920363,High
5192-EBGOV,0.8242351667256458,85.7,1028.4,847.6434454606542,High
6326-MTTXK,0.7002472563044541,100.85,1210.1999999999998,847.4392295796501,High
2612-RANWT,0.7043744166529806,100.15,1201.8000000000002,846.5171739335523,High
5760-IFJOZ,0.6533199504163417,107.95,1295.4,846.3106637693292,High
4929-XIHVW,0.7379250777143329,95.5,1146.0,845.6621390606255,High
8168-UQWWF,0.7200166621490102,97.85,1174.1999999999998,845.4435646953676,High
2754-SDJRD,0.7016907469178983,100.15,1201.8000000000002,843.2919396459304,High
5883-GTGVD,0.702969398628594,99.95,1199.4,843.1414967151356,High
4826-XTSOH,0.8163137256756325,86.05,1032.6,842.9255531326581,High
5277-ZLOOR,0.8207528551425479,85.55,1026.6,842.5848810893397,High
7274-RTAPZ,0.774895441295674,90.55,1086.6,842.0013865118793,High
9189-JWSHV,0.7493645857433352,93.55,1122.6,841.236683955468,High
3629-ZNKXA,0.688525999641786,101.8,1221.6,841.1033611624057,High
0325-XBFAC,0.7398489718311098,94.7,1136.4,840.7643715888732,High
5419-CONWX,0.7019242393230996,99.8,1197.6,840.624469013344,High
7392-YYPYJ,0.6957417332746526,100.65,1207.8000000000002,840.3168654491255,High
3387-VATUS,0.7381257870569242,94.85,1138.1999999999998,840.134770828191,High
5698-BQJOH,0.7416140235751624,94.4,1132.8000000000002,840.100365905944,High
9172-ANCRX,0.7090306945896518,98.7,1184.4,839.7759546719838,High
2034-GDRCN,0.7738342627340291,90.4,1084.8000000000002,839.4554082138749,High
3318-NMQXL,0.7598793433205075,92.0,1104.0,838.9067950258403,High
2725-KXXWT,0.7703056069840705,90.75,1089.0,838.8628060056527,High
1069-XAIEM,0.8215737126070027,85.05,1020.5999999999999,838.498131086707,High
9944-HKVVB,0.7343235864465741,95.1,1141.1999999999998,838.0100768528303,High
3027-ZTDHO,0.7766679582732344,89.9,1078.8000000000002,837.8693933851655,High
3096-GKWEB,0.7366536160658201,94.75,1137.0,837.5751614668375,High
4958-XCBDQ,0.6883277421969277,101.4,1216.8000000000002,837.5571967052218,High
7209-JCUDS,0.7353823397112293,94.9,1138.8000000000002,837.4534084631481,High
5955-ERIHD,0.7365707426881503,94.7,1136.4,837.038991990814,High
4115-NZRKS,0.7821952422653757,89.15,1069.8000000000002,836.7924701754991,High
0011-IGKFF,0.7114817726979122,98.0,1176.0,836.7025646927448,High
9134-CEQMF,0.7784123893769511,89.5,1074.0,836.0149061908455,High
0970-ETWGE,0.7776182629007771,89.55,1074.6,835.628585313175,High
5293-WXJAK,0.6682151331291847,104.05,1248.6,834.3334152250999,High
8868-WOZGU,0.6576439618870624,105.7,1268.4,834.1556012575501,High
1389-CXMLU,0.7633169501324593,91.05,1092.6,834.0000997147249,High
7577-SWIFR,0.7784305089394645,89.25,1071.0,833.6990750741666,High
9330-IJWIO,0.6922158986375143,100.35,1204.1999999999998,833.5663851392947,High
0094-OIFMO,0.7309535631524958,95.0,1140.0,833.2870619938452,High
1455-ESIQH,0.7788358353135703,89.1,1069.1999999999998,832.7312751172692,High
7548-SEPYI,0.7203633955617007,96.25,1155.0,832.0197218737643,High
8337-UPOAQ,0.7717586082724128,89.8,1077.6,831.647076274352,High
6030-REHUX,0.6251589689681412,110.85,1330.1999999999998,831.5864605214213,High
9025-AOMKI,0.7402570064465837,93.55,1122.6,831.0125154369348,High
4735-ASGMA,0.7038140868837708,98.35,1180.1999999999998,830.6413853402262,High
8087-LGYHQ,0.7349502853694014,94.05,1128.6,829.4648920679064,High
0187-QSXOE,0.7759655068314303,89.0,1068.0,828.7311612959676,High
1624-NALOJ,0.7686067127788516,89.8,1077.6,828.2505936904904,High
3001-UNBTL,0.6637483548723755,103.95,1247.4,827.9596978678012,High
3722-WPXTK,0.7808544977609417,88.35,1060.1999999999998,827.8619385261503,High
6857-VWJDT,0.720856449632362,95.65,1147.8000000000002,827.3990328880252,High
2545-EBUPK,0.8200299317233708,84.05,1008.5999999999999,827.0821891361917,High
9611-CTWIH,0.7702754380706898,89.45,1073.4,826.8136552250785,High
6029-WTIPC,0.6809950170777043,101.1,1213.1999999999998,826.1831547186707,High
2809-ZMYOQ,0.6792334244674891,101.35,1216.1999999999998,826.0836908373601,High
9223-UCPVT,0.7290957827925589,94.4,1132.8000000000002,825.9197027474108,High
7402-EYFXX,0.7349630644893344,93.6,1123.1999999999998,825.5105140344202,High
5382-SOYZL,0.7232857961566868,95.1,1141.1999999999998,825.4137505740108,High
6851-WEFYX,0.6814964020644432,100.8,1209.6,824.3380479371503,High
2180-DXNEG,0.714675958943442,96.0,1152.0,823.3067047028452,High
2357-COQEK,0.6640582030405815,103.3,1239.6,823.1665484891048,High
1309-BXVOQ,0.6463063661166392,106.1,1273.1999999999998,822.8772653397049,High
4132-KALRO,0.6798866957291919,100.85,1210.1999999999998,822.7988791714679,High
1579-KLYDT,0.7579886620777698,90.45,1085.4,822.7208938192115,High
2985-FMWYF,0.7328994080503081,93.5,1122.0,822.3131358324456,High
3992-YWPKO,0.6234604213522825,109.9,1318.8000000000002,822.2196036793903,High
4750-ZRXIU,0.8093992094461206,84.6,1015.1999999999999,821.7020774297016,High
4445-ZJNMU,0.689211397396884,99.3,1191.6,821.2643011381268,High
2369-UAPKZ,0.6571043949592008,104.1,1249.1999999999998,820.8548101830336,High
1254-IZEYF,0.6843428963111324,99.95,1199.4,820.8008698355723,High
0420-HLGXF,0.6857141463438108,99.75,1197.0,820.7998331735415,High
2081-VEYEH,0.6330568020710617,107.95,1295.4,820.0617814028534,High
9919-KNPOO,0.724560933104118,94.3,1131.6,819.9131519006198,High
7028-DVOIQ,0.6896914585048521,99.05,1188.6,819.7672675788672,High
7938-OUHIO,0.691927683552614,98.7,1184.4,819.5191483997161,High
3338-CVVEH,0.7213952643313877,94.55,1134.6,818.4950669103924,High
6543-XRMYR,0.6829904718822059,99.7,1196.4,817.1298005598711,High
8111-SLLHI,0.6436356868235347,105.65,1267.8000000000002,816.0013237548774,High
5349-IECLD,0.7158826094715808,94.95,1139.4,815.6766452319192,High
1567-DSCIC,0.7229980360644231,94.0,1128.0,815.5417846806693,High
2672-HUYVI,0.7458623352311203,91.1,1093.1999999999998,815.3767048746606,High
8603-IJWDN,0.7834593614226631,86.6,1039.1999999999998,814.1709683904314,High
2990-HWIML,0.7574750618945486,89.5,1074.0,813.5282164747452,High
7228-OMTPN,0.7655183653616353,88.45,1061.4,812.5211929948398,High
3217-FZDMN,0.7165617810822954,94.45,1133.4,812.1511226786737,High
5519-YLDGW,0.6512502899906372,103.9,1246.8000000000002,811.9788615603265,High
6215-NQCPY,0.6779777704070049,99.7,1196.4,811.1326045149407,High
3006-XIMLN,0.7173525438219824,94.2,1130.4,810.895315536369,High
7156-MHUGY,0.7463458001833528,90.5,1086.0,810.5315389991212,High
6630-UJZMY,0.8110726669058429,83.25,999.0,810.261594238937,High
9402-ORRAH,0.7378144336581426,91.5,1098.0,810.1202481566405,High
4912-PIGUY,0.797543413476569,84.6,1015.1999999999999,809.6660733614128,High
6892-EZDTG,0.7360053511018908,91.65,1099.8000000000002,809.4586851418596,High
0259-GBZSH,0.7860376533275208,85.65,1027.8000000000002,807.8895000900261,High
9282-IZGQK,0.7918786582068708,85.0,1020.0,807.7162313710081,High
1393-IMKZG,0.7017644625035625,95.85,1150.1999999999998,807.1694847715975,High
1143-NMNQJ,0.7847527998482206,85.7,1028.4,807.03977936391,High
0722-SVSFK,0.6696679414909245,100.4,1204.8000000000002,806.8159359082659,High
2034-CGRHZ,0.6525911399742037,102.95,1235.4,806.2110943241313,High
1960-UYCNN,0.7052094742041022,95.25,1143.0,806.0544290152887,High
9360-OMDZZ,0.7131793607730281,94.1,1129.1999999999998,805.3221341849032,High
3045-XETSH,0.7073899594979601,94.85,1138.1999999999998,805.1512519005781,High
2205-YMZZJ,0.7909377609574129,84.8,1017.5999999999999,804.8582655502632,High
0115-TFERT,0.6031246081569059,111.2,1334.4,804.8094771245753,High
6474-FVJLC,0.7793998044557178,86.0,1032.0,804.3405981983008,High
8972-HJWNV,0.7923952087811482,84.55,1014.5999999999999,803.9641788293529,High
7330-WZLNC,0.7373073297153863,90.8,1089.6,803.3700664578848,High
0196-VULGZ,0.7936508574036871,84.35,1012.1999999999999,803.333397864012,High
3398-FSHON,0.7328380238072825,91.3,1095.6,802.8973388832586,High
9253-QXKBE,0.7083376040731709,94.45,1133.4,802.829840456532,High
9734-YWGEX,0.6795678445824759,98.3,1179.6,801.6182294694885,High
3663-MITLP,0.6592102501957451,101.25,1215.0,800.9404539878303,High
2645-QTLMB,0.7080429214913448,94.25,1131.0,800.796544206711,High
7488-MXJIV,0.7780424032598426,85.65,1027.8000000000002,799.6719820704664,High
1173-XZPYF,0.7462624073432134,89.2,1070.4,798.7992808201757,High
2439-LYPMQ,0.6484446213116272,102.6,1231.1999999999998,798.3650177588753,High
3393-FMZPV,0.6629494693642509,100.25,1203.0,797.5282116451939,High
9725-SCPZG,0.7312383430826839,90.85,1090.1999999999998,797.1960416287418,High
6356-ELRKD,0.6941462178808623,95.6,1147.1999999999998,796.3245411529251,High
2845-AFFTX,0.6647986913219004,99.8,1197.6,796.1629127271078,High
3489-HHPFY,0.7882357201191571,84.05,1008.5999999999999,795.0145473121818,High
8593-WHYHV,0.7766704552259367,85.3,1023.5999999999999,794.9998779692687,High
4548-SDBKE,0.7775073431673158,85.2,1022.4000000000001,794.9235076542637,High
4228-ZGYUW,0.7351677037839162,90.05,1080.6,794.4222207088998,High
4273-MBHYA,0.7407158879871673,89.35,1072.1999999999998,794.1955750998405,High
4140-MUHUG,0.7618786069366869,86.85,1042.1999999999998,794.0298841494149,High
7779-LGOVN,0.7635418776222389,86.65,1039.8000000000002,793.9308443516042,High
8058-JMEQO,0.7831694343393465,84.45,1013.4000000000001,793.6639047594938,High
4951-UKAAQ,0.7426609456505144,88.95,1067.4,792.7162933873592,High
2642-DTVCO,0.7763306231075031,85.05,1020.5999999999999,792.3230339435177,High
6116-RFVHN,0.6571732657437831,100.45,1205.4,792.1566545275562,High
3462-BJQQA,0.7351922818602155,89.75,1077.0,791.802087563452,High
8780-IXSTS,0.7321969574390285,90.1,1081.1999999999998,791.6513503830774,High
0939-YAPAF,0.6579421771819571,100.25,1203.0,791.5044391498944,High
1866-RZZQS,0.6699388417208441,98.4,1180.8000000000002,791.0637843039727,High
0697-ZMSWS,0.7695790104200663,85.65,1027.8000000000002,790.9733069097442,High
6979-ZNSFF,0.7571828523878699,87.05,1044.6,790.9532076043688,High
3336-JORSO,0.5966964894950586,110.45,1325.4,790.8615271767508,High
9279-CJEOJ,0.6907977048634485,95.4,1144.8000000000002,790.825212527676,High
3318-OSATS,0.6904020466974029,95.45,1145.4,790.7865042872054,High
6230-BSUXY,0.7751472785513513,85.0,1020.0,790.6502241223784,High
1583-IHQZE,0.58240697867834,112.95,1355.4,789.3944189006221,High
8397-MVTAZ,0.6574942033452638,100.05,1200.6,789.3875405363236,High
2371-JQHZZ,0.7072873838967879,93.0,1116.0,789.3327204288153,High
3001-CBHLQ,0.6269918645738952,104.9,1258.8000000000002,789.2573591256194,High
5383-MMTWC,0.7824472196088694,84.0,1008.0,788.7067973657404,High
2929-ERCFZ,0.6977051220279039,94.2,1130.4,788.6858699403426,High
5797-APWZC,0.7253350895832738,90.6,1087.1999999999998,788.5843093949351,High
1465-VINDH,0.6435235562491737,102.1,1225.1999999999998,788.4450611164875,High
7294-TMAOP,0.725491225710983,90.55,1086.6,788.3187658575541,High
1941-HOSAM,0.7290251776854928,90.1,1081.1999999999998,788.2220221135547,High
3097-NQYSN,0.7559885332559196,86.85,1042.1999999999998,787.8912493593193,High
5299-RULOA,0.6549220087359772,100.25,1203.0,787.8711765093806,High
5644-PDMZC,0.7327420601575921,89.5,1074.0,786.964972609254,High
9965-YOKZB,0.7819640422540327,83.85,1006.1999999999999,786.8122193160077,High
5380-WJKOV,0.6159192758125186,106.35,1276.1999999999998,786.0361797919361,High
5219-YIPTK,0.6271930529352896,104.4,1252.8000000000002,785.7474567173309,High
5348-CAGXB,0.7310268599222982,89.55,1074.6,785.5614636725016,High
8739-XNIKG,0.7781370727588076,84.0,1008.0,784.362169340878,High
9547-ITEFG,0.6369499987886674,102.6,1231.1999999999998,784.2128385086072,High
6583-KQJLK,0.6903693797590501,94.65,1135.8000000000002,784.1215415303292,High
5168-MSWXT,0.6892951834374973,94.75,1137.0,783.7286235684344,High
1925-TIBLE,0.7549476054825981,86.5,1038.0,783.6356144909369,High
8622-ZLFKO,0.7193324000136978,90.75,1089.0,783.3529836149169,High
1666-JXLKU,0.6523769814742175,100.05,1200.6,783.2438039579455,High
8290-YWKHZ,0.6995499446465345,93.2,1118.4,782.3766580926842,High
0684-AOSIH,0.6858372790208249,95.0,1140.0,781.8544980837404,High
9451-LPGOO,0.7505237511230584,86.8,1041.6,781.7455391697775,High
5244-IRFIH,0.6890033719241868,94.5,1134.0,781.3298237620279,High
6899-PPEEA,0.6741414686480641,96.55,1158.6,781.060305575647,High
2665-NPTGL,0.6632439487994601,98.1,1177.1999999999998,780.7707765267244,High
7892-POOKP,0.6203823172775393,104.8,1257.6,780.1928022082334,High
7218-HKQFK,0.6895988088322895,94.2,1130.4,779.5224935040202,High
4112-LUEIZ,0.725563508566915,89.5,1074.0,779.2552082008667,High
2080-CAZNM,0.6217267920368347,104.4,1252.8000000000002,778.8993250637466,High
6986-IXNDM,0.6971538531208621,92.9,1114.8000000000002,777.1871154591372,High
3874-EQOEP,0.6814866021153159,95.0,1140.0,776.89472641146,High
2754-VDLTR,0.679319229813046,95.2,1142.4,776.0542881384239,High
6100-QQHEB,0.6976688331659437,92.55,1110.6,774.831006114097,High
3565-UNOCC,0.6516621507654475,99.05,1188.6,774.5656323998109,High
0302-JOIVN,0.6371416872438901,101.15,1213.8000000000002,773.3625799766339,High
0480-BIXDE,0.6657333010966496,96.8,1161.6,773.3158025538681,High
0329-GTIAJ,0.6574015679851946,97.9,1174.8000000000002,772.3153620690067,High
7780-OTDSO,0.6473648983173284,99.4,1192.8000000000002,772.1768507129094,High
0306-JAELE,0.669538255081625,96.1,1153.1999999999998,772.1115157601298,High
6198-RTPMF,0.6946033494512381,92.6,1111.1999999999998,771.8432419102157,High
4566-NECEV,0.6657879768668514,96.55,1158.6,771.381949997934,High
2568-OIADY,0.6457093039801851,99.5,1194.0,770.976908952341,High
5229-PRWKT,0.7420511842144624,86.55,1038.6,770.6943599251406,High
5609-CEBID,0.6824862316603585,94.1,1129.1999999999998,770.6634527908767,High
2984-AFWNC,0.672142161698545,95.4,1144.8000000000002,769.4683467124945,High
4598-XLKNJ,0.6507034457336914,98.5,1182.0,769.1314728572232,High
4817-VYYWS,0.6394828159275849,100.2,1202.4,768.9141378713282,High
8413-VONUO,0.6698258772437555,95.65,1147.8000000000002,768.8261419003827,High
8382-SHQEH,0.7541948412192103,84.9,1018.8000000000001,768.3737042341315,High
1195-OIYEJ,0.7021920624867046,91.1,1093.1999999999998,767.6363627104654,High
1104-TNLZA,0.6045255750867691,105.8,1269.6,767.505670130162,High
2215-ZAFGX,0.7480351363999431,85.5,1026.0,767.4840499463417,High
9874-QLCLH,0.6134884930633908,104.2,1250.4,767.106011726464,High
2840-XANRC,0.6847935101224052,93.15,1117.8000000000002,765.4621856148246,High
2691-NZETQ,0.7465470433516583,85.35,1024.1999999999998,764.6134818007683,High
5597-GLBUC,0.7441140828019994,85.45,1025.4,763.0145805051703,High
3585-ISXZP,0.6645263764691766,95.65,1147.8000000000002,762.743374911321,High
3372-KWFBM,0.7328504618457391,86.6,1039.1999999999998,761.578199950092,High
5138-WVKYJ,0.64318573929819,98.55,1182.6,760.6314552940395,High
8818-DOPVL,0.6067095944508996,104.45,1253.4,760.4498056847575,High
4514-GFCFI,0.7475229998326818,84.75,1017.0,760.2308908298373,High
3727-RJMEO,0.7646157397896718,82.85,994.1999999999999,760.1809684988916,High
9647-ERGBE,0.6326330946691601,100.05,1200.6,759.5392934597935,High
4844-JJWUY,0.7349227567365237,86.0,1032.0,758.4402849520925,High
2123-AGEEN,0.7488128768731883,84.35,1012.1999999999999,757.9483939710411,High
5937-EORGB,0.6538727197037676,96.5,1158.0,757.1846094169629,High
1564-NTYXF,0.7694601407458793,82.0,984.0,757.1487784939452,High
7315-WYOAW,0.6260201466884442,100.75,1209.0,756.8583573463291,High
4433-JCGCG,0.6241004209520279,101.0,1212.0,756.4097101938578,High
6087-MVHJH,0.7124201146457374,88.45,1061.4,756.1627096849858,High
7858-GTZSP,0.7271280044494962,86.55,1038.6,755.1951454212467,High
4998-IKFSE,0.6264152976782444,100.45,1205.4,755.0809998213559,High
0337-CNPZE,0.591717215678263,106.3,1275.6,754.7944803191922,High
2202-CUYXZ,0.7410832796514394,84.85,1018.1999999999999,754.5709953410956,High
8931-GJJIQ,0.7546826460300675,83.3,999.5999999999999,754.3807729716555,High
8634-MPHTR,0.6279986270917696,100.05,1200.6,753.9751516863785,High
6015-VVHHE,0.7553311902684245,83.15,997.8000000000001,753.669461649834,High
7249-WBIYX,0.7335294168065899,85.6,1027.1999999999998,753.481416943729,High
9124-LHCJQ,0.7344424700755469,85.45,1025.4,753.0973088154658,High
8017-LXHFA,0.6623185681517383,94.75,1137.0,753.0562119885265,High
7120-RFMVS,0.742261539637016,84.5,1014.0,752.6532011919343,High
7142-HVGBG,0.6088250884110379,103.0,1236.0,752.5078092760428,High
0345-HKJVM,0.7013760394073119,89.3,1071.6,751.5945638288753,High
1200-TUZHR,0.7349338204133344,85.2,1022.4000000000001,751.3963379905932,High
1028-FFNJK,0.6168309792828566,101.5,1218.0,751.3001327665193,High
4952-YSOGZ,0.728303471503816,85.95,1031.4,751.1722005090359,High
7714-YXSMB,0.6221241673683302,100.5,1206.0,750.2817458462063,High
2876-GZYZC,0.7267183303882876,85.95,1031.4,749.5372859624799,High
7503-ZGUZJ,0.7374995192379067,84.65,1015.8000000000001,749.1520116418657,High
8709-KRDVL,0.6241879874155363,100.0,1200.0,749.0255848986435,High
5590-BYNII,0.6193564546516112,100.75,1209.0,748.8019536737979,High
1571-SAVHK,0.6241911782749465,99.95,1199.4,748.6548992229709,High
0195-IESCP,0.7315728737558198,85.25,1023.0,748.3990498522037,High
5923-GXUOC,0.5972474178474977,104.4,1252.8000000000002,748.2315650793452,High
0220-EBGCE,0.72609951421197,85.85,1030.1999999999998,748.0277195411715,High
7479-NITWS,0.6967470978392524,89.35,1072.1999999999998,747.0522383032462,High
0125-LZQXK,0.6139567692385576,101.35,1216.1999999999998,746.6942227479336,High
4716-HHKQH,0.5795942158595052,107.05,1284.6,744.5467296931204,High
2025-JKFWI,0.6264882259950916,99.0,1188.0,744.2680124821688,High
3990-QYKBE,0.6704630955348587,92.5,1110.0,744.2140360436932,High
6393-WRYZE,0.6347499995265665,97.65,1171.8000000000002,743.8000494452308,High
1304-NECVQ,0.7890539552143581,78.55,942.5999999999999,743.7622581850538,High
7613-LLQFO,0.7339159411997559,84.45,1013.4000000000001,743.7504148118327,High
5947-SGKCL,0.5883118981517474,105.35,1264.1999999999998,743.743901643439,High
6567-HOOPW,0.7821869993097256,79.2,950.4000000000001,743.3905241439633,High
4385-GZQXV,0.6550799219497113,94.45,1133.4,742.4675835378029,High
5167-ZFFMM,0.6805540772678647,90.85,1090.1999999999998,741.940055037426,High
1731-TVIUK,0.6607531922614645,93.5,1122.0,741.3650817173631,High
9801-GDWGV,0.5969814701801073,103.45,1241.4,741.0927970815852,High
5429-LWCMV,0.6925298851186628,89.15,1069.8000000000002,740.8684710999455,High
6507-ZJSUR,0.6820120635559838,90.45,1085.4,740.2558937836649,High
1641-RQDAY,0.6141648221641609,100.4,1204.8000000000002,739.9457777433812,High
1751-NCDLI,0.6237760870441554,98.85,1186.1999999999998,739.923194451777,High
4039-HEUNW,0.6385180763523252,96.5,1158.0,739.4039324159926,High
3254-YRILK,0.6984660953766251,88.2,1058.4,739.2565153466201,High
6900-PXRMS,0.5823786701937947,105.75,1269.0,739.0385324759255,High
8580-AECUZ,0.7781231381813476,79.1,949.1999999999999,738.5944827617351,High
4713-LZDRV,0.7723689903801797,79.6,955.1999999999999,737.7668596111477,High
8949-JTMAY,0.6233240639694482,98.6,1183.1999999999998,737.517032488651,High
9129-UXERG,0.5931190770672466,103.6,1243.1999999999998,737.3656366100009,High
4124-MMETB,0.6480889567736297,94.65,1135.8000000000002,736.0994371034886,High
5442-UTCVD,0.6676704709923655,91.85,1102.1999999999998,735.9063931277851,High
5889-LFOLL,0.7248060709086717,84.6,1015.1999999999999,735.8231231864834,High
4086-YQSNZ,0.7623430985843556,80.4,964.8000000000001,735.5086215141863,High
7279-BUYWN,0.541409621030641,113.2,1358.4,735.4508292080228,High
7508-MYBOG,0.7118061039315825,86.1,1033.1999999999998,735.4380665821109,High
9851-QXEEQ,0.5844944242651848,104.7,1256.4,734.3587946467783,High
5130-IEKQT,0.5772998979076784,105.95,1271.4,733.9790901998224,High
0114-PEGZZ,0.5686911858110808,107.55,1290.6,733.9528444077808,High
6161-UUUTA,0.7654387816127133,79.9,958.8000000000001,733.9027038102696,High
9190-MFJLN,0.6373988936174214,95.9,1150.8000000000002,733.5186467749287,High
4686-UXDML,0.6111595296229422,99.85,1198.1999999999998,732.2913483942092,High
8875-AKBYH,0.7226940176051271,84.35,1012.1999999999999,731.5108846199096,High
6712-OAWRH,0.6676977991548081,91.25,1095.0,731.1290900745148,High
1891-UAWWU,0.6703772003290223,90.8,1089.6,730.4429974785025,High
5366-IJEQJ,0.6857559512227983,88.7,1064.4,729.9186344815466,High
2657-VPXTA,0.6845907847070183,88.85,1066.1999999999998,729.9106946546227,High
3247-ZVOUO,0.7106826956659971,85.55,1026.6,729.5868553707126,High
8242-SOQUO,0.7176372999684874,84.7,1016.4000000000001,729.4065516879706,High
5095-AESKG,0.6636801996788498,91.5,1098.0,728.7208592473771,High
9957-YODKZ,0.7500959789125895,80.8,969.5999999999999,727.2930611536467,High
7394-FKDNK,0.6771010580769335,89.45,1073.4,726.8002757397805,High
4884-ZTHVF,0.694357566515163,87.1,1045.1999999999998,725.7425285216483,High
4813-HQMGZ,0.6695990633190336,90.25,1083.0,725.1757855745134,High
6956-SMUCM,0.6102291356070112,99.0,1188.0,724.9522131011292,High
4971-PUYQO,0.6383488115153093,94.55,1134.6,724.2705615452699,High
3951-NJCVI,0.6345600680165637,95.05,1140.6,723.7792135796925,High
4395-PZMSN,0.7048362275455566,85.55,1026.6,723.5848711982684,High
6907-NZZIJ,0.6080248742879273,99.15,1189.8000000000002,723.427995427776,High
9912-GVSEQ,0.6422630295330459,93.85,1126.1999999999998,723.3166238601162,High
9231-ZJYAM,0.7643795157455021,78.85,946.1999999999999,723.255897798394,High
4285-GYRQC,0.6985450472931647,86.25,1035.0,722.9941239484255,High
5357-TZHPP,0.7132283921042032,84.4,1012.8000000000001,722.357715523137,High
8374-XGEJJ,0.5957476955211897,101.0,1212.0,722.0462069716818,High
2004-OCQXK,0.7340655656848293,81.95,983.4000000000001,721.8800772944612,High
6833-JMZYP,0.6399093370182684,94.0,1128.0,721.8177321566067,High
4853-OITSN,0.6747064272928632,89.15,1069.8000000000002,721.8009359179052,High
0396-YCHWO,0.6295919933025901,95.4,1144.8000000000002,720.7569139328052,High
3588-WSTTJ,0.6063602238948407,99.05,1188.6,720.7197621214076,High
2249-YPRNG,0.5673492266947546,105.85,1270.1999999999998,720.6469877476773,High
3440-JPSCL,0.6005618989622562,99.95,1199.4,720.3139416153301,High
8808-ELEHO,0.7387030638918294,81.25,975.0,720.2354872945336,High
6127-ISGTU,0.706083905262544,84.95,1019.4000000000001,719.7819330246375,High
9133-AYJZG,0.6069587588266112,98.7,1184.4,718.8819539542384,High
9248-OJYKK,0.783157023573722,76.45,917.4000000000001,718.4682534265326,High
9185-TQCVP,0.7028672825472838,85.15,1021.8000000000001,718.1897893068146,High
0576-WNXXC,0.6259452265279092,95.55,1146.6,717.7087967369006,High
4633-MKHYU,0.6765228665276729,88.4,1060.8000000000002,717.6554568125555,High
5494-HECPR,0.7446830193651056,80.25,963.0,717.1297476485967,High
4391-RESHN,0.5742773070549395,104.05,1248.6,717.0426455887974,High
4614-NUVZD,0.7366587758700373,81.1,973.1999999999999,716.9163206767201,High
4706-AXVKM,0.7044189394707954,84.8,1017.5999999999999,716.8167128054813,High
0334-GDDSO,0.7340565746454787,81.35,976.1999999999999,716.5860281689163,High
6229-LSCKB,0.7476074549678114,79.7,956.4000000000001,715.011769931215,High
7439-DKZTW,0.7389440070936055,80.55,966.5999999999999,714.2632772566791,High
0899-LIIBW,0.5901256412430288,100.85,1210.1999999999998,714.1700510323134,High
9961-JBNMK,0.6148151296249768,96.8,1161.6,714.1692545723729,High
5959-BELXA,0.6186409596676417,96.15,1153.8000000000002,713.7879392645251,High
0654-HMSHN,0.5696237677842855,104.4,1252.8000000000002,713.624656280153,High
6894-LFHLY,0.785014865400518,75.75,909.0,713.5785126490708,High
8058-INTPH,0.7464673242118703,79.65,955.8000000000001,713.4734684817057,High
8938-UMKPI,0.5584673994762123,106.4,1276.8000000000002,713.0511756512279,High
7831-QGOXH,0.6972599419439024,85.2,1022.4000000000001,712.8785646434459,High
4009-ALQFH,0.5968669394491253,99.5,1194.0,712.6591257022556,High
7760-OYPDY,0.7361501858091922,80.65,967.8000000000001,712.4461498261363,High
9846-GKXAS,0.6533641621561959,90.8,1089.6,711.9055910853909,High
2472-OVKUP,0.6519207422624614,91.0,1092.0,711.8974505506079,High
0771-WLCLA,0.5251058650616608,112.95,1355.4,711.7284895045751,High
8258-GSTJK,0.7702567449268367,77.0,924.0,711.7172323123971,High
4988-IQIGL,0.786071287849652,75.35,904.1999999999999,710.7656584736552,High
8443-WVPSS,0.593191022763505,99.85,1198.1999999999998,710.7614834752316,High
9300-RENDD,0.740754456923085,79.95,959.4000000000001,710.6798259720077,High
6457-USBER,0.7326510710563815,80.8,969.5999999999999,710.3784784962675,High
0318-QUUOB,0.7344847965960436,80.55,966.5999999999999,709.9530043897357,High
4529-CKBCL,0.7376594009922667,80.2,962.4000000000001,709.9234075149575,High
1704-NRWYE,0.7306885400612064,80.85,970.1999999999999,708.9140215673824,High
0495-RVCBF,0.7408943685738787,79.7,956.4000000000001,708.5913741040576,High
6060-DRTNL,0.6958821891355528,84.85,1018.1999999999999,708.5472449778198,High
1981-INRFU,0.7401526337589743,79.75,957.0,708.3260705073384,High
2845-HSJCY,0.6765011830520674,87.25,1047.0,708.2967386555146,High
1761-AEZZR,0.7419568797761419,79.55,954.5999999999999,708.2720374343049,High
7074-IEVOJ,0.7432337945496168,79.4,952.8000000000001,708.153159446875,High
2514-GINMM,0.7421069266079416,79.5,954.0,707.9700079839763,High
1628-BIZYP,0.6939424390024991,85.0,1020.0,707.821287782549,High
0023-XUOPT,0.6267969895924755,94.1,1129.1999999999998,707.7791606478232,High
3834-XUIFC,0.692004812897072,85.2,1022.4000000000001,707.5057207059665,High
1771-OADNZ,0.614565655850762,95.9,1150.8000000000002,707.242156753057,High
5868-YWPDW,0.699631020414434,84.2,1010.4000000000001,706.9071830267442,High
1112-CUNAO,0.6555017657413268,89.85,1078.1999999999998,706.7620038222984,High
1833-VGRUM,0.7932611103448544,74.2,890.4000000000001,706.3196926510584,High
5240-IJOQT,0.787779904758609,74.7,896.4000000000001,706.1659066256173,High
6357-JJPQT,0.7306640203264136,80.5,966.0,705.8214436353156,High
9878-TNQGW,0.7262991466552954,80.95,971.4000000000001,705.526991060954,High
4234-XTNEA,0.735243593456196,79.95,959.4000000000001,705.3927035618746,High
9689-PTNPG,0.7324935706001877,80.25,963.0,705.3913084879807,High
5960-WPXQM,0.7434547841517507,79.05,948.5999999999999,705.2412082463507,High
7576-OYWBN,0.7726090263469808,76.05,912.5999999999999,705.0829974442546,High
0723-DRCLG,0.7888132029505753,74.45,893.4000000000001,704.725715516044,High
8740-CRYFY,0.743753680716878,78.95,947.4000000000001,704.6322371111703,High
1010-DIAUQ,0.6080983641680899,96.5,1158.0,704.1779057066482,High
3551-HUAZH,0.788565127207449,74.4,892.8000000000001,704.0309455708106,High
0168-XZKBB,0.6748774294053317,86.85,1042.1999999999998,703.3572569262366,High
7748-UMTRK,0.5780262568987672,101.3,1215.6,702.6487178861413,High
2952-QAYZF,0.6862371304503945,85.3,1023.5999999999999,702.4323267290238,High
8086-OVPWV,0.7292867088817995,80.2,962.4000000000001,701.8655286278439,High
2868-MZAGQ,0.7373837391074672,79.25,951.0,701.2519358912014,High
8861-HGGKB,0.6757991555396111,86.45,1037.4,701.0740439567926,High
4795-KTRTH,0.7211785324577472,81.0,972.0,700.9855335489303,High
4102-OQUPX,0.7847065659356115,74.4,892.8000000000001,700.586022067314,High
1678-FYZOW,0.7348557019803547,79.4,952.8000000000001,700.1705128468819,High
0148-DCDOS,0.615738390119458,94.7,1136.4,699.7251065317521,High
4803-AXVYP,0.5857320956693931,99.55,1194.6,699.715561486657,High
0147-ESWWR,0.5756801476317764,101.25,1215.0,699.4513793726084,High
6595-YGXIT,0.654974868646243,88.95,1067.4,699.1201747929998,High
2612-RRIDN,0.7192174482503026,81.0,972.0,699.0793596992942,High
8473-VUVJN,0.7905188713505554,73.65,883.8000000000001,698.6605784996209,High
0447-RXSGD,0.5841479277273633,99.65,1195.8000000000002,698.5240919763812,High
2832-KJCRD,0.5613731299537091,103.65,1243.8000000000002,698.2358990364236,High
3597-MVHJT,0.6080392174424842,95.6,1147.1999999999998,697.5425902500178,High
0886-QGENL,0.573943301107791,101.25,1215.0,697.3411108459661,High
6518-LGAOV,0.5532798979130815,105.0,1260.0,697.1326713704827,High
0722-TROQR,0.775012763339177,74.9,898.8000000000001,696.5814716892523,High
2789-HQBOU,0.7217858595914102,80.35,964.1999999999999,695.9459258180376,High
2609-IAICY,0.7515516674721177,77.15,925.8000000000001,695.7865337456866,High
5561-NWEVX,0.7317511677668105,79.2,950.4000000000001,695.4563098455767,High
4647-MUZON,0.6039155940947671,95.95,1151.4,695.3484150407149,High
3384-CTMSF,0.556186529051938,104.1,1249.1999999999998,694.7882120916809,High
6513-EECDB,0.7869492820574796,73.55,882.5999999999999,694.5614363439314,High
6331-EWIEB,0.678875721349709,85.25,1023.0,694.4898629407522,High
8739-WWKDU,0.6462673546296622,89.5,1074.0,694.0911388722573,High
4873-ILOLJ,0.6401197778303711,90.35,1084.1999999999998,694.0178631236882,High
4423-YLHDV,0.5537086244669722,104.4,1252.8000000000002,693.6861647322229,High
8922-LIEGH,0.6441937774117267,89.7,1076.4,693.4101820059826,High
0432-CAJZV,0.636970411290171,90.7,1088.4,693.2785956482221,High
8800-JOOCF,0.6871473357422423,84.05,1008.5999999999999,693.0568028296256,High
3049-NDXFL,0.6730986304868882,85.8,1029.6,693.0223499493001,High
8784-CGILN,0.5781108590862336,99.85,1198.1999999999998,692.692431357125,High
3211-AAPKX,0.585698160045054,98.55,1182.6,692.6466440692809,High
0434-CSFON,0.5742607121509195,100.5,1206.0,692.5584188540089,High
8276-MQBYC,0.5900905797820845,97.8,1173.6,692.5303044322543,High
1197-BVMVG,0.7747890402028951,74.45,893.4000000000001,692.1965285172665,High
4289-DTDKW,0.5694213055258429,101.3,1215.6,692.1885389972146,High
0235-KGSLC,0.674049099670623,85.55,1026.6,691.9788057218615,High
6005-OBZPH,0.6458831012847371,89.15,1069.8000000000002,690.9657417544119,High
0021-IKXGC,0.798608159099279,72.1,865.1999999999999,690.9557792526961,High
4123-DVHPH,0.6539051156703702,88.05,1056.6,690.9161452173131,High
3106-ULWFW,0.6757405289869407,85.2,1022.4000000000001,690.8771168362482,High
7314-OXENN,0.7018205389378593,82.0,984.0,690.5914103148536,High
6137-NICCO,0.6118032050269266,94.05,1128.6,690.4810971933894,High
8752-STIVR,0.7283198049779124,79.0,948.0,690.447175119061,High
2074-GKOWZ,0.6424794271186969,89.55,1074.6,690.4083923817516,High
9837-BMCLM,0.7325735417730992,78.5,942.0,690.0842763502594,High
7563-BIUPC,0.71347635311056,80.6,967.1999999999999,690.0743287285336,High
6402-ZFPPI,0.5590254896346892,102.8,1233.6,689.6138440133526,High
2688-BHGOG,0.7221013949947437,79.55,954.5999999999999,689.3179916619822,High
2959-MJHIC,0.7145525196955655,80.35,964.1999999999999,688.9715394904642,High
9885-CSMWE,0.7311873510953083,78.45,941.4000000000001,688.3397723211233,High
1792-UXAFY,0.6431228498550878,89.15,1069.8000000000002,688.0128247749731,High
6275-YDUVO,0.665115907650648,86.2,1034.4,687.9958948738304,High
6242-MBHPK,0.6025517557717288,95.1,1141.1999999999998,687.6320636866968,High
4210-QFJMF,0.723050062239162,79.15,949.8000000000001,686.7529491147561,High
4806-KEXQR,0.7159739104284863,79.9,958.8000000000001,686.4757853188328,High
4902-OHLSK,0.5796105256542202,98.65,1183.8000000000002,686.142940269466,High
2057-ZBLPD,0.6609743499562479,86.5,1038.0,686.0913752545854,High
6941-PMGEP,0.7145901964177667,80.0,960.0,686.006588561056,High
9600-NAXZN,0.5636964950406842,101.4,1216.8000000000002,685.9058951655046,High
3644-QXEHN,0.5891812151934038,97.0,1164.0,685.806934485122,High
5630-IXDXV,0.5372201667718685,106.35,1276.1999999999998,685.6003768342584,High
7379-FNIUJ,0.5699534924917058,100.2,1202.4,685.3120793720271,High
8063-GBATB,0.6690033331318832,85.25,1023.0,684.3904097939165,High
4325-NFSKC,0.6287015902544321,90.6,1087.1999999999998,683.5243689246184,High
9121-PHQSR,0.6694699130616159,85.05,1020.5999999999999,683.260993270685,High
5569-OUICF,0.5617302998612936,101.3,1215.6,682.8393525113885,High
1268-ASBGA,0.666596928107272,85.35,1024.1999999999998,682.7285737674679,High
8816-VXNZD,0.7575039434960072,75.1,901.1999999999999,682.6625538786017,High
6821-BUXUX,0.5885668011250006,96.65,1159.8000000000002,682.6197759447758,High
5144-TVGLP,0.6000470651425073,94.75,1137.0,682.2535130670308,High
9314-IJWSQ,0.6703669615629333,84.8,1017.5999999999999,682.1654200864408,High
0637-KVDLV,0.7428197141983007,76.5,918.0,681.90849763404,High
5655-JSMZM,0.5906163840633206,96.2,1154.4,681.8075537626974,High
1618-CFHME,0.7483064361313477,75.9,910.8000000000001,681.5575020284316,High
8266-VBFQL,0.6277697740568368,90.4,1084.8000000000002,681.0046508968567,High
8225-BTJAU,0.7160900152235685,79.25,951.0,681.0016044776137,High
5956-VKDTT,0.7629363047683997,74.35,892.1999999999999,680.6917711143661,High
5834-ASPWA,0.751810895986957,75.45,905.4000000000001,680.689585226591,High
7817-BOQPW,0.7506949742389721,75.55,906.5999999999999,680.5800636450521,High
3427-GGZZI,0.636397389193719,89.1,1069.1999999999998,680.4360885259242,High
7493-TPUWZ,0.7163917698399275,79.15,949.8000000000001,680.4289029939631,High
1723-HKXJQ,0.5570963767751664,101.75,1221.0,680.2146760424782,High
1302-UHBDD,0.6300485573857756,89.95,1079.4,680.0744128422062,High
5339-PXDVH,0.6250948993203433,90.65,1087.8000000000002,679.9782314806696,High
6646-VRFOL,0.5456115989674789,103.85,1246.1999999999998,679.9411746332721,High
5445-UTODQ,0.6986630798388724,81.1,973.1999999999999,679.9389092991906,High
9787-XVQIU,0.7522494201724927,75.3,903.5999999999999,679.7325760678643,High
2379-ENZGV,0.6673891582360313,84.85,1018.1999999999999,679.535640915927,High
3138-BKYAV,0.6632549319198792,85.35,1024.1999999999998,679.3057012723401,High
7994-UYIVZ,0.6608248442110127,85.65,1027.8000000000002,679.1957748800791,High
1379-FRVEB,0.6217944312909024,91.0,1092.0,678.9995189696654,High
8519-IMDHU,0.6609297475024423,85.6,1027.1999999999998,678.9070366345086,High
0637-YLETY,0.5917804848279328,95.6,1147.1999999999998,678.8905721946044,High
2114-MGINA,0.6299395943904279,89.8,1077.6,678.822906915125,High
5980-NOPLP,0.5885806515325449,96.1,1153.1999999999998,678.7512073473307,High
4415-IJZTP,0.7592276178970779,74.5,894.0,678.7494903999876,High
7130-VTEWQ,0.7465328944716898,75.75,909.0,678.598401074766,High
1342-JPNKI,0.6571367635508191,86.05,1032.6,678.5594220425758,High
1452-VOQCH,0.7528333102374419,75.1,901.1999999999999,678.4533791859826,High
3753-TSEMP,0.6413190399555304,88.15,1057.8000000000002,678.3872804649602,High
9436-ZBZCT,0.628372539112905,89.95,1079.4,678.2653187184698,High
2603-HVKCG,0.5573071239813313,101.4,1216.8000000000002,678.1313084604841,High
5835-BEQEU,0.7342150572809742,76.95,923.4000000000001,677.9741838932517,High
6437-UKHMV,0.708731518524918,79.7,956.4000000000001,677.8308243172316,High
7089-IVVAZ,0.5464087671986783,103.35,1240.1999999999998,677.6561530798007,High
1157-BQCUW,0.7532706207809877,74.95,899.4000000000001,677.4915963304204,High
6358-LYNGM,0.7534162752866523,74.9,898.8000000000001,677.1705482276432,High
7901-TBKJX,0.5583626877327965,101.05,1212.6,677.070595144789,High
4581-SSPWD,0.7437060805800626,75.8,909.5999999999999,676.4750508956249,High
9971-ZWPBF,0.5176086080844247,108.9,1306.8000000000002,676.4109290447262,High
1932-UEDCX,0.5600338026201961,100.6,1207.1999999999998,676.0728065231007,High
9208-OLGAQ,0.6630495580505896,84.95,1019.4000000000001,675.9127194767711,High
3422-GALYP,0.7077508645061885,79.45,953.4000000000001,674.7696742202002,High
4077-CROMM,0.5394124400146647,104.2,1250.4,674.4813149943368,High
2077-MPJQO,0.7451033381779996,75.4,904.8000000000001,674.1695003834541,High
7005-CCBKV,0.6649299367337613,84.4,1012.8000000000001,673.4410399239536,High
3519-ZKXGG,0.7397616077249783,75.85,910.1999999999999,673.3310153512753,High
9692-TUSXH,0.5841504823330377,96.05,1152.6,673.2918459370592,High
1320-HTRDR,0.7430987292125897,75.5,906.0,673.2474486666063,High
8999-BOHSE,0.6251874857418742,89.7,1076.4,672.9518096525535,High
7480-QNVZJ,0.5859463262313753,95.7,1148.4,672.9007610441115,High
7903-CMPEY,0.6980717048113083,80.3,963.5999999999999,672.6618947561766,High
5449-FIBXJ,0.5422798612347052,103.3,1239.6,672.2101159865405,High
0674-DGMAQ,0.5990314159451984,93.5,1122.0,672.1132486905126,High
8063-RJYNF,0.593655912920931,94.25,1131.0,671.4248375135729,High
8059-UDZFY,0.5304832140206631,105.35,1264.1999999999998,670.6368791649222,High
5288-AHOUP,0.7118399255012191,78.5,942.0,670.5532098221483,High
8621-MNIHH,0.592818954940487,94.25,1131.0,670.4782380376907,High
9601-BRXPO,0.5322739082562508,104.95,1259.4,670.3457600579222,High
7638-QVMVY,0.706994022252003,79.0,948.0,670.2303330948989,High
5628-FCGYG,0.6640986430811986,84.1,1009.1999999999999,670.2083505975455,High
4090-KPJIP,0.7442894906258976,74.95,899.4000000000001,669.4139678689323,High
9391-EOYLI,0.6933705311152197,80.45,965.4000000000001,669.3799107386332,High
6088-BXMRG,0.5642255874443469,98.85,1186.1999999999998,669.2843918264842,High
2038-OEQZH,0.6479851318761808,86.05,1032.6,669.1094471753443,High
4749-OJKQU,0.7363878336968106,75.65,907.8000000000001,668.4928754299647,High
9334-GWGOW,0.7439527087522112,74.85,898.1999999999999,668.2183230012361,High
5919-TMRGD,0.7014090876438819,79.35,952.1999999999999,667.8817332545043,High
9600-UDOPK,0.591717317594631,94.05,1128.6,667.8121646373005,High
8443-ZRDBZ,0.7312078775651161,76.05,912.5999999999999,667.3003090659248,High
3198-VELRD,0.655380833826608,84.75,1017.0,666.5223080016602,High
2026-TGDHM,0.7000722560942779,79.3,951.5999999999999,666.1887588993148,High
6618-RYATB,0.6975923652708458,79.55,954.5999999999999,665.9216718875493,High
4128-ETESU,0.5563795773562913,99.7,1196.4,665.652526349067,High
9992-RRAMN,0.6518310522644737,85.1,1021.1999999999999,665.6498705724805,High
0258-NOKBL,0.6136133765875723,90.4,1084.8000000000002,665.6477909221985,High
9317-WZPGV,0.6951147803021281,79.75,957.0,665.2248447491367,High
9306-CPCBC,0.7462901908466032,74.25,891.0,664.9445600443235,High
8035-PWSEV,0.6203677218734881,89.25,1071.0,664.4138301265058,High
6407-UTSLV,0.6605003558255659,83.8,1005.5999999999999,664.199157818189,High
0689-NKYLF,0.6652602189693977,83.2,998.4000000000001,664.1958026190467,High
6877-TJMBR,0.6520918615250679,84.8,1017.5999999999999,663.568678287909,High
8844-TONUD,0.5721186994986159,96.65,1159.8000000000002,663.5432676784949,High
7594-RQHXR,0.694585313511551,79.6,955.1999999999999,663.4678914662334,High
9050-QLROH,0.6095186252201844,90.7,1088.4,663.4000716896487,High
2786-GCDPI,0.5265944562925189,104.95,1259.4,663.1930582547983,High
0404-SWRVG,0.7421627961222631,74.4,892.8000000000001,662.6029443779565,High
6661-HBGWL,0.5270133223379919,104.75,1257.0,662.4557461788559,High
6502-HCJTI,0.5828207194958761,94.7,1136.4,662.3174656351136,High
7240-FQLHE,0.5533038385392738,99.75,1197.0,662.3046947315107,High
0709-TVGUR,0.7401436660277989,74.55,894.5999999999999,662.1325236284688,High
3757-NJYBX,0.5184843278637694,106.35,1276.1999999999998,661.6896992197425,High
2860-RANUS,0.6425976843652417,85.8,1029.6,661.6185758224527,High
0875-CABNR,0.6516787270065705,84.6,1015.1999999999999,661.5842436570703,High
5692-ICXLW,0.6077675157565049,90.7,1088.4,661.49416414938,High
4484-GLZOU,0.5246312940237118,105.05,1260.6,661.350209246291,High
8903-WMRNW,0.5414257191785984,101.75,1221.0,661.0808031170686,High
4143-OOBWZ,0.6775592804441583,81.3,975.5999999999999,661.0268340013207,High
1251-STYSZ,0.6863298855260327,80.25,963.0,660.9356797615695,High
2018-QKYGT,0.6793225197505913,81.05,972.5999999999999,660.709082709425,High
7861-UVUFT,0.6531162183614835,84.3,1011.5999999999999,660.6923664944766,High
6689-TCZHQ,0.6955010725809129,78.95,947.4000000000001,658.9177161631569,High
7056-IMHCC,0.5387823799254371,101.9,1222.8000000000002,658.8230941728245,High
2697-NQBPF,0.5210942323082365,105.35,1264.1999999999998,658.7673284840724,High
2516-VQRRV,0.7273183041985857,75.45,905.4000000000001,658.5139926213996,High
2982-IHMFT,0.7366879484384949,74.45,893.4000000000001,658.1570131349514,High
3640-PHQXK,0.6097598994384688,89.9,1078.8000000000002,657.8089795142203,High
6860-YRJZP,0.7401399255297343,74.05,888.5999999999999,657.6883378257219,High
8800-ZKRFW,0.5097771927341948,107.5,1290.0,657.6125786271112,High
6267-DCFFZ,0.6084426930067419,90.05,1080.6,657.4831740630852,High
8429-XIBUM,0.5404274523507494,101.35,1216.1999999999998,657.2678675489814,High
9019-QVLZD,0.6882320863248331,79.55,954.5999999999999,656.9863496056856,High
9415-DPEWS,0.6195923473100561,88.35,1060.1999999999998,656.8918066181213,High
6000-APYLU,0.6773651342288715,80.8,969.5999999999999,656.7732341483137,High
0872-NXJYS,0.6878602306452959,79.55,954.5999999999999,656.6313761739993,High
0135-NMXAP,0.6094754703028031,89.75,1077.0,656.405081516119,High
3191-CSNMG,0.6777532606397177,80.7,968.4000000000001,656.3362576035028,High
9102-IAYHT,0.6397727951439331,85.45,1025.4,656.0230241405891,High
9661-ACXBS,0.5196212591008705,105.2,1262.4,655.969877488939,High
7363-QTBIW,0.6852785780667481,79.75,957.0,655.811599209878,High
3771-PZOBW,0.6023381570211362,90.7,1088.4,655.5848501018047,High
8118-TJAFG,0.5379255980180409,101.5,1218.0,655.1933783859738,High
8083-YTZES,0.7332765377543742,74.35,892.1999999999999,654.2293269844525,High
7341-LXCAF,0.7300188520683488,74.65,895.8000000000001,653.9508876828269,High
1236-WFCDV,0.6019125324791754,90.45,1085.4,653.315862752897,High
9524-EGPJC,0.6042350041517519,90.1,1081.1999999999998,653.298886488874,High
3908-BLSYF,0.6486171650204634,83.9,1006.8000000000001,653.0277617426026,High
5647-FXOTP,0.5137160820746791,105.9,1270.8000000000002,652.8303971005023,High
8775-ERLNB,0.7321024594045381,74.3,891.5999999999999,652.7425528050861,High
6435-SRWBJ,0.6564834573675803,82.75,993.0,651.8880731660072,High
2013-SGDXK,0.6442240831811913,84.3,1011.5999999999999,651.697082546093,High
0495-ZBNGW,0.6796354756123392,79.9,958.8000000000001,651.6344940171108,High
0946-CLJTI,0.5501528611408983,98.7,1184.4,651.6010487352801,High
7928-VJYAB,0.5992841732548182,90.6,1087.1999999999998,651.5417531626382,High
3269-ATYWD,0.5675322486476441,95.65,1147.8000000000002,651.413514997766,High
6319-IEJWJ,0.6017318596264558,90.2,1082.4,651.3145648596758,High
1184-PJVDB,0.6786645692775259,79.95,959.4000000000001,651.1107877648584,High
8714-CTZJW,0.6548459992103758,82.85,994.1999999999999,651.0478924149555,High
2737-YNGYW,0.6730572131449082,80.55,966.5999999999999,650.5771022258682,High
2867-UIMSS,0.6733241093905046,80.5,966.0,650.4310896712274,High
7235-NXZCP,0.7240754651175745,74.85,898.1999999999999,650.3645827686054,High
0840-DFEZH,0.7190967810478818,75.35,904.1999999999999,650.2073094234946,High
9851-KIELU,0.4921033520585577,110.1,1321.1999999999998,650.1669487397663,High
9054-FOWNV,0.6103388189175071,88.75,1065.0,650.010842147145,High
8183-ONMXC,0.6706648046460627,80.75,969.0,649.8741957020347,High
5091-HFAZW,0.5937305794588734,91.15,1093.8000000000002,649.4225078121159,High
2777-PHDEI,0.6932553710444369,78.05,936.5999999999999,649.3029805202195,High
4521-YEEHE,0.6089738669726908,88.85,1066.1999999999998,649.2879369662828,High
9897-KXHCM,0.673640992196834,80.3,963.5999999999999,649.1204600808692,High
5216-WASFJ,0.6371899536795025,84.85,1018.1999999999999,648.7868108364694,High
6372-RFVNS,0.6858169388315222,78.8,945.5999999999999,648.5084973590873,High
1569-TTNYJ,0.686120094544058,78.75,945.0,648.3834893441348,High
7295-JOMMD,0.5506651429164746,98.1,1177.1999999999998,648.2430062412739,High
4229-CZMLL,0.7211777161019568,74.9,898.8000000000001,648.1945312324389,High
5117-IFGPS,0.6403346234744876,84.3,1011.5999999999999,647.7625051067915,High
1285-OKIPP,0.6753897277662007,79.9,958.8000000000001,647.5636709822332,High
5275-SQEIZ,0.6671624550248934,80.85,970.1999999999999,647.2810138651515,High
4631-OACRM,0.6783283158661295,79.4,952.8000000000001,646.3112193572482,High
6711-FLDFB,0.7190760474003471,74.9,898.8000000000001,646.3055514034321,High
1980-KXVPM,0.717603635356284,75.05,900.5999999999999,646.2738340018693,High
5393-RXQSZ,0.6764199889239726,79.6,955.1999999999999,646.1163734201785,High
6101-IMRMM,0.5697488991962042,94.5,1134.0,646.0952516884955,High
6032-KRXXO,0.5964991643149606,90.25,1083.0,646.0085949531024,High
8185-UPYBR,0.7125608118135224,75.5,906.0,645.5800955030513,High
8943-URTMR,0.6754072943955289,79.65,955.8000000000001,645.5542919832466,High
2880-FPNAE,0.7248878744951336,74.2,890.4000000000001,645.440163450467,High
9658-WYUFB,0.5691676651856872,94.4,1132.8000000000002,644.7531311223465,High
2685-SREOM,0.6026382859894328,89.1,1069.1999999999998,644.3408553799014,High
1320-REHCS,0.4846165649536926,110.75,1329.0,644.0554148234575,High
4822-NGOCH,0.6354523047200747,84.45,1013.4000000000001,643.9673656033239,High
6559-PDZLR,0.5439098044800839,98.65,1183.8000000000002,643.8804265435234,High
6772-KSATR,0.6564764531110903,81.7,980.4000000000001,643.6095146301129,High
4583-PARNH,0.5856824835217507,91.55,1098.6,643.4307763969953,High
1754-GKYPY,0.5968996867599656,89.75,1077.0,642.860962640483,High
9921-ZVRHG,0.6658780922735557,80.45,965.4000000000001,642.8387102808907,High
2504-DSHIH,0.6167497861002569,86.8,1041.6,642.4065772020275,High
1219-NNDDO,0.6965712028270049,76.85,922.1999999999999,642.3779632470639,High
4238-JSSWH,0.5242114592793873,102.05,1224.6,641.9493530335376,High
1508-DFXCU,0.6565540021745379,81.45,977.4000000000001,641.7158817253934,High
4822-YCXMX,0.6304288912578221,84.8,1017.5999999999999,641.5244397439596,High
0952-KMEEH,0.544622420956101,98.15,1177.8000000000002,641.4562874020959,High
8734-DKSTZ,0.6218970095641292,85.95,1031.4,641.424575664443,High
7198-GLXTC,0.6764393804767486,79.0,948.0,641.2645326919576,High
3801-HMYNL,0.5994235780683985,89.15,1069.8000000000002,641.2633438175728,High
0742-NXBGR,0.6484630299159357,82.3,987.5999999999999,640.4220883449781,High
7321-PKUYW,0.5919772940696916,90.15,1081.8000000000002,640.4010367245925,High
4283-FUTGF,0.6682708302015263,79.85,958.1999999999999,640.3371094991024,High
3223-WZWJM,0.6353509839507028,83.95,1007.4000000000001,640.052581231938,High
6786-OBWQR,0.6596192893796102,80.85,970.1999999999999,639.9626345560978,High
6481-ESCNL,0.5302753821079468,100.55,1206.6,639.8302760514485,High
6645-MXQJT,0.5490633086296074,97.1,1165.1999999999998,639.7685672152185,High
3199-XGZCY,0.7083699997104972,75.25,903.0,639.658109738579,High
0122-OAHPZ,0.7205891382999539,73.85,886.1999999999999,638.5860943614191,High
6110-OHIHY,0.6713069693611987,79.25,951.0,638.4129278624999,High
9274-CNFMO,0.7097503699245732,74.95,899.4000000000001,638.3494827101612,High
5649-ANRML,0.5589703730004216,95.1,1141.1999999999998,637.896989668081,High
3143-JQEGI,0.6013126341996072,88.35,1060.1999999999998,637.5116547784235,High
3295-YVUSR,0.7310759733654559,72.6,871.1999999999999,636.9133879959852,High
2018-PZKMU,0.5146930448510856,103.1,1237.1999999999998,636.778235089763,High
2692-BUCFV,0.5229793514964705,101.45,1217.4,636.6750625118032,High
6960-HVYXR,0.6974900426681815,76.0,912.0,636.1109189133815,High
8182-BJDSI,0.5891717089754217,89.95,1079.4,635.9519426680703,High
7354-OIJLX,0.6986170041794335,75.85,910.1999999999999,635.8811972041203,High
5928-QLDHB,0.6946537654441461,76.25,915.0,635.6081953813937,High
1965-AKTSX,0.6708888851895085,78.95,947.4000000000001,635.6001298285404,High
7426-RHZGU,0.5522916169289847,95.9,1150.8000000000002,635.5771927618756,High
2272-QAGFO,0.7126863459743312,74.3,891.5999999999999,635.4311460707137,High
3647-GMGDH,0.5591586940191271,94.7,1136.4,635.4279398833361,High
1226-IENZN,0.672154326094169,78.75,945.0,635.1858381589898,High
3312-UUMZW,0.5353797091873118,98.85,1186.1999999999998,635.0674110379891,High
0923-PNFUB,0.6312181198833594,83.75,1005.0,634.3742104827762,High
2824-MYYBN,0.554788736075521,95.25,1143.0,634.1235253343206,High
6692-UDPJC,0.57636241476259,91.65,1099.8000000000002,633.8833837558966,High
4282-YMKNA,0.7064003223910487,74.75,897.0,633.6410891847706,High
5183-SNMJQ,0.5551145638086189,95.1,1141.1999999999998,633.4967402183958,High
8372-JUXUI,0.7099195423537913,74.35,892.1999999999999,633.3902156880525,High
9050-IKDZA,0.6475322201811049,81.5,978.0,633.2865113371206,High
4612-SSVHJ,0.6478108698051374,81.45,977.4000000000001,633.1703441475413,High
4062-HBMOS,0.5118873893765549,103.05,1236.6,632.9999457030477,High
8541-QVFKM,0.7176212694488333,73.5,882.0,632.941959653871,High
9741-YLNTD,0.599573367694883,87.95,1055.4,632.7897322651796,High
5318-IXUZF,0.605073126406427,87.15,1045.8000000000002,632.7854755958414,High
7517-LDMPS,0.6232770502955558,84.6,1015.1999999999999,632.7508614600482,High
3030-YDNRM,0.7041822502207754,74.85,898.1999999999999,632.4964971483005,High
5385-SUIRI,0.5054762100778252,104.2,1250.4,632.0474530813126,High
9507-EXLTT,0.6631683028938558,79.35,952.1999999999999,631.4688580155293,High
8010-EZLOU,0.6558713174994504,80.2,962.4000000000001,631.2105559614711,High
6918-UMQCG,0.6558166685355331,80.2,962.4000000000001,631.1579617985972,High
8361-LTMKD,0.7068058333825613,74.4,892.8000000000001,631.0362480439508,High
0928-XUTSN,0.6531958148256359,80.5,966.0,630.9871571215643,High
0848-ZGQIJ,0.5555233259847028,94.65,1135.8000000000002,630.9633936534256,High
7270-BDIOA,0.5842230772267819,90.0,1080.0,630.9609234049244,High
8565-CLBZW,0.5851511068543666,89.85,1078.1999999999998,630.9099234103779,High
9685-WKZGT,0.7014760998462257,74.95,899.4000000000001,630.9076042016954,High
3797-FKOGQ,0.6092681192002096,86.2,1034.4,630.2269425006969,High
9606-PBKBQ,0.6178348201757049,85.0,1020.0,630.191516579219,High
0611-DFXKO,0.5900317809831073,89.0,1068.0,630.1539420899586,High
3352-ALMCK,0.5114828092509848,102.65,1231.8000000000002,630.0445244353631,High
6996-KNSML,0.7009773395417207,74.9,898.8000000000001,630.0384327800986,High
7180-PISOG,0.7046732189777571,74.5,894.0,629.9778577661149,High
5569-KGJHX,0.6145914928560405,85.35,1024.1999999999998,629.4646069831566,High
5701-YVSVF,0.6327216955799918,82.9,994.8000000000001,629.4315427629759,High
0093-EXYQL,0.5728762190875676,91.55,1098.6,629.3618142896017,High
5159-YFPKQ,0.6913374493858361,75.8,909.5999999999999,628.8405439613564,High
3878-AVSOQ,0.7353989256730749,71.25,855.0,628.766081450479,High
5480-TBGPH,0.5275936743550804,99.3,1191.6,628.6806223615138,High
7625-XCQRH,0.684619093679722,76.5,918.0,628.4803279979848,High
8065-YKXKD,0.700360012345405,74.75,897.0,628.2229310738282,High
9488-HGMJH,0.735703871377833,71.15,853.8000000000001,628.1439653823938,High
8644-XLFBW,0.7292175727243939,71.65,859.8000000000001,626.981269028434,High
3276-HDUEG,0.6959054579625207,75.05,900.5999999999999,626.7324554410461,High
5228-EXCET,0.64595273650729,80.85,970.1999999999999,626.7033449593728,High
8708-XPXHZ,0.5543873760096366,94.2,1130.4,626.6794898412933,High
5899-OUVKV,0.5525452554067899,94.5,1134.0,626.5863196312997,High
2587-EKXTS,0.4682735450442548,111.5,1338.0,626.5500032692129,High
0137-OCGAB,0.6510102320151019,80.2,962.4000000000001,626.5322472913341,High
2959-FENLU,0.611924183659886,85.3,1023.5999999999999,626.3655943942592,High
1894-IGFSG,0.5847229891944049,89.25,1071.0,626.2383214272077,High
7181-OQCUT,0.5023456256775488,103.85,1246.1999999999998,626.0231187193613,High
8107-KNCIM,0.6945933881757678,75.1,901.1999999999999,625.9675614240018,High
8481-YYXWG,0.5835341298421861,89.35,1072.1999999999998,625.6652940167918,High
3370-HXOPH,0.6844878552804513,76.1,913.1999999999999,625.0743094421081,High
8051-HJRLT,0.7375288103478954,70.55,846.5999999999999,624.3918908405282,High
1513-XNPPH,0.581909589180821,89.4,1072.8000000000002,624.2726072731849,High
0013-EXCHZ,0.6197526272388136,83.9,1006.8000000000001,623.9669451040376,High
9095-HFAFX,0.6419410783353285,81.0,972.0,623.9667281419394,High
8337-MSSXB,0.6014262014544682,86.3,1035.6,622.8369742262472,High
0225-ZORZP,0.615655705531008,84.3,1011.5999999999999,622.7973117151677,High
1597-LHYNC,0.5459955250781564,95.0,1140.0,622.4348985890983,High
9605-WGJVW,0.7385896022240813,70.2,842.4000000000001,622.1878809135661,High
2254-DLXRI,0.6547407579098987,79.15,949.8000000000001,621.8727718628219,High
1846-XWOQN,0.7387409176039432,70.15,841.8000000000001,621.8721044389995,High
6376-GAHQE,0.6656224215712695,77.85,934.1999999999999,621.8244662318799,High
1766-GKNMI,0.6101332320233607,84.9,1018.8000000000001,621.6037367853999,High
4559-UWIHT,0.6265884119921343,82.65,991.8000000000001,621.4503870137988,High
9696-RMYBA,0.6463632353057167,80.1,961.1999999999999,621.2843417758548,High
0378-NHQXU,0.5865805285185739,88.25,1059.0,621.1887797011698,High
4659-NZRUF,0.543800471998586,95.15,1141.8000000000002,620.9113789279857,High
3420-YJLQT,0.6503638152450989,79.55,954.5999999999999,620.8372980329714,High
8000-REIQB,0.7393456127417146,69.95,839.4000000000001,620.6067073353953,High
0793-TWELN,0.6452185360350783,80.15,961.8000000000001,620.5711879585383,High
0581-MDMPW,0.5811655274818713,88.95,1067.4,620.3360840341495,High
5550-VFRLC,0.7396476202773954,69.85,838.1999999999999,619.9726353165128,High
5685-IIXLY,0.6178564416870805,83.6,1003.1999999999999,619.8335823004792,High
0925-VYDLG,0.6863735186621207,75.25,903.0,619.795287351895,High
9058-MJLZC,0.5459655969099028,94.6,1135.1999999999998,619.7801456121215,High
2135-DQWAQ,0.6054827218551125,85.3,1023.5999999999999,619.7721140908932,High
3003-CMDUU,0.5423385518826898,95.15,1141.8000000000002,619.2421585396553,High
4342-HENTK,0.7302742597295808,70.65,847.8000000000001,619.1265173987387,High
2774-LVQUS,0.6210405011602379,83.05,996.5999999999999,618.928963456293,High
4871-JTKJF,0.7402509547039484,69.65,835.8000000000001,618.7017479415601,High
6856-RAURS,0.6881252478059288,74.9,898.8000000000001,618.4869727279688,High
2636-ALXXZ,0.7404016464259681,69.6,835.1999999999999,618.3834550949684,High
8375-DKEBR,0.7404016464259681,69.6,835.1999999999999,618.3834550949684,High
6212-ATMLK,0.538412317651927,95.7,1148.4,618.312705591473,High
3707-GNWHM,0.6932068070967434,74.25,891.0,617.6472651231984,High
1977-STDKI,0.7049744990394012,73.0,876.0,617.5576611585154,High
5804-LEPIM,0.7310165227151052,70.35,844.1999999999999,617.1241484760917,High
9603-OAIHC,0.7341419729538489,70.05,840.5999999999999,617.1197424650053,High
7825-ECJRF,0.4823550066683776,106.6,1279.1999999999998,617.0285245301885,High
5940-NFXKV,0.6145778220958065,83.65,1003.8000000000001,616.9132178197706,High
5934-RMPOV,0.6065221408601009,84.75,1017.0,616.8330172547227,High
9492-TOKRI,0.5710912861448679,90.0,1080.0,616.7785890364573,High
0093-XWZFY,0.49170965257022947,104.5,1254.0,616.6039043230678,High
0524-IAVZO,0.6045001517854236,85.0,1020.0,616.590154821132,High
2761-OCIAX,0.687724896887294,74.7,896.4000000000001,616.4765975697704,High
7206-GZCDC,0.7414548977848053,69.25,831.0,616.1490200591733,High
9172-JITSM,0.565376548339307,90.8,1089.6,616.0342870705088,High
3904-UKFRE,0.6407648673860037,80.1,961.1999999999999,615.9031905314267,High
8393-DLHGA,0.5350405239392078,95.9,1150.8000000000002,615.7246349492403,High
5539-TMZLF,0.7350589121965253,69.75,837.0,615.2443095084917,High
1363-TXLSL,0.7288568946050358,70.3,843.5999999999999,614.8636762888082,High
1602-IJQQE,0.6799659716970964,75.35,904.1999999999999,614.8252316085145,High
8062-YBDOE,0.735364108746839,69.65,835.8000000000001,614.6173220906081,High
7508-SMHXL,0.5753184125699997,89.0,1068.0,614.4400646247597,High
0402-CQAJN,0.5024490693139837,101.9,1222.8000000000002,614.3947219571394,High
2506-TNFCO,0.7361107319190767,69.55,834.5999999999999,614.3580168596613,High
4690-PKDQG,0.5354276783274385,95.55,1146.6,613.921375970241,High
7422-WNBTY,0.5478716479896969,93.35,1120.1999999999998,613.7258200780584,High
3934-HXCFZ,0.5151886318131174,99.25,1191.0,613.5896604894227,High
5666-CYCYZ,0.5709288078395044,89.55,1074.6,613.5200969043314,High
2800-QQUSO,0.5094788465683864,100.3,1203.6,613.2087397297098,High
6365-MTGZX,0.531681510653842,96.0,1152.0,612.4971002732259,High
6168-WFVVF,0.7256551740331227,70.3,843.5999999999999,612.1627048143423,High
5276-KQWHG,0.7329181908520008,69.6,835.1999999999999,612.133272999591,High
9278-VZKCD,0.467518438748077,109.1,1309.1999999999998,612.0751400089823,High
9367-WXLCH,0.6034310671278874,84.5,1014.0,611.8791020676779,High
7952-OBOYL,0.5673288080665211,89.85,1078.1999999999998,611.693920857323,High
2038-LLMLM,0.49060547152632894,103.85,1246.1999999999998,611.392538616111,High
3174-RKMOW,0.4633411111931249,109.95,1319.4,611.332262108209,High
8699-ASUFO,0.6846233661687727,74.4,892.8000000000001,611.2317413154803,High
2055-PDADH,0.7234273296504385,70.4,844.8000000000001,611.1514080886906,High
2276-YDAVZ,0.6780337261404691,75.1,901.1999999999999,611.0439939977907,High
0947-IDHRQ,0.633963337806527,80.3,963.5999999999999,610.8870723103694,High
5482-VXSXJ,0.5461655138987438,93.2,1118.4,610.8315107443551,High
0315-LVCRK,0.6000229525116936,84.8,1017.5999999999999,610.5833564758993,High
5119-KEPFY,0.5354885049603596,95.0,1140.0,610.45689565481,High
3317-VLGQT,0.6513536218863463,78.1,937.1999999999999,610.4486144318837,High
1024-VRZHF,0.6787004823895312,74.95,899.4000000000001,610.4232138611444,High
0112-QAWRZ,0.5600501621382856,90.8,1089.6,610.2306566658759,High
9093-FPDLG,0.5395013197606287,94.2,1130.4,609.8522918574147,High
1194-HVAIF,0.5348690864308613,95.0,1140.0,609.7507585311819,High
8189-XRIKE,0.5586147463469002,90.95,1091.4,609.672134163007,High
7823-JSOAG,0.6818581827808451,74.5,894.0,609.5812154060756,High
0772-GYEQQ,0.5745421563072778,88.35,1060.1999999999998,609.1295941169758,High
9250-WYPLL,0.671732584499673,75.55,906.5999999999999,608.9927611074035,High
7137-RYLPP,0.5921101902009092,85.7,1028.4,608.926119602615,High
6198-ZFIOJ,0.6707921743423036,75.6,907.1999999999999,608.5426605633378,High
9840-DVNDC,0.6298310713092067,80.5,966.0,608.4168148846936,High
7495-OOKFY,0.6281484140645941,80.65,967.8000000000001,607.9220351317142,High
8132-YPVBX,0.58926009735568,85.95,1031.4,607.7628644126484,High
9799-CAYJJ,0.7306973005550441,69.3,831.5999999999999,607.6478751415747,High
7783-YKGDV,0.5077992589393872,99.7,1196.4,607.5310333950829,High
2739-CACDQ,0.6122300842663418,82.65,991.8000000000001,607.2097975753579,High
0376-YMCJC,0.5576725049208859,90.6,1087.1999999999998,606.3015473499871,High
5989-PGKJB,0.5856321936641404,86.25,1035.0,606.1293204423854,High
5949-XIKAE,0.6039213483400917,83.55,1002.5999999999999,605.4915438457759,High
4137-BTIKL,0.5559957040018865,90.75,1089.0,605.4793216580543,High
2674-MIAHT,0.6281090266499286,80.3,963.5999999999999,605.2458580798711,High
2082-OJVTK,0.5648037515839331,89.2,1070.4,604.5659356954421,High
7048-GXDAY,0.4734279857365745,106.4,1276.8000000000002,604.4728521884584,High
5857-TYBCJ,0.5646865185378306,89.2,1070.4,604.440449442894,High
9565-DJPIB,0.5619534447088098,89.6,1075.1999999999998,604.2123437509122,High
4183-MYFRB,0.5589311878572246,90.05,1080.6,603.9810415985169,High
1035-IPQPU,0.4859983314920379,103.5,1242.0,603.6099277131111,High
5570-PTWEH,0.6691201907293254,75.15,901.8000000000001,603.4125879997057,High
7693-LCKZL,0.6273112091520499,80.15,961.8000000000001,603.3479209624415,High
0027-KWYKW,0.6002797042434025,83.75,1005.0,603.2811027646195,High
0644-OQMDK,0.7113816861949469,70.65,847.8000000000001,603.109393556076,High
9168-INPSZ,0.4820428685640946,104.15,1249.8000000000002,602.4571771314055,High
6424-ELEYH,0.6714085555344963,74.75,897.0,602.2534743144432,High
8378-LKJAF,0.4953294117334182,101.15,1213.8000000000002,601.2308399620231,High
6432-TWQLB,0.5865414695807193,85.4,1024.8000000000002,601.0876980263213,High
3746-EUBYR,0.6713953042577953,74.6,895.1999999999999,601.0330763715783,High
2868-SNELZ,0.6213643896047801,80.6,967.1999999999999,600.9836376257433,High
5271-DBYSJ,0.6318513163910742,79.15,949.8000000000001,600.1323803082423,High
8821-XNHVZ,0.6243611485903842,80.05,960.5999999999999,599.761319335923,High
3672-YITQD,0.5941699674212741,84.1,1009.1999999999999,599.6363311215498,High
6221-AVQYL,0.6821233653310405,73.25,879.0,599.5864381259846,High
0004-TLHLJ,0.6754841741220152,73.9,886.8000000000001,599.0193656114031,High
9850-OWRHQ,0.6735947353253876,74.1,889.1999999999999,598.9604386513346,High
5599-HVLTW,0.6211187701509742,80.35,964.1999999999999,598.8827181795692,High
7752-XUSCI,0.4712404265067586,105.9,1270.8000000000002,598.852334004789,High
6400-BWQKW,0.6307843145802322,79.05,948.5999999999999,598.3620008108082,High
8945-GRKHX,0.6334341960064824,78.65,943.8000000000001,597.8351941909182,High
9866-QEVEE,0.5791159108562817,86.0,1032.0,597.6476200036827,High
3249-ZPQRG,0.6347470823751988,78.45,941.4000000000001,597.5509033480122,High
6599-RCLCJ,0.45329969793334474,109.55,1314.6,595.907782903175,High
6651-AZVTJ,0.4975731295592311,99.8,1197.6,595.8935799601352,High
7044-YAACC,0.7072606170811402,70.2,842.4000000000001,595.7963438291525,High
3916-NRPAP,0.5789225459011783,85.7,1028.4,595.3639462047719,High
6818-DJXAA,0.5439528426564229,91.1,1093.1999999999998,594.6492475920014,High
5564-NEMQO,0.6577090536217342,75.3,903.5999999999999,594.3059008525989,High
5196-SGOAK,0.6541266552022096,75.7,908.4000000000001,594.2086535856872,High
4236-XPXAV,0.4992681195847944,99.15,1189.8000000000002,594.0292086819885,High
3853-LYGAM,0.5174578793903679,95.65,1147.8000000000002,593.9381539642644,High
5364-XYIRR,0.522588229605993,94.65,1135.8000000000002,593.555711186487,High
1031-IIDEO,0.6978156295650552,70.85,850.1999999999999,593.2828482562098,High
6377-WHAOX,0.46566493519211066,106.15,1273.8000000000002,593.1639944477106,High
6352-TWCAU,0.5717504958958177,86.45,1037.4,593.1339644423214,High
3167-SNQPL,0.4884367663456941,101.15,1213.8000000000002,592.8645469904036,High
3186-BAXNB,0.5387004767342175,91.7,1100.4,592.786004598333,High
1448-PWKYE,0.6171718687571625,80.0,960.0,592.4849940068759,High
5376-DEQCP,0.6986414465744057,70.6,847.1999999999999,591.8890335378366,High
4277-PVRAN,0.6153410088567773,80.1,961.1999999999999,591.4657777131343,High
4854-CIDCF,0.6665813046595273,73.85,886.1999999999999,590.724352189273,High
8325-QRPZR,0.6549001170399005,75.15,901.8000000000001,590.5889255465823,High
4658-HCOHW,0.4786380825277191,102.8,1233.6,590.4479386061943,High
5922-ABDVO,0.5486437843676438,89.65,1075.8000000000002,590.2309832227113,High
6653-CBBOM,0.6996307306869227,70.3,843.5999999999999,590.208484407488,High
4439-JMPMT,0.5735374945608386,85.75,1029.0,590.1700819031029,High
1640-PLFMP,0.6997954310895019,70.25,843.0,589.9275484084501,High
3244-DCJWY,0.6997954310895019,70.25,843.0,589.9275484084501,High
9710-ZUSHQ,0.460429202785163,106.75,1281.0,589.8098087677938,High
3365-SAIGS,0.5881473982119784,83.55,1002.5999999999999,589.6765814473295,High
3765-JXVKY,0.6576649190605021,74.7,896.4000000000001,589.5308334458341,High
0921-OHLVP,0.5915073731579967,83.05,996.5999999999999,589.4962480892594,High
2675-DHUTR,0.49649986952441744,98.9,1186.8000000000002,589.2460451515788,High
4702-IOQDC,0.7002892227125969,70.1,841.1999999999999,589.0832941458365,High
0328-GRPMV,0.7002892227125969,70.1,841.1999999999999,589.0832941458365,High
1608-GMEWB,0.5224085482793535,93.9,1126.8000000000002,588.6499522011756,High
1833-TCXKK,0.45525750021437067,107.75,1293.0,588.6479477771812,High
2799-ARNLO,0.7072658917515011,69.35,832.1999999999999,588.5866751155992,High
6693-FRIRW,0.4840173624537221,101.3,1215.6,588.3715057987446,High
2474-BRUCM,0.4813420104975557,101.85,1222.1999999999998,588.2962052301125,High
0378-TOVMS,0.5707712101595334,85.8,1029.6,587.6660379802555,High
5439-WIKXB,0.5177687480729495,94.55,1134.6,587.4604215635684,High
6719-OXYBR,0.5738188561488106,85.3,1023.5999999999999,587.3609811539225,High
6496-JDSSB,0.6116926962917925,80.0,960.0,587.2249884401208,High
2823-LKABH,0.5147716267940249,95.05,1140.6,587.1485175212647,High
3721-CNEYS,0.6896126097788985,70.95,851.4000000000001,587.1361759657542,High
7409-KIUTL,0.6890247038115992,71.0,852.0,587.0490476474826,High
9237-HQITU,0.6913759403509216,70.7,848.4000000000001,586.563347793722,High
3331-HQDTW,0.4451060000098451,109.8,1317.6,586.471665612972,High
2719-BDAQO,0.5205650652042149,93.85,1126.1999999999998,586.2603764329867,High
7665-TOALD,0.701931833015839,69.6,835.1999999999999,586.2534669348287,High
5520-FVEWJ,0.5781516507502058,84.5,1014.0,586.2457738607087,High
9090-SGQXL,0.46391552831746463,105.3,1263.6,586.2036615819483,High
3932-CMDTD,0.4622887060419295,105.65,1267.8000000000002,586.0896215199583,High
7465-ZZRVX,0.6941288704894569,70.35,844.1999999999999,585.9835924671995,High
4840-ORQXB,0.46610679552254275,104.75,1257.0,585.8962419718363,High
4299-SIMNS,0.6015372716595979,81.15,973.8000000000001,585.7769951421164,High
2446-PLQVO,0.6942952695051885,70.3,843.5999999999999,585.707489354577,High
0488-GSLFR,0.7022597328823305,69.5,834.0,585.6846172238636,High
4919-IKATY,0.5773749010682123,84.5,1014.0,585.4581496831673,High
2154-KVJFF,0.6113842186272793,79.75,957.0,585.0946972263063,High
9167-APMXZ,0.5790306492909386,84.15,1009.8000000000001,584.7051496539899,High
3550-SAHFP,0.5845717062298056,83.35,1000.1999999999999,584.6886205710515,High
3096-JRDSO,0.46701064342732546,104.3,1251.6,584.5105213136405,High
3494-JCHRQ,0.6951265038635668,70.05,840.5999999999999,584.3233391477141,High
2874-YXVVA,0.46324116050312064,105.1,1261.1999999999998,584.2397516265356,High
1550-EENBN,0.466439997332685,104.35,1252.1999999999998,584.0761646599881,High
8873-GLDMH,0.6590667756567434,73.85,886.1999999999999,584.064976587006,High
7660-HDPJV,0.7032421843883155,69.2,830.4000000000001,583.9723099160573,High
9728-FTTVZ,0.7032421843883155,69.2,830.4000000000001,583.9723099160573,High
5542-TBBWB,0.6956246349010707,69.9,838.8000000000001,583.4899437550182,High
5875-YPQFJ,0.6956246349010707,69.9,838.8000000000001,583.4899437550182,High
9804-ICWBG,0.6956246349010707,69.9,838.8000000000001,583.4899437550182,High
4603-JANFB,0.6957905768178243,69.85,838.1999999999999,583.2116614887003,High
4510-HIMLV,0.6959564678074157,69.8,837.5999999999999,582.9331374354913,High
4274-OWWYO,0.6531988694103412,74.35,892.1999999999999,582.7840312879064,High
0895-DQHEW,0.4655513073509583,104.3,1251.6,582.6840162804593,High
4412-YLTKF,0.6219315967713315,78.05,936.5999999999999,582.501133536029,High
3074-GQWYX,0.6395124744545211,75.9,910.8000000000001,582.4679617331778,High
0354-WYROK,0.4905921109975104,98.9,1186.8000000000002,582.2347173318454,High
1475-VWVDO,0.6476410231171622,74.9,898.8000000000001,582.0997515777054,High
7254-IQWOZ,0.6964538349384515,69.65,835.8000000000001,582.0961152415578,High
7394-LWLYN,0.691406961673362,70.15,841.8000000000001,582.0263803366362,High
6502-MJQAE,0.6966195219448694,69.6,835.1999999999999,581.8166247283549,High
8835-VSDSE,0.6857668624821921,70.7,848.4000000000001,581.8046061298918,High
1820-TQVEV,0.6967851578871038,69.55,834.5999999999999,581.5368927725768,High
3196-NVXLZ,0.5726979237990159,84.6,1015.1999999999999,581.4029322407608,High
7703-ZEKEF,0.5980511501131914,81.0,972.0,581.305717910022,High
4441-NIHPT,0.6519633647691047,74.3,891.5999999999999,581.2905360281336,High
7979-CORPM,0.5348626067498193,90.55,1086.6,581.1817084943536,High
3428-XZMAZ,0.6974471904697337,69.35,832.1999999999999,580.4155519089123,High
6457-GIRWB,0.6974471904697337,69.35,832.1999999999999,580.4155519089123,High
4482-EWFMI,0.693692559156109,69.7,836.4000000000001,580.2044564781696,High
2507-QZPQS,0.5046189337313082,95.7,1148.4,579.5043834970344,High
9717-QEBGU,0.6868249254778069,70.3,843.5999999999999,579.4055071330779,High
6086-ESGRL,0.6022068856179948,80.15,961.8000000000001,579.2025825873875,High
1264-BYWMS,0.49849087697692945,96.8,1161.6,579.0470026964013,High
3768-NLUBH,0.4796521777146439,100.6,1207.1999999999998,579.036108937118,High
3716-BDVDB,0.6982735789970022,69.1,829.1999999999999,579.0084517043141,High
6910-HADCM,0.6317343676476078,76.35,916.1999999999999,578.7950276387382,High
7321-VGNKU,0.6855540853228979,70.35,844.1999999999999,578.7447588295903,High
4806-HIPDW,0.6992468969898433,68.95,827.4000000000001,578.5568825693964,High
5842-POCOP,0.5422327596540659,88.9,1066.8000000000002,578.4539079989577,High
1196-AMORA,0.6545901281905574,73.6,883.1999999999999,578.1340012179003,High
9633-XQABV,0.6857112459600946,70.25,843.0,578.0545803443597,High
5747-PMBSQ,0.5206681292212835,92.5,1110.0,577.9416234356247,High
5729-KLZAR,0.5950459118941984,80.85,970.1999999999999,577.3135437197512,High
4770-UEZOX,0.6435407179992744,74.75,897.0,577.2560240453491,High
2897-DOVND,0.6887182394669232,69.8,837.5999999999999,576.8703973774948,High
4301-VVZKA,0.637451118408307,75.4,904.8000000000001,576.7657719358363,High
8937-RDTHP,0.5680523921382793,84.6,1015.1999999999999,576.6867884987811,High
1307-ATKGB,0.5366105598757476,89.55,1074.6,576.6417076424783,High
2397-BRLOM,0.596762639324654,80.45,965.4000000000001,576.1146520040211,High
7278-CKDNC,0.5962979851898353,80.5,966.0,576.0238536933809,High
2519-FAKOD,0.48354161501266385,99.25,1191.0,575.8980634800827,High
6077-BDPXA,0.6836766086257803,70.15,841.8000000000001,575.5189691411819,High
4369-HTUIF,0.5631153949417714,85.15,1021.8000000000001,575.3913105515021,High
5043-TRZWM,0.6346473061489288,75.55,906.5999999999999,575.3712477546188,High
1447-GIQMR,0.6932412295093089,69.15,829.8000000000001,575.2515722468246,High
0177-PXBAT,0.4356821949459208,109.9,1318.8000000000002,574.5776786946805,High
0506-LVNGN,0.6336018939854413,75.55,906.5999999999999,574.423477087201,High
0963-ZBDRN,0.49759382138329517,96.2,1154.4,574.4223074048759,High
9490-DFPMD,0.5654866935440199,84.65,1015.8000000000001,574.4213833020154,High
1482-OXZSY,0.47670262305852346,100.4,1204.8000000000002,574.3313202609091,High
9940-RHLFB,0.6355555936515325,75.3,903.5999999999999,574.2880344235247,High
7245-NIIWQ,0.6850915794994641,69.85,838.1999999999999,574.2437619364507,High
8111-RKSPX,0.6624071809424186,72.2,866.4000000000001,573.9095815685115,High
3488-PGMQJ,0.6416682867828085,74.5,894.0,573.6514483838308,High
9508-ILZDG,0.49596747756272175,96.35,1156.1999999999998,573.4375975580188,High
0679-IDSTG,0.6899763411057709,69.25,831.0,573.3703394588956,High
4505-EXZHB,0.6420430518664654,74.4,892.8000000000001,573.2160367063804,High
7912-SYRQT,0.6355781256833368,75.1,901.1999999999999,572.7830068658232,High
5331-RGMTT,0.48181572317494065,99.05,1188.6,572.6861685657344,High
1689-YQBYY,0.6229728109961566,76.6,919.1999999999999,572.6366078676672,High
5129-JLPIS,0.45215302773470933,105.5,1266.0,572.425733112142,High
0620-DLSLK,0.5823784142491549,81.9,982.8000000000001,572.3615055240695,High
0504-HHAPI,0.5400636664719768,88.3,1059.6,572.2514609937066,High
7562-GSUHK,0.5116359594028164,93.2,1118.4,572.2136569961099,High
6394-MFYNG,0.4439662031121708,107.4,1288.8000000000002,572.1836425709657,High
1016-DJTSV,0.6840709238058963,69.7,836.4000000000001,572.1569206712517,High
1965-DDBWU,0.5349550315817201,89.05,1068.6,571.652946748226,High
3855-ONCAR,0.6037632278754147,78.9,946.8000000000001,571.6430241524426,High
2754-XBHTB,0.6134802662304178,77.65,931.8000000000001,571.6409120735034,High
5712-PTIWW,0.5965636874581353,79.85,958.1999999999999,571.6273253223852,High
8436-BJUMM,0.5686503587502288,83.75,1005.0,571.49361054398,High
3999-QGRJH,0.6832650771055537,69.7,836.4000000000001,571.4829104910852,High
0529-ONKER,0.6294517944677425,75.65,907.8000000000001,571.4163390178167,High
5981-ITEMU,0.49001410738217877,97.1,1165.1999999999998,570.9644379217146,High
4373-MAVJG,0.5232818712493086,90.9,1090.8000000000002,570.7958651587459,High
4572-DVCGN,0.5926762528654129,80.25,963.0,570.7472315093927,High
9898-KZQDZ,0.5028046348213573,94.55,1134.6,570.4821386683119,High
3791-LGQCY,0.47209511260201165,100.65,1207.8000000000002,570.1964770007097,High
0082-OQIQY,0.504273047511099,94.2,1130.4,570.0302529065464,High
2378-VTKDH,0.45517645160678866,104.35,1252.1999999999998,569.9719527020206,High
8309-IEYJD,0.6727012551531711,70.6,847.1999999999999,569.9125033657665,High
1580-BMCMR,0.5436770402322252,87.3,1047.6,569.556067347279,High
0311-UNPFF,0.5342566082680557,88.8,1065.6,569.30384177044,High
9408-SSNVZ,0.6760984474140734,70.15,841.8000000000001,569.139673033167,High
6923-JHPMP,0.5895275598090446,80.45,965.4000000000001,569.1299062396517,High
7072-MBHEV,0.6070798928677617,78.1,937.1999999999999,568.9552755956662,High
0685-MLYYM,0.6701221086353975,70.75,849.0,568.9336702314524,High
5652-MSDEY,0.6257748649077499,75.75,909.0,568.8293522011447,High
4553-DVPZG,0.46769268736380665,101.35,1216.1999999999998,568.8078463718616,High
9560-ARGQJ,0.5848600648464514,81.0,972.0,568.4839830307508,High
7379-POKDZ,0.673623199371435,70.3,843.5999999999999,568.2685309897425,High
9355-NPPFS,0.6007501883175395,78.8,945.5999999999999,568.0693780730653,High
9444-JTXHZ,0.6209926412285419,76.2,914.4000000000001,567.8356711393787,High
5405-ZMYXQ,0.6341127682483532,74.6,895.1999999999999,567.6577501359257,High
8914-RBTSB,0.5042380195078897,93.8,1125.6,567.5703147580806,High
7881-INRLC,0.4689825027550983,100.85,1210.1999999999998,567.5626248342198,High
7801-KICAO,0.6377041520545019,74.15,889.8000000000001,567.4291544980958,High
6339-YPSAH,0.6403662410663226,73.8,885.5999999999999,567.1083430883352,High
6284-AHOOQ,0.5221003685067017,90.5,1086.0,567.0010001982781,High
3296-SILRA,0.6184218990158733,76.4,916.8000000000001,566.9691970177527,High
8610-WFCJF,0.494138186283002,95.6,1147.1999999999998,566.8753273038598,High
2656-FMOKZ,0.6345128003244644,74.45,893.4000000000001,566.8737358098766,High
8854-CCVSQ,0.5855349275271906,80.65,967.8000000000001,566.6807028608151,High
5879-SESNB,0.6274398855922766,75.25,903.0,566.5782166898258,High
2024-BASKD,0.6329067917805546,74.6,895.1999999999999,566.5781600019525,High
8224-DWCKX,0.6438845345861268,73.3,879.5999999999999,566.3608366219571,High
2252-ISRNH,0.5221464940548667,90.35,1084.1999999999998,566.1112288542863,High
9420-LOJKX,0.47602359805957745,99.1,1189.1999999999998,566.0872628124495,High
5889-JTMUL,0.4961707354694408,95.05,1140.6,565.9323408764441,High
9494-MRNYX,0.6283743128587442,75.05,900.5999999999999,565.913906160585,High
6103-BOCOU,0.5840799125972896,80.7,968.4000000000001,565.6229873592154,High
0139-IVFJG,0.5216067337952852,90.35,1084.1999999999998,565.5260207808482,High
0390-DCFDQ,0.6681411052650051,70.45,845.4000000000001,564.8464903910354,High
8012-SOUDQ,0.5211812774264594,90.25,1083.0,564.4393234528555,High
7268-IGMFD,0.5006729261671846,93.9,1126.8000000000002,564.1582532051838,High
3750-CKVKH,0.6937251836573698,67.75,813.0,563.9985743134416,High
1212-GLHMD,0.5460680065195307,86.05,1032.6,563.8698235320674,High
0362-ZBZWJ,0.5533084429538097,84.9,1018.8000000000001,563.7106416813413,High
0196-JTUQI,0.6245349071637099,75.2,902.4000000000001,563.5803002245318,High
0207-MDKNV,0.4466999075494068,105.1,1261.1999999999998,563.3779234013118,High
2568-BRGYX,0.668275919895616,70.2,842.4000000000001,562.9556349200669,High
8104-OSKWT,0.5872207502736564,79.8,957.5999999999999,562.3225904620533,High
5019-GQVCR,0.5521906755350774,84.85,1018.1999999999999,562.2405458298158,High
2362-IBOOY,0.5525925307127072,84.75,1017.0,561.9866037348232,High
3871-IKPYH,0.6772305681589005,69.1,829.1999999999999,561.5595871173603,High
3005-NFMTA,0.4736496638408645,98.8,1185.6,561.5590414497289,High
1867-BDVFH,0.6293647866354865,74.35,892.1999999999999,561.519262636181,High
7534-BFESC,0.6147653844257392,76.1,913.1999999999999,561.4037490575851,High
7598-UAASY,0.6121112473292823,76.4,916.8000000000001,561.1835915514861,High
9904-EHEVJ,0.511903169460115,91.35,1096.1999999999998,561.148254362178,High
0727-IWKVK,0.5852583147689782,79.9,958.8000000000001,561.1456722004963,High
5307-DZCVC,0.5437330088159646,85.95,1031.4,560.8062252927859,High
3536-IQCTX,0.5478351123953727,85.3,1023.5999999999999,560.7640210479035,High
3744-ZRRDZ,0.5669265594110381,82.35,988.1999999999999,560.2368260099878,High
4636-QRJKY,0.5793601113656406,80.5,966.0,559.6618675792088,High
7774-OJSXI,0.4508259639927157,103.45,1241.4,559.6553517005573,High
6347-DCUIK,0.6283544326330276,74.15,889.8000000000001,559.109774156868,High
5914-DVBWJ,0.544812375567703,85.45,1025.4,558.6506099071228,High
6467-CHFZW,0.46821925035575607,99.35,1192.1999999999998,558.2109902741323,High
0219-YTZUE,0.5484817978760205,84.8,1017.5999999999999,558.1350775186384,High
4059-IIEBK,0.5909985598463036,78.55,942.5999999999999,557.0752425111257,High
9773-PEQBZ,0.5813342859930806,79.85,958.1999999999999,557.0345128385698,High
0876-WDUUZ,0.5433036306968111,85.4,1024.8000000000002,556.7775607380921,High
3323-CPBWR,0.47860359470053626,96.9,1162.8000000000002,556.5202599177836,High
4817-QRJSX,0.5724390702262329,81.0,972.0,556.4107762598983,High
5399-ZIMKF,0.6208114757200381,74.65,895.8000000000001,556.1229199500102,High
3070-DVEYC,0.6281480106415709,73.75,885.0,555.9109894177902,High
5119-NZPTV,0.6607813537981304,70.1,841.1999999999999,555.8492748149872,High
4585-HETAI,0.6273978179529017,73.75,885.0,555.247068888318,High
2058-DCJBE,0.6629911965936445,69.75,837.0,554.9236315488804,High
8714-EUHJO,0.5072856126187414,91.15,1093.8000000000002,554.8690030823794,High
7571-YXDAD,0.61724463617851,74.9,898.8000000000001,554.7794789972448,High
6877-LGWXO,0.5881616484845509,78.55,942.5999999999999,554.4011698615376,High
6047-YHPVI,0.6626354909866906,69.7,836.4000000000001,554.2283246612681,High
8637-XJIVR,0.584954488275245,78.95,947.4000000000001,554.1858821919672,High
4446-BZKHU,0.43748460190489946,105.55,1266.6,554.1179967727456,High
5908-QMGOE,0.6222971362012906,74.2,890.4000000000001,554.0933700736292,High
5022-KVDQT,0.5674913486371297,81.3,975.5999999999999,553.6445597303837,High
2800-VEQXM,0.617130744828317,74.75,897.0,553.5662781110003,High
7206-PQBBZ,0.6568598488602702,70.2,842.4000000000001,553.3387366798917,High
0018-NYROU,0.6682028644364799,68.95,827.4000000000001,552.8710500347436,High
9921-QFQUL,0.5109911580588982,90.15,1081.8000000000002,552.7902347881161,High
9529-OFXHY,0.524528959240384,87.75,1053.0,552.3289940801244,High
3587-PMCOY,0.4652788128878096,98.9,1186.8000000000002,552.1928951352525,High
3737-GCSPV,0.4781794248181975,96.2,1154.4,552.0103280101272,High
2187-PKZAY,0.5744861439785334,79.95,959.4000000000001,551.162006533005,High
9903-LYSAB,0.6273324903039925,73.15,877.8000000000001,550.6724599888447,High
9512-UIBFX,0.4818364021412946,95.15,1141.8000000000002,550.1608039649302,High
8380-PEFPE,0.6384326771327338,71.65,859.8000000000001,548.9244157987246,High
8563-OYMQY,0.5028428280109696,90.95,1091.4,548.8026624911722,High
5222-IMUKT,0.5022311267702542,91.05,1092.6,548.7377291091797,High
5281-BUZGT,0.5033356678166898,90.85,1090.1999999999998,548.7365450537551,High
1343-EHPYB,0.44204950506563445,103.4,1240.8000000000002,548.4950258854393,High
1907-UBQFC,0.6268657786977615,72.85,874.1999999999999,548.0060637375831,High
2979-SXESE,0.483593041180944,94.4,1132.8000000000002,547.8141970497734,High
2070-XYMFH,0.5752208150091139,79.35,952.1999999999999,547.7252600516782,High
0231-LXVAP,0.6010550748559895,75.9,910.8000000000001,547.4409621788353,High
8676-TRMJS,0.6082079903448753,75.0,900.0,547.3871913103877,High
8272-ONJLV,0.4766290934591879,95.7,1148.4,547.3608509285315,High
3453-RTHJQ,0.6600416872189578,69.1,829.1999999999999,547.3065670419599,High
6175-IRFIT,0.5781769990027611,78.75,945.0,546.3772640576092,High
5186-SAMNZ,0.654806721847183,69.5,834.0,546.1088060205507,High
2260-USTRB,0.6481425487318198,70.2,842.4000000000001,545.9952830516851,High
4220-TINQT,0.4275238764452402,106.35,1276.1999999999998,545.6059711194155,High
1013-QCWAM,0.4503405030028842,100.8,1209.6,544.7318724322887,High
4550-EVXNY,0.6513968260948028,69.65,835.8000000000001,544.4374672500362,High
5716-LIBJC,0.43518764400580273,104.15,1249.8000000000002,543.8975174784523,High
7599-FKVXZ,0.42697056948510026,106.15,1273.8000000000002,543.8751114101208,High
4547-KQRTM,0.5661444810858547,80.05,960.5999999999999,543.8383885310719,High
4291-SHSBH,0.6514123077647515,69.55,834.5999999999999,543.6687120604615,High
3545-CNWRG,0.46052037089257297,98.35,1180.1999999999998,543.5061417274145,High
5899-MQZZL,0.6038584337874813,75.0,900.0,543.4725904087331,High
1918-ZBFQJ,0.5711475817636572,79.25,951.0,543.161350257238,High
4947-DSMXK,0.4628495975144974,97.7,1172.4,542.6448681259968,High
3420-ZDBMA,0.632663151766153,71.45,857.4000000000001,542.4453863242996,High
5950-AAAGJ,0.5361257895429391,84.3,1011.5999999999999,542.3448487016371,High
0508-OOLTO,0.6301589638583404,71.65,859.8000000000001,541.8106771254011,High
3703-KBKZP,0.6064118851612778,74.45,893.4000000000001,541.7683782030856,High
3223-DWFIO,0.6509754489003304,69.35,832.1999999999999,541.741768574855,High
3422-LYEPQ,0.6354727982766908,71.0,852.0,541.4228241317405,High
1658-TJVOA,0.608879316413525,74.1,889.1999999999999,541.4154881549064,High
1522-VVDMG,0.5026360113440713,89.75,1077.0,541.3389842175648,High
0581-BXBUB,0.6196349147312228,72.75,873.0,540.9412805603575,High
3177-LASXD,0.6317005697497113,71.35,856.1999999999999,540.8620278197028,High
9430-FRQOC,0.5174358063618999,87.1,1045.1999999999998,540.8239048094576,High
5134-IKDAY,0.6456204240166038,69.8,837.5999999999999,540.7716671563073,High
2398-YPMUR,0.6422584917834405,70.15,841.8000000000001,540.6531983833003,High
8837-VVWLQ,0.530158649362599,84.95,1019.4000000000001,540.4437271602335,High
3914-FDRHP,0.5221482211867406,86.25,1035.0,540.4234089282766,High
0818-OCPZO,0.552745972993196,81.45,977.4000000000001,540.2539140035499,High
2344-JMOGN,0.4745080253814085,94.85,1138.1999999999998,540.085034489119,High
2916-BQZLN,0.5309021681771071,84.75,1017.0,539.927505036118,High
4480-QQRHC,0.6061461491883088,74.05,888.5999999999999,538.6214681687311,High
5054-IEXZT,0.595538019203671,75.35,904.1999999999999,538.4854769639593,High
0491-KAPQG,0.6082430459112377,73.7,884.4000000000001,537.9301498038986,High
1902-XBTFB,0.5012636208825848,89.4,1072.8000000000002,537.755612482837,High
8617-ENBDS,0.6085890346534231,73.6,883.1999999999999,537.5058354059032,High
1730-ZMAME,0.5633884935564879,79.5,954.0,537.4726228528895,High
4290-BSXUX,0.5622895163529703,79.65,955.8000000000001,537.4363197301691,High
5626-MGTUK,0.5026148864256855,89.1,1069.1999999999998,537.3958365663428,High
0280-XJGEX,0.4315750396303264,103.7,1244.4,537.0519793159782,High
9625-QSTYE,0.5514862428626479,81.15,973.8000000000001,537.0373032996466,High
1915-IOFGU,0.6347953624854462,70.5,846.0,537.0368766626875,High
1853-UDXBW,0.6390966039249817,70.0,840.0,536.8411472969847,High
6522-YRBXD,0.4731321679982359,94.55,1134.6,536.8157578107983,High
6705-LXORM,0.6385971824241289,70.05,840.5999999999999,536.8047915457227,High
9889-TMAHG,0.4459733581798923,100.3,1203.6,536.7735339053183,High
0940-OUQEC,0.5541549113963589,80.7,968.4000000000001,536.643616196234,High
4536-PLEQY,0.5257885655821029,85.05,1020.5999999999999,536.6198100330942,High
9399-APLBT,0.5985362985246103,74.7,896.4000000000001,536.5279379974608,High
7586-ZATGZ,0.526187791131342,84.9,1018.8000000000001,536.0801216046112,High
7813-ZGGAW,0.4623792966819037,96.6,1159.1999999999998,535.9900807136627,High
6680-WKXRZ,0.5997795038375604,74.4,892.8000000000001,535.4831410261739,High
1469-LBJQJ,0.42403400676330755,105.2,1262.4,535.3005301379994,High
2262-SLNVK,0.6362479085308396,70.1,841.1999999999999,535.2117406561422,High
8849-AYPTR,0.4884094804339364,91.25,1095.0,534.8083810751604,High
2815-CPTUL,0.6342554508833094,70.25,843.0,534.6773450946298,High
4818-QIUFN,0.5629229479086014,79.15,949.8000000000001,534.6642159235897,High
6710-HSJRD,0.39018403580935046,114.1,1369.1999999999998,534.2399818301626,High
5027-QPKTE,0.6419060943797894,69.35,832.1999999999999,534.1942517428607,High
0968-GSIKN,0.6284911991256497,70.8,849.5999999999999,533.9661227771519,High
5032-MIYKT,0.6288571720875603,70.7,848.4000000000001,533.5224247990863,High
2974-GGUXS,0.4833119086653632,91.95,1103.4,533.2863600213618,High
5312-UXESG,0.4532169470462155,98.05,1176.6,533.2550598945771,High
8485-GJCDN,0.6435494673978048,69.05,828.5999999999999,533.245088685821,High
7852-LECYP,0.47369214097725504,93.8,1125.6,533.1878738839982,High
7233-DRTRF,0.4338360360918496,102.4,1228.8000000000002,533.0977211496648,High
8433-WXGNA,0.5866996565290649,75.7,908.4000000000001,532.9579679910025,High
7595-EUIVN,0.5856717256890499,75.8,909.5999999999999,532.7270016867598,High
6140-QNRQQ,0.6198070073674555,71.55,858.5999999999999,532.1662965256972,High
5982-FPVQN,0.4659334771110266,95.15,1141.8000000000002,532.0028441653702,High
4759-TRPLW,0.6292848713804724,70.4,844.8000000000001,531.6198593422231,High
8042-JVNFH,0.6205455836826512,71.35,856.1999999999999,531.3111287490859,High
3966-HRMZA,0.589922302900067,75.05,900.5999999999999,531.2840259918003,High
9985-MWVIX,0.6308673712538809,70.15,841.8000000000001,531.064153121517,High
2619-WFQWU,0.6308673712538809,70.15,841.8000000000001,531.064153121517,High
3524-WQDSG,0.4454131556402478,99.3,1191.6,530.7543162609193,High
4550-VBOFE,0.4294151120660858,102.95,1235.4,530.4994294464424,High
3411-WLRSQ,0.5924909782382903,74.6,895.1999999999999,530.3979237189175,High
7892-QVYKW,0.516186746436001,85.6,1027.1999999999998,530.2270259390601,High
8270-RKSAP,0.6267135434252092,70.5,846.0,530.199657737727,High
3066-RRJIO,0.631597232380284,69.95,839.4000000000001,530.1627168600104,High
0869-PAPRP,0.5154557160457763,85.7,1028.4,530.0946583814764,High
8981-FJGLA,0.5661528794547215,78.0,936.0,529.9190951696193,High
6416-TVAIH,0.6445026383038486,68.5,822.0,529.7811686857635,High
7153-OANIO,0.6309291319627038,69.95,839.4000000000001,529.6019133694937,High
9659-QEQSY,0.38146989219293814,115.65,1387.8000000000002,529.4039163853596,High
2460-NGXBJ,0.5865734801325964,75.2,902.4000000000001,529.323908471655,High
5442-BHQNG,0.626854342005718,70.35,844.1999999999999,529.1904355212271,High
5364-EVNIB,0.5522005736930403,79.8,957.5999999999999,528.7872693684553,High
6988-CJEYV,0.4463583089479433,98.7,1184.4,528.6667811179441,High
6298-QDFNH,0.555125472855071,79.35,952.1999999999999,528.5904752525985,High
1989-PRJHP,0.5833971892778638,75.5,906.0,528.5578534857445,High
2856-HYAPG,0.6414924373339327,68.65,823.8000000000001,528.4614698756938,High
8490-BXHEO,0.5465750846388807,80.55,966.5999999999999,528.3194768119421,High
9617-INGJY,0.623310249919607,70.6,847.1999999999999,528.0684437318911,High
3858-VOBET,0.5869516653852642,74.95,899.4000000000001,527.9043278475067,High
8128-YVJRG,0.5520711506357596,79.65,955.8000000000001,527.6696057776591,High
9840-EFJQB,0.5911769049570385,74.35,892.1999999999999,527.4480346026696,High
1472-TNCWL,0.46346198512311637,94.7,1136.4,526.6781998939094,High
7538-GWHML,0.6298955599568467,69.65,835.8000000000001,526.4667090119325,High
5373-SFODM,0.5145009733734113,85.25,1023.0,526.3344957609997,High
5515-AKOAJ,0.43792817189777483,100.1,1201.1999999999998,526.0393200836071,High
2495-KZNFB,0.48354116134263264,90.65,1087.8000000000002,525.9960753085159,High
2984-MIIZL,0.5859690660480988,74.8,897.5999999999999,525.9658336847734,High
0388-EOPEX,0.5885395491076859,74.4,892.8000000000001,525.448109443342,High
5583-SXDAG,0.6253761767755209,70.0,840.0,525.3159884914376,High
8785-CJSHH,0.4386382963213393,99.8,1197.6,525.3132236744359,High
2482-CZGBB,0.6253726648829787,70.0,840.0,525.3130385017021,High
0455-XFASS,0.6291658957316942,69.55,834.5999999999999,525.1018565776719,High
3315-TOTBP,0.5757690453279558,76.0,912.0,525.1013693390958,High
4910-AQFFX,0.551305309882776,79.35,952.1999999999999,524.9529160703793,High
0324-BRPCJ,0.4364870496967692,100.2,1202.4,524.8320285553954,High
2325-NBPZG,0.5866039042920856,74.55,894.5999999999999,524.7758527796998,High
6330-JKLPC,0.5432420435178623,80.5,966.0,524.771814038255,High
2037-SGXHH,0.46139150588735306,94.65,1135.8000000000002,524.0484723868557,High
7908-QCBCA,0.6282478767045067,69.4,832.8000000000001,523.2048317195132,High
9979-RGMZT,0.4630140937608216,94.05,1128.6,522.5577062184632,High
7410-YTJIK,0.5770861315114172,75.45,905.4000000000001,522.4937834704372,High
3197-ARFOY,0.4145909481190872,105.0,1260.0,522.3845946300498,High
5226-NOZFC,0.5072660660997418,85.75,1029.0,521.9767820166343,High
5976-JCJRH,0.618708649112066,70.3,843.5999999999999,521.9426163909388,High
6993-OHLXR,0.6306655522678473,68.95,827.4000000000001,521.8126779464169,High
8417-FMLZI,0.520385880764059,83.55,1002.5999999999999,521.7388840540455,High
8016-NCFVO,0.37314569162932487,116.5,1398.0,521.6576768977961,High
2424-WVHPL,0.5819197422029072,74.7,896.4000000000001,521.6328569106861,High
5153-RTHKF,0.5084306272400378,85.35,1024.1999999999998,520.7346484192467,High
7483-IQWIB,0.4663931029274497,92.95,1115.4,520.2148670052774,High
0682-USIXD,0.5037694530060275,86.05,1032.6,520.1923371740239,High
1452-KIOVK,0.48614273891458215,89.1,1069.1999999999998,519.7838164474712,High
3932-IJWDZ,0.41780717164808645,103.65,1243.8000000000002,519.66856009589,High
9053-EJUNL,0.4851341601093189,89.2,1070.4,519.287604981015,High
4450-DLLMH,0.6068905019419271,71.3,855.5999999999999,519.2555134615127,High
9793-WECQC,0.45394697907044396,95.3,1143.6,519.1337652649597,High
3956-MGXOG,0.5366209007719378,80.6,967.1999999999999,519.0197352266182,High
6168-YBYNP,0.38839805973835895,111.35,1336.1999999999998,518.9774874223951,High
1092-GANHU,0.5640968996803315,76.65,919.8000000000001,518.856328325969,High
9947-OTFQU,0.5804292425984794,74.4,892.8000000000001,518.2072277919225,High
2277-DJJDL,0.43619877586919403,99.0,1188.0,518.2041457326025,High
1624-WOIWJ,0.5093765600374609,84.7,1016.4000000000001,517.7303356220754,High
6311-UEUME,0.546801760036177,78.9,946.8000000000001,517.7119064022525,High
0468-YRPXN,0.4365168267865918,98.8,1185.6,517.5343498381832,High
4315-MURBD,0.43589296967113483,98.9,1186.8000000000002,517.317776405703,High
6486-LHTMA,0.47497549754617924,90.7,1088.4,516.9633315292615,High
2080-GKCWQ,0.5744831073460296,74.95,899.4000000000001,516.6901067470191,High
0634-SZPQA,0.47800292142990564,90.05,1080.6,516.529956897156,High
9894-EZEWG,0.5792846923803681,74.3,891.5999999999999,516.4902317263361,High
4816-LXZYW,0.5437465507642699,79.15,949.8000000000001,516.4504739159036,High
6379-RXJRQ,0.6136965208410383,70.1,841.1999999999999,516.2415133314814,High
2905-KFQUV,0.6106405394489862,70.4,844.8000000000001,515.8691277265036,High
4879-GZLFH,0.46615849943894117,92.15,1105.8000000000002,515.4780686795813,High
4547-LYTDD,0.5910961592475521,72.65,871.8000000000001,515.317631632016,High
4763-PGDPO,0.609752121014534,70.4,844.8000000000001,515.1185918330784,High
5931-FLJJF,0.612149137224781,70.1,841.1999999999999,514.9398542334858,High
2359-KMGLI,0.5329635940452712,80.25,963.0,513.2439410655961,High
4029-HPFVY,0.6080786054863073,70.3,843.5999999999999,512.9751115882488,High
7786-WBJYI,0.5483876897186979,77.95,935.4000000000001,512.96184496287,High
8982-NHAVY,0.4252415504203987,100.5,1206.0,512.8413098070008,High
9885-AIBVB,0.49733458571875533,85.8,1029.6,512.0556894560304,High
4587-NUKOX,0.5393024493334566,79.1,949.1999999999999,511.905884907317,High
5832-XKAES,0.6108970219324691,69.8,837.5999999999999,511.68734557063607,High
3955-JBZZM,0.541026804673799,78.8,945.5999999999999,511.59494649954433,High
2227-JRSJX,0.42947121847041486,99.15,1189.8000000000002,510.9848557360997,High
7011-CVEUC,0.4448646887783264,95.7,1148.4,510.8826085930301,High
8212-DJRCH,0.4710929814020934,90.35,1084.1999999999998,510.75901043614954,High
1428-GTBJJ,0.5706460846008501,74.55,894.5999999999999,510.49998728392046,High
1845-CSBRZ,0.49785536457802093,85.35,1024.1999999999998,509.90346440080896,High
8123-QBNAZ,0.4065246929599348,104.5,1254.0,509.78196497175827,High
4983-CCWMC,0.6097823808195619,69.6,835.1999999999999,509.29024446049806,High
2675-OTVVJ,0.4737000023066326,89.45,1073.4,508.4695824759395,High
9927-DSWDF,0.40463449701265974,104.6,1255.1999999999998,507.8972206502904,High
7982-VCELR,0.44644650853693246,94.8,1137.6,507.8775481116143,High
9796-BPKIW,0.6049315968935166,69.95,839.4000000000001,507.7795824324179,High
4546-FOKWR,0.5658594961520511,74.75,897.0,507.5759680483898,High
3761-FLYZI,0.3885722014729709,108.8,1305.6,507.31986624311077,High
0428-IKYCP,0.48592052586909695,87.0,1044.0,507.3010290073372,High
4248-QPAVC,0.49525549675183606,85.35,1024.1999999999998,507.2406797732304,High
9274-UARKJ,0.507907575651932,83.2,998.4000000000001,507.094923530889,High
5981-ZVXOT,0.38981644833771195,108.35,1300.1999999999998,506.839346128693,High
6413-XKKPU,0.4722269438031241,89.4,1072.8000000000002,506.6050653119916,High
3496-LFSZU,0.598812098682959,70.5,846.0,506.59503548578334,High
1077-HUUJM,0.5940820239501255,71.05,852.5999999999999,506.514333619877,High
9779-DPNEJ,0.5265778343460085,80.15,961.8000000000001,506.46256107399097,High
3005-TYFRD,0.4071395738926564,103.65,1243.8000000000002,506.4002020076861,High
3374-LXDEV,0.47184458018235664,89.4,1072.8000000000002,506.1948656196323,High
2322-VCZHZ,0.46855852497698935,90.0,1080.0,506.0432069751485,High
5649-RXQTV,0.42555032400228815,99.0,1188.0,505.55378491471834,High
2528-HFYZX,0.5504484410720161,76.45,917.4000000000001,504.9813998394676,High
2091-RFFBA,0.5694344394691236,73.9,886.8000000000001,504.9744609212189,Medium
0812-WUPTB,0.5935586624763917,70.85,850.1999999999999,504.64357483742816,Medium
1384-RCUXW,0.5219459986860211,80.55,966.5999999999999,504.5130023299079,Medium
0376-OIWME,0.4487378765468038,93.6,1123.1999999999998,504.02238293736997,Medium
0564-MUUQK,0.43935323064180487,95.5,1146.0,503.4988023155084,Medium
9506-UXUSK,0.5977316355431781,70.15,841.8000000000001,503.17049080024736,Medium
2856-NNASM,0.46796668740277003,89.55,1074.6,502.8770022830166,Medium
2608-BHKFN,0.5981370669420978,70.05,840.5999999999999,502.79401847152735,Medium
0141-YEAYS,0.48453839712288077,86.45,1037.4,502.66013317527654,Medium
1173-NOEYG,0.4645419050238312,90.15,1081.8000000000002,502.5414328547807,Medium
0650-BWOZN,0.569152557482488,73.55,882.5999999999999,502.3340472340439,Medium
8818-XYFCQ,0.4204896419575901,99.55,1194.6,502.31692628253705,Medium
0439-IFYUN,0.5596820237982929,74.7,896.4000000000001,501.6989661327898,Medium
9191-MYQKX,0.555966119762849,75.15,901.8000000000001,501.37024680213733,Medium
8685-WHQPW,0.5609830397478546,74.4,892.8000000000001,500.8456578868846,Medium
9576-ANLXO,0.5998670554210989,69.55,834.5999999999999,500.64904445444904,Medium
2452-KDRRH,0.4110835679926837,101.4,1216.8000000000002,500.2064855334976,Medium
0330-IVZHA,0.5957749181432653,69.95,839.4000000000001,500.09346628945696,Medium
1818-ESQMW,0.46656488954910674,89.2,1070.4,499.4110577733639,Medium
0570-BFQHT,0.5163528822577822,80.55,966.5999999999999,499.1066959903722,Medium
9281-OFDMF,0.4584868186625037,90.7,1088.4,499.01705343226905,Medium
6075-SLNIL,0.43649007967439446,95.1,1141.1999999999998,498.1224789244189,Medium
7326-RIGQZ,0.594115996669668,69.8,837.5999999999999,497.6315588105138,Medium
5442-XSDCW,0.5214435682581599,79.5,954.0,497.4571641182845,Medium
6178-KFNHS,0.5293093858935407,78.3,939.5999999999999,497.3390989855708,Medium
3376-BMGFE,0.5844881475537435,70.9,850.8000000000001,497.282515938725,Medium
9576-SYUHJ,0.4540902967888267,91.15,1093.8000000000002,496.6839666276187,Medium
7658-UYUQS,0.4781988159916262,86.55,1038.6,496.65729028890297,Medium
5828-AVIPD,0.4099808182557668,100.95,1211.4,496.650763235036,Medium
4154-AQUGT,0.46461678637679005,89.05,1068.6,496.4894979222378,Medium
2575-GFSOE,0.5989966431440878,69.0,828.0,495.9692205233047,Medium
4013-UBXWQ,0.5534764695333177,74.65,895.8000000000001,495.8042214079461,Medium
7018-WBJNK,0.5270919243795003,78.3,939.5999999999999,495.2555721469784,Medium
9763-PDTKK,0.4369995449448263,94.4,1132.8000000000002,495.0330845134993,Medium
5294-DMSFH,0.4697415425610422,87.8,1053.6,494.91968924231406,Medium
4652-NNHNY,0.5583354400971745,73.85,886.1999999999999,494.796867014116,Medium
6715-OFDBP,0.5882781543911375,70.05,840.5999999999999,494.50661658119014,Medium
6771-XWBDM,0.3943411384809369,104.5,1254.0,494.50378765509487,Medium
9944-AEXBM,0.4810603927260202,85.65,1027.8000000000002,494.4338716438036,Medium
2672-TGEFF,0.4638765759116775,88.8,1065.6,494.30687929148354,Medium
0111-KLBQG,0.4381681279006209,93.95,1127.4,493.99074739516,Medium
6635-CPNUN,0.4261236623288655,96.6,1159.1999999999998,493.9625493716208,Medium
2919-HBCJO,0.5360519266312351,76.65,919.8000000000001,493.0605621154101,Medium
2311-QYMUQ,0.4593102508415611,89.45,1073.4,493.0236232533317,Medium
2014-MKGMH,0.40631118513876363,101.1,1213.1999999999998,492.93672981034797,Medium
6741-EGCBI,0.4538200398632295,90.5,1086.0,492.84856329146726,Medium
1565-RHDJD,0.48833052243030134,84.05,1008.5999999999999,492.5301649232019,Medium
6862-CQUMB,0.42709033878368025,96.1,1153.1999999999998,492.52057868533996,Medium
9408-HRXRK,0.3899750953168109,105.15,1261.8000000000002,492.07057527075204,Medium
8456-QDAVC,0.5209769192125575,78.7,944.4000000000001,492.0106025043394,Medium
9450-TRJUU,0.4927103571322289,83.15,997.8000000000001,491.626394346538,Medium
2079-FBMZK,0.5912747729457886,69.25,831.0,491.3493363179503,Medium
5099-BAILX,0.36961566399259804,110.75,1329.0,491.2192174461628,Medium
2203-GHNWN,0.513749448866699,79.65,955.8000000000001,491.04172322679096,Medium
9699-UBQFS,0.4328867680257273,94.5,1134.0,490.89359494117474,Medium
0265-EDXBD,0.5459263682978712,74.9,898.8000000000001,490.6786198261267,Medium
5609-IMCGG,0.48475583852713966,84.35,1012.1999999999999,490.66985975717074,Medium
2657-ALMWY,0.48122847899927274,84.95,1019.4000000000001,490.5643114918587,Medium
3692-JHONH,0.3837770404305353,106.5,1278.0,490.4670576702241,Medium
6583-QGCSI,0.4641064031165722,88.05,1056.6,490.37482553297014,Medium
0221-WMXNQ,0.5419937740849571,75.35,904.1999999999999,490.07077052761815,Medium
1746-TGTWV,0.5418395540554047,75.35,904.1999999999999,489.93132477689693,Medium
8535-SFUTN,0.38319838177944215,106.45,1277.4,489.4976128850594,Medium
5302-BDJNT,0.4270778171439103,95.5,1146.0,489.4311784469212,Medium
5536-RTPWK,0.4111312280683708,99.05,1188.6,488.6705776820655,Medium
9526-JAWYF,0.4531163436135877,89.8,1077.6,488.27817187800207,Medium
1262-OPMFY,0.5371550512577337,75.75,909.0,488.2739415932799,Medium
2694-CIUMO,0.510965118873065,79.55,954.5999999999999,487.76730247622777,Medium
7207-RMRDB,0.3849528641689206,105.5,1266.0,487.3503260378535,Medium
4360-PNRQB,0.5369699798308527,75.6,907.1999999999999,487.1391657025495,Medium
0958-YHXGP,0.5806640101632217,69.9,838.8000000000001,487.06097172491036,Medium
3540-RZJYU,0.4707199770406228,86.2,1034.4,486.91274425082025,Medium
5016-IBERQ,0.4812645216496061,84.25,1011.0,486.55843138775174,Medium
2956-GGUCQ,0.5140570145257255,78.85,946.1999999999999,486.40074714424145,Medium
3348-CFRNX,0.4386404197064603,92.35,1108.1999999999998,486.1013131186992,Medium
7739-LAXOG,0.444786433480346,91.05,1092.6,485.973657220626,Medium
9465-RWMXL,0.5130376887553186,78.9,946.8000000000001,485.7440837135357,Medium
1391-UBDAR,0.555158950098042,72.9,874.8000000000001,485.65304954576715,Medium
8327-LZKAS,0.37601048944283155,107.55,1290.6,485.2791376749184,Medium
3071-VBYPO,0.4498690131752135,89.85,1078.1999999999998,485.0487700055151,Medium
9747-DDZOS,0.5498878713479155,73.5,882.0,485.00110252886145,Medium
4184-TJFAN,0.45683237777046726,88.3,1059.6,484.0595874855871,Medium
7481-ATQQS,0.44343175103630034,90.85,1090.1999999999998,483.42929497977457,Medium
3627-FCRDW,0.5668553015472519,71.0,852.0,482.96071691825864,Medium
2027-WKXMW,0.3699790078311927,108.75,1305.0,482.8226052197065,Medium
5760-FXFVO,0.5095691711241508,78.95,947.4000000000001,482.7658327230205,Medium
5606-AMZBO,0.5147289376982436,78.15,937.8000000000001,482.71279777341283,Medium
2347-WKKAE,0.426079199508673,94.4,1132.8000000000002,482.66251720342484,Medium
3500-RMZLT,0.4173863429006804,96.3,1155.6,482.3316578560262,Medium
5233-AOZUF,0.5356317173360091,74.95,899.4000000000001,481.7471665720066,Medium
8778-LMWTJ,0.5362932969202284,74.85,898.1999999999999,481.6986392937491,Medium
7603-USHJS,0.5439964798060724,73.75,885.0,481.43688462837406,Medium
4013-TLDHQ,0.5119889902434602,78.25,939.0,480.7576618386092,Medium
8212-CRQXP,0.5005810364845624,80.0,960.0,480.5577950251799,Medium
0515-YPMCW,0.568425134241598,70.45,845.4000000000001,480.54660848784704,Medium
2325-WINES,0.38460583954155864,104.05,1248.6,480.2188512515901,Medium
2955-BJZHG,0.49426025573966115,80.85,970.1999999999999,479.5313001186192,Medium
0380-NEAVX,0.40020618781387846,99.85,1198.1999999999998,479.5270542385891,Medium
7020-OZKXZ,0.5291938822824969,75.5,906.0,479.44965734794215,Medium
4911-BANWH,0.46155058352823736,86.55,1038.6,479.3664360524273,Medium
6551-GNYDG,0.49374941014713086,80.9,970.8000000000001,479.33192737083465,Medium
3671-SHRSP,0.4950767435389185,80.6,967.1999999999999,478.8382263508419,Medium
4629-NRXKX,0.5663227517679889,70.4,844.8000000000001,478.42946069359704,Medium
5055-MGMGF,0.3794656474594526,105.05,1260.6,478.35439518738593,Medium
3370-GQEAL,0.46621419607542414,85.45,1025.4,478.05603665573994,Medium
7901-HXJVA,0.5210174886640033,76.45,917.4000000000001,477.9814441003567,Medium
3088-LHEFH,0.5041675821481911,79.0,948.0,477.9508678764852,Medium
9079-YEXQJ,0.35849490125912375,111.1,1333.1999999999998,477.9454023586637,Medium
4619-EVPHY,0.43765027534003087,91.0,1092.0,477.9141006713137,Medium
8696-JKZNU,0.52218176140323,76.25,915.0,477.7963116839555,Medium
7395-IGJOS,0.4884791002844631,81.5,978.0,477.7325600782049,Medium
5461-QKNTN,0.4218152473365114,94.3,1131.6,477.3261338859962,Medium
8687-BAFGU,0.5374522387470735,74.0,888.0,477.25758800740124,Medium
5498-TXHLF,0.4546688679898969,87.45,1049.4,477.1295100685979,Medium
3096-IZETN,0.508903521790808,78.1,937.1999999999999,476.94438062234525,Medium
1122-JWTJW,0.5620049726179788,70.65,847.8000000000001,476.4678157855224,Medium
1086-LXKFY,0.5741650851990203,69.1,829.1999999999999,476.0976886470276,Medium
3235-ETOOB,0.5324777325693916,74.5,894.0,476.0350929170361,Medium
5650-YLIBA,0.48866318742621406,81.15,973.8000000000001,475.8602119156473,Medium
8040-MNRTF,0.5576145852158707,71.1,853.1999999999999,475.75676410618087,Medium
0511-JTEOY,0.5576145852158707,71.1,853.1999999999999,475.75676410618087,Medium
3312-ZWLGF,0.49983066305643886,79.3,951.5999999999999,475.63885896450716,Medium
9432-VOFYX,0.5596440361142477,70.8,849.5999999999999,475.4735730826648,Medium
0151-ONTOV,0.5583878965498008,70.9,850.8000000000001,475.07642238457055,Medium
4846-WHAFZ,0.5175073558698716,76.5,918.0,475.0717526885422,Medium
8695-ARGXZ,0.5239915619923746,75.55,906.5999999999999,475.05075010228677,Medium
8384-FZBJK,0.3934967047386173,100.6,1207.1999999999998,475.02922196045876,Medium
5572-ZDXHY,0.4695813037911775,84.3,1011.5999999999999,475.02844691515514,Medium
0397-GZBBC,0.421765269109443,93.85,1126.1999999999998,474.99204607105463,Medium
2911-WDXMV,0.4913476168770173,80.55,966.5999999999999,474.93660647332484,Medium
8990-ZXLSU,0.5728948370825868,69.05,828.5999999999999,474.7006620066314,Medium
0519-XUZJU,0.5589676944712596,70.75,849.0,474.5635726060994,Medium
1095-JUDTC,0.41599690202955514,95.05,1140.6,474.48606645491054,Medium
0817-HSUSE,0.5235726090710039,75.5,906.0,474.3567838183295,Medium
8519-QJGJD,0.5246114005350333,75.35,904.1999999999999,474.3536283637771,Medium
2432-TFSMK,0.4409883713590882,89.6,1075.1999999999998,474.15069688529155,Medium
9540-JYROE,0.5636472492280604,70.1,841.1999999999999,474.1400660506444,Medium
6729-GDNGC,0.48959252256377844,80.7,968.4000000000001,474.1213988507631,Medium
2573-GYRUU,0.43391241309723666,91.05,1092.6,474.0927025500407,Medium
5453-AXEPF,0.49073973843292784,80.5,966.0,474.0545873262083,Medium
6458-CYIDZ,0.4895229697155325,80.7,968.4000000000001,474.05404387252173,Medium
3002-WQZWT,0.5322978197445617,74.2,890.4000000000001,473.95797870055776,Medium
3884-HCSWG,0.564233815978054,70.0,840.0,473.95640542156536,Medium
0947-MUGVO,0.5362267103628919,73.65,883.8000000000001,473.9171666187239,Medium
1062-LHZOD,0.5648970995733414,69.9,838.8000000000001,473.8356871221188,Medium
3398-ZOUAA,0.5713124397303617,69.1,829.1999999999999,473.7322750244159,Medium
2027-CWDNU,0.46108941715874974,85.6,1027.1999999999998,473.6310493054676,Medium
2811-POVEX,0.44613604522084316,88.45,1061.4,473.52879839740297,Medium
9777-WJJPR,0.4450179943008983,88.65,1063.8000000000002,473.41014233729567,Medium
8584-KMVXD,0.521770941271614,75.6,907.1999999999999,473.35059792160826,Medium
6259-WJQLC,0.48634721324293856,81.1,973.1999999999999,473.31310792802776,Medium
5605-IYGFG,0.5645773434804591,69.85,838.1999999999999,473.22872930532077,Medium
2468-SJFLM,0.5307099739183141,74.3,891.5999999999999,473.1810127455688,Medium
1685-BQULA,0.421953704976593,93.4,1120.8000000000002,472.92571253776555,Medium
0320-JDNQG,0.39456204940811246,99.85,1198.1999999999998,472.7642476008003,Medium
0727-BMPLR,0.39377601923298483,100.0,1200.0,472.5312230795818,Medium
1769-GRUIK,0.553541820705448,71.1,853.1999999999999,472.2818814258882,Medium
8019-ENHXU,0.39559159801460186,99.45,1193.4,472.0990130706259,Medium
8631-WUXGY,0.39418674645712865,99.8,1197.6,472.07804755705723,Medium
8782-LKFPK,0.435152502673838,90.4,1084.8000000000002,472.05343490057953,Medium
2067-QYTCF,0.3536224792520643,111.15,1333.8000000000002,471.6616628264034,Medium
2696-NARTR,0.5320134103060142,73.85,886.1999999999999,471.47028421318976,Medium
4741-WWJQZ,0.4901274494884774,80.15,961.8000000000001,471.4045809180176,Medium
7460-ITWWP,0.4562302421740172,86.1,1033.1999999999998,471.3770862141945,Medium
3161-GETRM,0.4359321542020122,90.05,1080.6,471.0682858306943,Medium
2208-UGTGR,0.3980443098080389,98.6,1183.1999999999998,470.96602736487154,Medium
1346-UFHAX,0.49021300987573263,80.0,960.0,470.6044894807033,Medium
4110-PFEUZ,0.5636001611961954,69.55,834.5999999999999,470.3806945343446,Medium
8058-DMYRU,0.4347161987938616,90.05,1080.6,469.7543244166468,Medium
2971-SGAFL,0.4969598382608624,78.75,945.0,469.62704715651495,Medium
8486-AYEQH,0.5142297560880289,76.05,912.5999999999999,469.28607540593515,Medium
5940-AHUHD,0.5533122549946411,70.6,847.1999999999999,468.7661424314599,Medium
1323-OOEPC,0.39690070322669924,98.4,1180.8000000000002,468.6603503700865,Medium
0666-UXTJO,0.4582313378562057,85.2,1022.4000000000001,468.49571982418473,Medium
2920-RNCEZ,0.5579608702220379,69.95,839.4000000000001,468.35235446437866,Medium
2085-BOJKI,0.4037174908678646,96.65,1159.8000000000002,468.2315459085495,Medium
4919-MOAVT,0.5600557902133819,69.65,835.8000000000001,468.09462946034466,Medium
9283-LZQOH,0.5232547604545634,74.4,892.8000000000001,467.16185013383426,Medium
6591-QGOYB,0.36495555650070116,106.65,1279.8000000000002,467.0701212095974,Medium
7567-ECMCM,0.4874446502275275,79.85,958.1999999999999,467.06946384801677,Medium
8630-FJLIB,0.5566731964440962,69.8,837.5999999999999,466.2694693415749,Medium
7272-QDCKA,0.38762580347219555,100.2,1202.4,466.081266094968,Medium
0363-QJVFX,0.3589039676458436,108.15,1297.8000000000002,465.78556921077586,Medium
6233-HXJMX,0.4345920861622353,89.3,1071.6,465.7088795314513,Medium
1855-AGAWH,0.41326885562417065,93.8,1125.6,465.17542389056644,Medium
2105-PHWON,0.40772332120907945,95.0,1140.0,464.8045861783506,Medium
2302-ANTDP,0.3297491683643379,117.45,1409.4,464.74847789269785,Medium
5673-FSSMF,0.6438724230118975,60.15,721.8,464.7471149299876,Medium
5884-GCYMI,0.5579571476337162,69.4,832.8000000000001,464.66671254935886,Medium
0577-WHMEV,0.42683055514776574,90.7,1088.4,464.5623762228283,Medium
7129-CAKJW,0.4834423033658973,80.05,960.5999999999999,464.39467661328086,Medium
5044-LRQAQ,0.5585781749235166,69.2,830.4000000000001,463.8433164564882,Medium
3877-JRJIP,0.6456804057444073,59.85,718.2,463.7276674056334,Medium
3162-KKZXO,0.3858531512338459,100.15,1201.8000000000002,463.71831715283605,Medium
4829-AUOAX,0.4021547179026725,96.05,1152.6,463.5235278546203,Medium
4523-WXCEF,0.38169166540037436,101.1,1213.1999999999998,463.0683284637341,Medium
9643-AVVWI,0.48202119653052516,80.0,960.0,462.7403486693042,Medium
9412-GHEEC,0.36778153515952366,104.8,1257.6,462.5220586166169,Medium
3703-VAVCL,0.4281461874860608,90.0,1080.0,462.3978824849457,Medium
4811-JBUVU,0.42858869591655674,89.9,1078.8000000000002,462.36148515478146,Medium
8468-EHYJA,0.38662301289547024,99.65,1195.8000000000002,462.3237988204034,Medium
9574-RKJIF,0.4077842251539979,94.4,1132.8000000000002,461.93797025444894,Medium
4176-FXYBO,0.3513506270682964,109.55,1314.6,461.8855343439824,Medium
2360-RDGRO,0.3691274898001953,104.25,1251.0,461.7784897400443,Medium
5502-RLUYV,0.37006123229868504,103.95,1247.4,461.6143811693797,Medium
7130-YXBRO,0.3451141549264795,111.45,1337.4,461.5556707986737,Medium
3737-XBQDD,0.452906595454679,84.85,1018.1999999999999,461.1494954919541,Medium
2615-YVMYX,0.35721858083905367,107.5,1290.0,460.8119692823792,Medium
3717-OEAUQ,0.543096439827868,70.7,848.4000000000001,460.7630195499633,Medium
5649-VUKMC,0.40169133967423776,95.5,1146.0,460.3382752666765,Medium
8642-GVWRF,0.4812626664619472,79.7,956.4000000000001,460.2796142042064,Medium
0829-XXPLX,0.4287202588267951,89.4,1072.8000000000002,459.93109366938586,Medium
6331-LWDTQ,0.5309598360350196,72.15,865.8000000000001,459.70502603912,Medium
0481-SUMCB,0.37476337531291076,102.15,1225.8000000000002,459.3849454585661,Medium
3466-RITXD,0.4140156291400394,92.4,1108.8000000000002,459.06052959047577,Medium
4329-YPDDQ,0.35354951038270305,108.2,1298.4,459.0486842809017,Medium
8819-IMISP,0.47506518020764704,80.45,965.4000000000001,458.6279249724625,Medium
5816-QVHRX,0.38033653706962495,100.3,1203.6,457.77305601700056,Medium
0256-LTHVJ,0.47015395717096686,81.05,972.5999999999999,457.2717387444823,Medium
1319-YLZJG,0.4503622226016599,84.6,1015.1999999999999,457.20772838520514,Medium
2189-WWOEW,0.44344309535171933,85.9,1030.8000000000002,457.1011426885524,Medium
2501-XWWTZ,0.5419111575513014,70.2,842.4000000000001,456.50595912121634,Medium
0411-EZJZE,0.631263268741797,60.25,723.0,456.4033433003192,Medium
8020-BWHYL,0.5046960295427722,75.3,903.5999999999999,456.0433322948489,Medium
4501-EQDRN,0.545191276837285,69.7,836.4000000000001,455.9979839467052,Medium
7576-JMYWV,0.3447531944553405,110.2,1322.4,455.90162434774226,Medium
5028-GZLDO,0.5371809258425435,70.7,848.4000000000001,455.74429748481396,Medium
8160-HOWOX,0.5680101487676205,66.85,802.1999999999999,455.6577413413851,Medium
7064-FRRSW,0.38330635599301266,99.0,1188.0,455.367950919699,Medium
9732-EQMWY,0.3817554396135107,99.4,1192.8000000000002,455.3578883709956,Medium
0133-BMFZO,0.4398697142155034,86.25,1035.0,455.26515421304606,Medium
0089-IIQKO,0.3794190662303189,99.95,1199.4,455.07522803664455,Medium
5998-VVEJY,0.47102517383508435,80.5,966.0,455.0103179246915,Medium
8992-JQYUN,0.7526780120487012,50.35,604.2,454.7680548798253,Medium
0927-LCSMG,0.506984314867208,74.65,895.8000000000001,454.15654925804495,Medium
7924-GJZFI,0.5456111891253583,69.3,831.5999999999999,453.73026487664794,Medium
3571-RFHAR,0.3463585045655079,109.15,1309.8000000000002,453.6603692799023,Medium
6034-YMTOB,0.4990638852037869,75.65,907.8000000000001,453.05019498799777,Medium
5118-MUEYH,0.3590738418661362,105.1,1261.1999999999998,452.86392936157097,Medium
6557-BZXLQ,0.5416782869468763,69.65,835.8000000000001,452.7347122301992,Medium
8543-MSDMF,0.48720363691256846,77.4,928.8000000000001,452.51473796439365,Medium
5108-ADXWO,0.5129976632443157,73.5,882.0,452.4639389814865,Medium
7975-TZMLR,0.3655757209896842,103.1,1237.1999999999998,452.29028200843726,Medium
8120-JDCAM,0.539885282965665,69.55,834.5999999999999,450.5882571631439,Medium
4512-ZUIYL,0.5360621070680861,70.0,840.0,450.29216993719234,Medium
9714-EDSUC,0.3953469578353191,94.9,1138.8000000000002,450.22111558286144,Medium
6166-ILMNY,0.5363997117123702,69.75,837.0,448.9665587032539,Medium
8640-SDGKB,0.5020069166558581,74.4,892.8000000000001,448.1917751903501,Medium
2040-VZIKE,0.37013349325142786,100.85,1210.1999999999998,447.9355535328779,Medium
1258-YMZNM,0.33770959536775613,110.5,1326.0,447.8029234576446,Medium
1481-ZUWZA,0.39437178797012973,94.5,1134.0,447.2176075581271,Medium
8802-UNOJF,0.44470498771452943,83.8,1005.5999999999999,447.1953356457308,Medium
5035-BVCXS,0.49097228514043867,75.9,910.8000000000001,447.1775573059116,Medium
6906-ANDWJ,0.4974941694880498,74.9,898.8000000000001,447.1477595358592,Medium
3976-BWUCK,0.3959319510353261,94.1,1129.1999999999998,447.08635910909015,Medium
4503-BDXBD,0.49641519057640854,74.95,899.4000000000001,446.4758224044219,Medium
7547-EKNFS,0.39048830346980706,95.25,1143.0,446.32813086598946,Medium
0265-PSUAE,0.3693049492512723,100.7,1208.4,446.26810067523746,Medium
5712-AHQNN,0.4052698552039038,91.65,1099.8000000000002,445.71578675325344,Medium
2506-CLAKW,0.37832171483904603,98.15,1177.8000000000002,445.58731573742847,Medium
3714-NTNFO,0.4389043404790231,84.5,1014.0,445.0490012457294,Medium
3838-OZURD,0.3528229850900587,105.0,1260.0,444.556961213474,Medium
0310-MVLET,0.37352035713974446,99.15,1189.8000000000002,444.41452092486804,Medium
8348-HFYIV,0.7517743523552908,49.25,591.0,444.29864224197684,Medium
7855-DIWPO,0.5391300066755996,68.65,823.8000000000001,444.135299499359,Medium
1399-UBQIU,0.5335923060699378,69.35,832.1999999999999,444.0555171114022,Medium
5175-WLYXL,0.4693000946435467,78.85,946.1999999999999,444.05174955172384,Medium
0701-RFGFI,0.38769169813495763,95.4,1144.8000000000002,443.82945602489957,Medium
1216-BGTSP,0.3409463985219755,108.45,1301.4,443.70764303649895,Medium
8155-IBNHG,0.4902224345870831,75.4,904.8000000000001,443.5532588143928,Medium
7126-RBHSD,0.46831274278118834,78.9,946.8000000000001,443.39850486522914,Medium
4566-GOLUK,0.3441328234088421,107.35,1288.1999999999998,443.31190311527035,Medium
4828-FAZPK,0.4619955848080642,79.95,959.4000000000001,443.2385640648568,Medium
7978-DKUQH,0.4951102237241003,74.6,895.1999999999999,443.2226722778145,Medium
9445-SZLCH,0.3792455167879586,97.35,1168.1999999999998,443.03461271169317,Medium
3804-RVTGV,0.3555066404466012,103.85,1246.1999999999998,443.0323753245543,Medium
2037-XJFUP,0.3850825241616146,95.8,1149.6,442.6908697761921,Medium
2373-NTKOD,0.5566694231421063,66.25,795.0,442.5521913979745,Medium
6362-QHAFM,0.3404604859898174,108.3,1299.6,442.46244759236663,Medium
3755-JBMNH,0.5134540972536915,71.8,861.5999999999999,442.39205019378056,Medium
1587-FKLZB,0.3703606839021202,99.5,1194.0,442.2106565791315,Medium
4480-MBMLB,0.35151486028743467,104.8,1257.6,442.0650882974778,Medium
8329-UTMVM,0.3519026221275818,104.65,1255.8000000000002,441.91931286781727,Medium
3657-COGMW,0.34060188995925844,108.1,1297.1999999999998,441.82877165515,Medium
7562-UXTPG,0.5238180020231025,70.15,841.8000000000001,440.9499941030477,Medium
2983-ZANRP,0.49943423809846493,73.55,882.5999999999999,440.8006585457051,Medium
3349-ANQNH,0.3689689729945011,99.5,1194.0,440.5489537554343,Medium
5813-UECBU,0.43783436629734535,83.85,1006.1999999999999,440.54893936838886,Medium
0537-QYZZN,0.45915591205261835,79.85,958.1999999999999,439.9631949288189,Medium
5628-RKIFK,0.3598561516337264,101.55,1218.6,438.520706380859,Medium
9518-XXBXE,0.4844858754953651,75.3,903.5999999999999,437.78143709761184,Medium
7682-AZNDK,0.4059490442754402,89.85,1078.1999999999998,437.69425953777954,Medium
3130-ICDUP,0.45190634066600344,80.55,966.5999999999999,436.8126688877589,Medium
9365-SRSZE,0.5156525312300109,70.55,846.5999999999999,436.5514329393271,Medium
3452-ABWRL,0.4226102939610903,86.05,1032.6,436.3873895442218,Medium
2041-JIJCI,0.5675623789518871,64.0,768.0,435.8879070350493,Medium
9233-PSYHO,0.36229374623436855,100.15,1201.8000000000002,435.4046242244642,Medium
3094-JOJAI,0.4878643568284832,74.15,889.8000000000001,434.1017047059844,Medium
1421-HCERK,0.34222704837610346,105.7,1268.4,434.08078816024965,Medium
0118-JPNOY,0.4210045752301086,85.8,1029.6,433.46631065691975,Medium
5389-FFVKB,0.4496824062103483,80.3,963.5999999999999,433.31396662429154,Medium
3866-MDTUB,0.5103236183122022,70.75,849.0,433.26475194705966,Medium
4704-ERYFC,0.5213100463686036,69.25,831.0,433.20864853230955,Medium
4526-ZJJTM,0.4082066425975492,88.4,1060.8000000000002,433.02560646748026,Medium
5394-SVGJV,0.3647893900494089,98.8,1185.6,432.49430084257915,Medium
7410-OIEDU,0.45130248493031255,79.85,958.1999999999999,432.43804106022543,Medium
7503-QQRVF,0.4845644618857652,74.3,891.5999999999999,432.0376742173482,Medium
5022-JNQEQ,0.4743015572167086,75.85,910.1999999999999,431.7092773786481,Medium
9398-MMQTO,0.4831338613139862,74.45,893.4000000000001,431.63179169791533,Medium
9620-ENEJV,0.5090829239905661,70.55,846.5999999999999,430.9896034504132,Medium
6745-JEFZB,0.39231292660518524,91.5,1098.0,430.7595934124934,Medium
4657-FWVFY,0.37254887414516136,96.35,1156.1999999999998,430.7410082866355,Medium
1548-FEHVL,0.33763089923413175,106.2,1274.4,430.27681798397754,Medium
6845-RGTYS,0.362300906799461,98.75,1185.0,429.32657455736125,Medium
9940-HPQPG,0.3896288469966423,91.75,1101.0,428.9813605433032,Medium
9137-UIYPG,0.3343198308357483,106.9,1282.8000000000002,428.865478996098,Medium
9821-POOTN,0.4747895880584228,75.2,902.4000000000001,428.45012426392077,Medium
0422-UXFAP,0.361083572896563,98.85,1186.1999999999998,428.31733416990295,Medium
3329-WDIOK,0.7051468952241665,50.6,607.2,428.16519478011395,Medium
1728-CXQBE,0.37854491186530637,94.25,1131.0,428.1342953196615,Medium
7641-EUYET,0.3541932075690401,100.7,1208.4,428.0070720264281,Medium
7537-CBQUZ,0.32563194775206666,109.4,1312.8000000000002,427.48962100891316,Medium
3677-TNKIO,0.5012498420907753,71.0,852.0,427.06486546134056,Medium
4760-THGOT,0.37776293075808326,94.1,1129.1999999999998,426.56990141202755,Medium
1552-AAGRX,0.3339197970510742,106.4,1276.8000000000002,426.3487968748116,Medium
2359-KLTEK,0.37417928978380804,94.9,1138.8000000000002,426.11537520580066,Medium
0867-MKZVY,0.43024947785087725,82.4,988.8000000000001,425.43068369894746,Medium
6847-KJLTS,0.3531071945515393,100.4,1204.8000000000002,425.42354799569466,Medium
9052-VKDUW,0.32392808420420344,109.4,1312.8000000000002,425.25278894327835,Medium
9158-VCTQB,0.3119502012369471,113.6,1363.1999999999998,425.25051432620626,Medium
4361-BKAXE,0.3093037523066581,114.5,1374.0,424.9833556693482,Medium
8404-GFGCZ,0.5398394395950387,65.6,787.1999999999999,424.9616068492144,Medium
2951-QOQTK,0.4370752087864495,80.8,969.5999999999999,423.7881224393414,Medium
1427-VERSM,0.3577572067294377,98.7,1184.4,423.7276356503461,Medium
9048-JVYVF,0.5086080564033122,69.35,832.1999999999999,423.2636245388364,Medium
5213-TWWJU,0.3869691044941421,91.0,1092.0,422.5702621076032,Medium
2604-IJPDU,0.3645691011600086,96.55,1158.6,422.38976060398596,Medium
0691-IFBQW,0.31993047315075407,110.0,1320.0,422.3082245589954,Medium
6946-LMSQS,0.3950842540434877,89.05,1068.6,422.1870338708709,Medium
0637-UBJRP,0.41854489119841026,84.05,1008.5999999999999,422.14437726271655,Medium
4465-VDKIQ,0.4520505898654416,77.8,933.5999999999999,422.03443069837624,Medium
5651-YLPRD,0.4079054657970879,86.1,1033.1999999999998,421.4479272615512,Medium
9469-WEJBT,0.3875948262944231,90.35,1084.1999999999998,420.23031066841344,Medium
6204-IEUXJ,0.43681542918306254,80.1,961.1999999999999,419.86699053075967,Medium
5122-CYFXA,0.4643844212641388,75.3,903.5999999999999,419.61776305427577,Medium
9239-ZBZZV,0.728978358860878,47.95,575.4000000000001,419.45414768854926,Medium
6652-YFFJO,0.53833559524231,64.9,778.8000000000001,419.2557615747111,Medium
2883-ILGWO,0.3330407217922766,104.9,1258.8000000000002,419.23166059211786,Medium
7277-OZCGZ,0.39222702212862065,89.05,1068.6,419.133795846644,Medium
6260-ONULR,0.5561619201245113,62.8,753.5999999999999,419.12362300583163,Medium
2144-BFDSO,0.32090931520944216,108.75,1305.0,418.786656348322,Medium
0407-BDJKB,0.36435126161440656,95.75,1149.0,418.63959959495315,Medium
6711-VTNRE,0.39830855592260345,87.55,1050.6,418.46296885228713,Medium
9822-WMWVG,0.32741777758248847,106.5,1278.0,418.43991975042024,Medium
4391-LNRXK,0.36715113773723684,94.95,1139.4,418.3320063378077,Medium
4993-JCRGJ,0.4133009449417452,84.3,1011.5999999999999,418.0952359030694,Medium
0730-KOAVE,0.3693136662747511,94.3,1131.6,417.9153447565083,Medium
0348-SDKOL,0.34103037328101826,102.1,1225.1999999999998,417.8304133439035,Medium
7529-ZDFXI,0.38746833479526804,89.85,1078.1999999999998,417.7683585762579,Medium
3943-KDREE,0.46446897028096995,74.95,899.4000000000001,417.74339187070444,Medium
2476-YGEFM,0.457649021078873,76.0,912.0,417.3759072239322,Medium
6390-DSAZX,0.47218565698121606,73.6,883.1999999999999,417.03437224581,Medium
1785-BPHTP,0.40655875302156647,85.45,1025.4,416.8853453483143,Medium
3799-ISUZQ,0.49593165555670854,69.95,839.4000000000001,416.2850316743012,Medium
0578-SKVMF,0.41580745452490436,83.3,999.5999999999999,415.6411315430944,Medium
2519-LBNQL,0.3308430238541341,104.35,1252.1999999999998,414.2816344701467,Medium
7251-LJBQN,0.332731140410395,103.75,1245.0,414.25026981094175,Medium
7993-PYKOF,0.46001005946177387,75.0,900.0,414.00905351559646,Medium
6692-YQHXC,0.49283752218944205,69.95,839.4000000000001,413.6878161258177,Medium
9824-BEMCV,0.49928796544586174,69.0,828.0,413.41043538917353,Medium
2122-YWVYA,0.4563002936828332,75.4,904.8000000000001,412.8605057242275,Medium
5419-KLXBN,0.3853809866209604,89.15,1069.8000000000002,412.28057948710347,Medium
7318-EIVKO,0.5797544990359581,59.25,711.0,412.20544881456624,Medium
4398-HSCJH,0.5391317947666486,63.6,763.2,411.46538576590626,Medium
4607-CHPCA,0.37883931029731754,90.4,1084.8000000000002,410.9648838105301,Medium
7351-KYHQH,0.5272540332622505,64.95,779.4000000000001,410.9417935245981,Medium
9552-TGUZV,0.45638986839619133,75.0,900.0,410.7508815565722,Medium
1228-ZLNBX,0.45426990512864485,75.3,903.5999999999999,410.47828627424343,Medium
3987-KQDDU,0.4511885636044384,75.6,907.1999999999999,409.31826490194646,Medium
1597-FZREH,0.4462869385809953,76.4,916.8000000000001,409.1558652910565,Medium
2737-WFVYW,0.7534827281971127,45.25,543.0,409.1411214110322,Medium
5895-QSXOD,0.48558721311997227,70.05,840.5999999999999,408.1846113486487,Medium
2074-GUHPQ,0.36693386220683977,92.7,1112.4,408.1772283188886,Medium
4989-LIXVT,0.35445226058327517,95.9,1150.8000000000002,407.9036614792331,Medium
2139-FQHLM,0.3777237320318292,89.95,1079.4,407.7149963551565,Medium
2195-ZRVAX,0.3982468109855971,85.3,1023.5999999999999,407.6454357248572,Medium
5977-CKHON,0.3669584331583025,92.55,1110.6,407.54403586561074,Medium
3627-FHKBK,0.4508992770625311,75.3,903.5999999999999,407.43258675370305,Medium
5671-UUNXD,0.3371546340691845,100.65,1207.8000000000002,407.2153670287611,Medium
2869-ADAWR,0.37958595811359735,89.3,1071.6,406.7643127145309,Medium
7240-ETPTR,0.6948092018979055,48.75,585.0,406.4633831102747,Medium
5600-KTXFM,0.4839641116293953,69.95,839.4000000000001,406.23947530171444,Medium
4660-IRIBM,0.38482520044088725,87.9,1054.8000000000002,405.91362142504795,Medium
6173-GOLSU,0.3566990577419616,94.65,1135.8000000000002,405.13878978332,Medium
5886-VLQVU,0.375710125309943,89.85,1078.1999999999998,405.0906571091805,Medium
2403-BCASL,0.3014666477711683,111.95,1343.4,404.9902946157875,Medium
2207-QPJED,0.3749815997556052,90.0,1080.0,404.9801277360536,Medium
9029-FEGVJ,0.4253031740940905,79.3,951.5999999999999,404.7185004679365,Medium
6961-VCPMC,0.41930985370491275,80.4,964.8000000000001,404.55014685449987,Medium
2235-DWLJU,0.7588081689216649,44.4,532.8,404.29299240146304,Medium
9470-XCCEM,0.37575624364845694,89.65,1075.8000000000002,404.2385669170101,Medium
8993-IZEUX,0.48695485713034853,69.15,829.8000000000001,404.0751404467632,Medium
2921-XWDJH,0.40341534000593776,83.45,1001.4000000000001,403.9801214819461,Medium
6664-FPDAC,0.30065132241004194,111.95,1343.4,403.8949865256504,Medium
2636-OHFMN,0.6927017286033191,48.55,582.5999999999999,403.56802708429365,Medium
7030-NJVDP,0.3764813157583377,89.25,1071.0,403.2114891771797,Medium
1084-UQCHV,0.4811759082998175,69.75,837.0,402.74423524694726,Medium
3969-GYXEL,0.43928098732606885,76.4,916.8000000000001,402.73280918053996,Medium
9369-XFEHK,0.416389774669018,80.6,967.1999999999999,402.7321900598742,Medium
4636-JGAAI,0.37698652188254755,88.85,1066.1999999999998,401.9430296311721,Medium
1636-NTNCO,0.6573655934307695,50.95,611.4000000000001,401.9133238235725,Medium
7718-RXDGG,0.48822968128222566,68.6,823.1999999999999,401.91067363152814,Medium
9921-EZKBY,0.3513893338410859,95.3,1143.6,401.84884218066577,Medium
6017-PPLPX,0.4750710778850672,70.45,845.4000000000001,401.62508924403585,Medium
1656-DRSMG,0.3046001838138689,109.85,1318.1999999999998,401.5239623034419,Medium
9272-LSVYH,0.4767938686849415,70.15,841.8000000000001,401.3650786589838,Medium
2683-BPJSO,0.39604963122867737,84.45,1013.4000000000001,401.3566962871417,Medium
5035-PGZXH,0.31271916744504963,106.8,1281.6,400.7808849975756,Medium
7967-HYCDE,0.4713531425877948,70.7,848.4000000000001,399.89600617148517,Medium
4116-TZAQJ,0.44877956511793776,74.25,891.0,399.86259252008256,Medium
2632-UCGVD,0.3330054897663748,100.05,1200.6,399.80639101350954,Medium
2969-QWUBZ,0.6477682851395502,51.4,616.8,399.5434782740745,Medium
9800-ONTFE,0.43871626638221395,75.8,909.5999999999999,399.05631590126177,Medium
3898-GUYTS,0.3417962842141695,97.05,1164.6,398.0559525958218,Medium
4821-SJHJV,0.3697867024466186,89.6,1075.1999999999998,397.59466247060425,Medium
9919-YLNNG,0.3190123217791872,103.8,1245.6,397.36174800815553,Medium
6646-JPPHA,0.4194059928763645,78.85,946.1999999999999,396.84195045961604,Medium
0943-ZQPXH,0.3551239403630024,92.95,1115.4,396.1052430808929,Medium
2523-EWWZL,0.43300169457749255,76.1,913.1999999999999,395.41714748816617,Medium
7067-KSAZT,0.310051569417158,106.25,1275.0,395.31575100687644,Medium
2674-MLXMN,0.3305657269975065,99.65,1195.8000000000002,395.2904963436184,Medium
1644-IRKSF,0.35112671007308494,93.8,1125.6,395.22822485826435,Medium
3569-EDBPQ,0.3902839406084915,84.35,1012.1999999999999,395.045404683915,Medium
7517-SAWMO,0.449656091842532,73.2,878.4000000000001,394.9779110744802,Medium
2133-TSRRM,0.31231412170910017,105.35,1264.1999999999998,394.82751266464436,Medium
6416-YJTTB,0.41379267452940366,79.5,954.0,394.7582115010511,Medium
4983-CLMLV,0.319632904140768,102.7,1232.4,393.9155910630825,Medium
1670-SVOWZ,0.36606490728597196,89.65,1075.8000000000002,393.8126272582487,Medium
6078-VESFR,0.4651636507874049,70.45,845.4000000000001,393.2493503756721,Medium
2495-INZWQ,0.7340142371771513,44.55,534.5999999999999,392.404011194905,Medium
2640-PMGFL,0.41097340660241793,79.5,954.0,392.0686298987067,Medium
1866-OBPNR,0.4370303273484923,74.6,895.1999999999999,391.22954904237025,Medium
8008-HAWED,0.6418113098463498,50.75,609.0,390.86308769642704,Medium
7296-PIXQY,0.46385722172041305,70.2,842.4000000000001,390.753323577276,Medium
2386-OWURY,0.3416460157987685,95.3,1143.6,390.70638366747164,Medium
1304-BCCFO,0.4646142463168122,70.05,840.5999999999999,390.5547354539123,Medium
2960-NKRSO,0.3785633289783594,85.95,1031.4,390.45021750827993,Medium
8152-UOBNY,0.30451994141312294,106.8,1281.6,390.2727569150583,Medium
3481-JHUZH,0.40504663710320593,80.25,963.0,390.0599115303873,Medium
5419-JKZNQ,0.41711614551271725,77.9,934.8000000000001,389.9201728252881,Medium
9356-AXGMP,0.2932123888747824,110.7,1328.4,389.50333738126096,Medium
8677-HDZEE,0.3077283542749306,105.45,1265.4,389.39945949949725,Medium
2378-HTWFW,0.3565232449798288,91.0,1092.0,389.323383517973,Medium
3211-ILJTT,0.46037945870463787,70.4,844.8000000000001,388.9285667136781,Medium
8564-LDKFL,0.3056629478124387,106.0,1272.0,388.803269617422,Medium
6022-UGGSO,0.4353304776301684,74.4,892.8000000000001,388.6630504282144,Medium
4948-WBBKL,0.43230391239269406,74.9,898.8000000000001,388.55475645855347,Medium
2070-FNEXE,0.423081735885937,76.45,917.4000000000001,388.13518450175866,Medium
4010-YLMVT,0.30331559278485787,106.6,1279.1999999999998,388.0013062903901,Medium
8552-OBVRU,0.3092734686142545,104.5,1254.0,387.8289296422751,Medium
6825-UYPFK,0.42739511100935496,75.6,907.1999999999999,387.7328447076868,Medium
6080-TCMYC,0.39753765721545203,81.2,974.4000000000001,387.36069319073647,Medium
7789-HKSBS,0.30682102428742536,105.2,1262.4,387.3308610604458,Medium
6807-SIWJI,0.30768249944423254,104.85,1258.1999999999998,387.1261208007333,Medium
2669-OIDSD,0.3224129134066172,100.05,1200.6,387.0889438359846,Medium
0641-EVBOJ,0.3917945574255722,82.3,987.5999999999999,386.93630491349506,Medium
3317-HRTNN,0.7054649653659948,45.7,548.4000000000001,386.8769870067116,Medium
6646-QVXLR,0.31070154963391805,103.75,1245.0,386.823429294228,Medium
9169-BSVIN,0.4307252106356654,74.75,897.0,386.3605139401918,Medium
0410-IPFTY,0.3831382745702013,83.85,1006.1999999999999,385.5137318725365,Medium
5909-ECHUI,0.5706733338413231,56.25,675.0,385.2045003428931,Medium
5916-QEWPT,0.4647787349327536,69.0,828.0,384.83679252432,Medium
1910-FMXJM,0.39884583635654824,80.4,964.8000000000001,384.8064629167978,Medium
8178-EYZUO,0.3421519953401514,93.7,1124.4,384.71570356046624,Medium
9909-IDLEK,0.32987666845073355,96.8,1161.6,383.18473807237206,Medium
7486-KSRVI,0.319026194574807,100.0,1200.0,382.8314334897684,Medium
0674-EYYZV,0.5837375180491049,54.65,655.8,382.815064336603,Medium
8840-DQLGN,0.31727516736619715,100.5,1206.0,382.63385184363375,Medium
2792-LSHWX,0.38207730128560535,83.4,1000.8000000000001,382.38296312663385,Medium
9822-OAOVB,0.5737433681320953,55.45,665.4000000000001,381.7688371550962,Medium
3063-QFSZL,0.5739350592383411,55.4,664.8,381.5520273816491,Medium
8648-PFRMP,0.6855547691366722,46.35,556.2,381.3055625938171,Medium
9389-ACWBI,0.45387634880271915,69.95,839.4000000000001,380.9838071850025,Medium
2141-RRYGO,0.4624680713810119,68.65,823.8000000000001,380.98119720367765,Medium
8651-ENBZX,0.2994722619386612,106.0,1272.0,380.92871718597706,Medium
3207-OYBWH,0.3331193613626035,95.25,1143.0,380.7554300374558,Medium
0080-OROZO,0.3187621872914064,99.25,1191.0,379.645765064065,Medium
7927-AUXBZ,0.37078211667075556,85.15,1021.8000000000001,378.86516681417805,Medium
9812-GHVRI,0.3764680270912007,83.85,1006.1999999999999,378.8021288591661,Medium
1436-ZMJAN,0.46550007075765254,67.8,813.5999999999999,378.7308575684261,Medium
0533-BNWKF,0.3690461053646517,85.45,1025.4,378.4198764409139,Medium
7568-PODML,0.6952168107586962,45.3,543.5999999999999,377.9198583284272,Medium
0599-XNYDO,0.4511127775406655,69.8,837.5999999999999,377.8520624680614,Medium
4818-DRBQT,0.392377491108361,80.15,961.8000000000001,377.3886709480216,Medium
6217-TOWGS,0.417022999777865,75.4,904.8000000000001,377.32241019901227,Medium
6234-PFPXL,0.3275815285507892,95.9,1150.8000000000002,376.98082305624825,Medium
5501-TVMGM,0.5683233268989889,55.25,663.0,376.79836573402963,Medium
4007-NHVHI,0.32408138087484634,96.85,1162.1999999999998,376.6473808527464,Medium
3346-BRMIS,0.6489559487781474,48.35,580.2,376.52424148108116,Medium
1357-BIJKI,0.3190233208985762,98.25,1179.0,376.12849533942136,Medium
0327-WFZSY,0.313121957368109,100.0,1200.0,375.74634884173076,Medium
3583-EKAPL,0.5692845971314656,55.0,660.0,375.7278341067673,Medium
3669-LVWZB,0.6128698952820439,51.0,612.0,375.0763759126109,Medium
7511-YMXVQ,0.6874424001687405,45.4,544.8,374.5186196119298,Medium
0365-GXEZS,0.3984804879086378,78.2,938.4000000000001,373.93408985346576,Medium
0691-NIKRI,0.293801775895957,105.95,1271.4,373.5395778741198,Medium
0596-BQCEQ,0.3108065581156291,100.15,1201.8000000000002,373.5273215433631,Medium
3234-VKACU,0.44256173648986946,70.3,843.5999999999999,373.34508090285385,Medium
7627-JKIAZ,0.3940518119588609,78.95,947.4000000000001,373.32468664982486,Medium
9495-SKLKD,0.3241932389446805,95.95,1151.4,373.27609532090514,Medium
3192-LNKRK,0.36987396457308624,84.05,1008.5999999999999,373.05488066841474,Medium
6702-OHFWR,0.7177742993725932,43.3,519.5999999999999,372.95552595399937,Medium
8496-EJAUI,0.42062880082160625,73.85,886.1999999999999,372.76124328810744,Medium
6778-YSNIH,0.5263665434196684,59.0,708.0,372.6675127411252,Medium
9286-DOJGF,0.41420581810725476,74.95,899.4000000000001,372.536712805665,Medium
8751-EDEKA,0.34515525818453713,89.9,1078.8000000000002,372.35349252947873,Medium
8761-NSOBC,0.308032379554636,100.55,1206.6,371.6718691706238,Medium
7615-ESMYF,0.6939641829847231,44.6,535.2,371.4096307334238,Medium
7284-BUYEC,0.6068992759333448,50.95,611.4000000000001,371.0582173056471,Medium
7077-XJMET,0.4166416194533693,74.15,889.8000000000001,370.72771298960805,Medium
8495-LJDFO,0.28341805175492873,108.95,1307.4,370.54076086439386,Medium
6891-JPYFF,0.29336271613648907,105.25,1263.0,370.51711048038567,Medium
5149-TGWDZ,0.2949751285301076,104.55,1254.6,370.07579625387297,Medium
7245-JMTTQ,0.27657010498714535,111.5,1338.0,370.05080047280046,Medium
4484-CGXFK,0.5566401282734198,55.3,663.5999999999999,369.3863891222413,Medium
3023-GFLBR,0.3567718679361764,86.15,1033.8000000000002,368.8307570724192,Medium
4471-KXAUH,0.3645060952763786,84.3,1011.5999999999999,368.7343659815846,Medium
4488-KQFDT,0.29459466263953205,103.95,1247.4,367.4773821765523,Medium
9626-VFRGG,0.3457176224527197,88.5,1062.0,367.15211504478833,Medium
6067-NGCEU,0.27525693192032047,111.05,1332.6,366.807387477019,Medium
5301-GAUUY,0.3802884394086932,80.35,964.1999999999999,366.674113277862,Medium
5543-QDCRY,0.5417308604864807,56.4,676.8,366.6434463772501,Medium
0988-JRWWP,0.5637180313377972,54.2,650.4000000000001,366.64220758210337,Medium
3058-HJCUY,0.2976376006475744,102.6,1231.1999999999998,366.4514139172935,Medium
7929-DMBCV,0.37692006938867834,81.0,972.0,366.3663074457953,Medium
7964-VEXDG,0.379743126110979,80.35,964.1999999999999,366.1483221962059,Medium
4191-XOVOM,0.28939418999995353,105.4,1264.8000000000002,366.0257715119413,Medium
2886-KEFUM,0.2831997051739202,107.5,1290.0,365.32761967435704,Medium
2178-PMGCJ,0.4363778069162252,69.7,836.4000000000001,364.9863977047308,Medium
4248-HCETZ,0.38162295292755327,79.65,955.8000000000001,364.75521840815543,Medium
8645-KWHJO,0.5525667869096245,55.0,660.0,364.69407936035213,Medium
4860-IJUDE,0.4119716941999175,73.75,885.0,364.594949366927,Medium
1518-VOWAV,0.4069044357847134,74.65,895.8000000000001,364.5049935759463,Medium
1842-EZJMK,0.29263827331136805,103.7,1244.4,364.1590673086664,Medium
2455-USLMV,0.35757344945187136,84.75,1017.0,363.6521980925532,Medium
9170-CCKOU,0.33522675592841833,90.2,1082.4,362.84944061692005,Medium
8749-JMNKX,0.32205007433337146,93.8,1125.6,362.4995636696429,Medium
8033-VCZGH,0.290245932465479,103.95,1247.4,362.0527761574385,Medium
5339-TJFEK,0.2857141148998989,105.5,1266.0,361.714069463272,Medium
2988-PLAHS,0.43062868023693757,69.95,839.4000000000001,361.46971419088544,Medium
7273-TEFQD,0.7317246098612079,41.15,493.79999999999995,361.32561234946445,Medium
0475-RIJEP,0.38662397462819753,77.85,934.1999999999999,361.1841170976621,Medium
6439-GTPCA,0.3443734749609368,87.25,1047.0,360.5590282841008,Medium
0979-PHULV,0.302090013976587,99.45,1193.4,360.514222679659,Medium
9643-YBLUR,0.4350750443715401,69.05,828.5999999999999,360.5031817662581,Medium
6994-KERXL,0.5369293436842493,55.9,670.8,360.1722037433944,Medium
5356-CSVSQ,0.4643258491825842,64.6,775.1999999999999,359.94539828633924,Medium
6689-VRRTK,0.27308462217790713,109.8,1317.6,359.8162981816104,Medium
7159-FVYPK,0.43354347895342743,69.15,829.8000000000001,359.7543788355541,Medium
0248-IPDFW,0.5980434863157622,50.1,601.2,359.54374397303627,Medium
6927-WTFIV,0.42004405024931507,71.3,855.5999999999999,359.3896893933139,Medium
7271-AJDTL,0.3167873720061567,94.45,1133.4,359.046807431778,Medium
1899-VXWXM,0.28164687056128673,106.1,1273.1999999999998,358.59279559863023,Medium
8779-QRDMV,0.7529344881422284,39.65,475.79999999999995,358.24622945807226,Medium
3995-WFCSM,0.48982795874157786,60.85,730.2,357.6723754731002,Medium
7767-UXAGJ,0.5906299393951233,50.45,605.4000000000001,357.5673653098077,Medium
3009-JWMPU,0.30790686831769554,96.75,1161.0,357.47987411684454,Medium
8544-GOQSH,0.3718259932235554,80.05,960.5999999999999,357.1760490905473,Medium
1956-YIFGE,0.29739533717089,100.05,1200.6,357.0528418073705,Medium
6199-IWKGC,0.29668453826174573,100.25,1203.0,356.91149952888014,Medium
8988-ECPJR,0.37316792389889275,79.6,955.1999999999999,356.4500009082223,Medium
3707-LRWZD,0.35319781672940126,84.05,1008.5999999999999,356.2353179532741,Medium
2740-TVLFN,0.5917666114156052,50.15,601.8,356.12514674991115,Medium
8065-BVEPF,0.2991563702415996,99.1,1189.1999999999998,355.7567554913102,Medium
5522-NYKPB,0.3449682659735958,85.9,1030.8000000000002,355.5932885655826,Medium
4343-EJVQB,0.3984623233545944,74.35,892.1999999999999,355.50808489696914,Medium
3511-APPBJ,0.2960922827420639,99.95,1199.4,355.13308392083144,Medium
2806-MLNTI,0.28155334420763656,105.1,1261.1999999999998,355.09507771467116,Medium
1230-QAJDW,0.4526669772307754,65.25,783.0,354.43824317169714,Medium
2172-EJXVF,0.2788808023238062,105.9,1270.8000000000002,354.401723593093,Medium
4097-YODCF,0.28441489634626227,103.8,1245.6,354.26719488890427,Medium
7426-GSWPO,0.2849631133674024,103.5,1242.0,353.9241868023137,Medium
2931-SVLTV,0.26779388178714336,110.1,1321.1999999999998,353.80927661717374,Medium
7826-VVKWT,0.30537201205342723,96.55,1158.6,353.80401316510074,Medium
9003-CPATH,0.3681608253851989,79.9,958.8000000000001,352.99259937932874,Medium
4931-TRZWN,0.40783292461741477,71.95,863.4000000000001,352.1229471146759,Medium
5839-SUYVZ,0.39276950261591925,74.55,894.5999999999999,351.3715970402013,Medium
0064-YIJGF,0.3863706943031325,75.75,909.0,351.2109611215474,Medium
4581-LNWUM,0.594522175343875,49.15,589.8,350.6491790178174,Medium
1216-JWVUX,0.387017514953769,75.5,906.0,350.63786854811474,Medium
9734-UYXQI,0.5910225094468698,49.4,592.8,350.3581436001044,Medium
8404-FYDIB,0.33622579889951293,86.65,1039.8000000000002,349.6075856957136,Medium
7504-UWHNB,0.41735959854320187,69.75,837.0,349.32998398065996,Medium
4824-GUCBY,0.3561209802635351,81.7,980.4000000000001,349.14100905036986,Medium
3208-YPIOE,0.3863688267143782,75.25,903.0,348.89105052308355,Medium
0129-KPTWJ,0.3070723980695725,94.65,1135.8000000000002,348.77282972742046,Medium
3137-LUPIX,0.4512773254562207,64.4,772.8000000000001,348.74711711256737,Medium
4554-YGZIH,0.3219763868160251,90.05,1080.6,347.9276835933967,Medium
5433-KYGHE,0.3369581854749578,86.0,1032.0,347.74084741015645,Medium
6179-GJPSO,0.2678116039484241,108.15,1297.8000000000002,347.56589960426487,Medium
7401-RUBNK,0.38691419775869834,74.8,897.5999999999999,347.2941839082076,Medium
6599-SFQVE,0.5258740194106268,55.0,660.0,347.07685281101374,Medium
1891-FZYSA,0.32145058667922016,89.95,1079.4,346.9737632615503,Medium
9688-YGXVR,0.327646031100525,88.15,1057.8000000000002,346.5839716981354,Medium
3567-PQTSO,0.27430226510294015,105.25,1263.0,346.4437608250134,Medium
9776-OJUZI,0.3023528075904777,95.45,1145.4,346.3149058141332,Medium
0929-PECLO,0.3220764447642059,89.6,1075.1999999999998,346.2965934104741,Medium
2929-QNSRW,0.2935201189533974,98.25,1179.0,346.06022024605556,Medium
2858-EIMXH,0.30082198285233125,95.85,1150.1999999999998,346.0054446767513,Medium
6680-NENYN,0.275408871649768,104.6,1255.1999999999998,345.69321569478876,Medium
5575-TPIZQ,0.3229983844657164,89.15,1069.8000000000002,345.5436717014234,Medium
7404-JLKQG,0.49955360297383616,57.55,690.5999999999999,344.9917182137312,Medium
3014-WJKSM,0.38174619522218617,75.3,903.5999999999999,344.9458620027674,Medium
7798-JVXYM,0.4122412725868307,69.65,835.8000000000001,344.55125562807314,Medium
7176-WIONM,0.5748763209498309,49.85,598.2,343.89101519218883,Medium
3946-JEWRQ,0.3008049090239004,95.2,1142.4,343.6395280689038,Medium
2582-FFFZR,0.5646576328343961,50.6,607.2,342.8601146570453,Medium
7587-AOVVU,0.2834687774293063,100.75,1209.0,342.71375191203134,Medium
5136-KCKGI,0.27450283432655087,103.7,1244.4,341.5913270359599,Medium
6172-FECYY,0.33683990316529294,84.5,1014.0,341.55566180960705,Medium
4349-GFQHK,0.5235826210483114,54.35,652.2,341.48058544770873,Medium
0512-FLFDW,0.28299716982237877,100.5,1206.0,341.2945868057888,Medium
3424-NMNBO,0.2612431309972512,108.85,1306.1999999999998,341.2357777086095,Medium
0100-DUVFC,0.27111356030062456,104.8,1257.6,340.9524134340654,Medium
6874-SGLHU,0.2928050505258485,97.0,1164.0,340.8250788120876,Medium
4558-FANTW,0.3089656811576665,91.85,1102.1999999999998,340.54197377197994,Medium
0486-HECZI,0.2929708496453228,96.75,1161.0,340.13915643821974,Medium
5336-UFNZP,0.2633581300360363,107.45,1289.4,339.57397286846526,Medium
6578-KRMAW,0.30287244528459684,93.4,1120.8000000000002,339.4594366749762,Medium
4662-EKDPQ,0.4558891768729367,62.05,744.5999999999999,339.4550810995886,Medium
4088-YLDSU,0.2713763005828923,104.15,1249.8000000000002,339.1661004684988,Medium
3780-YVMFA,0.4123030302442722,68.55,822.5999999999999,339.1604726789383,Medium
6987-XQSJT,0.3553694473907632,79.5,954.0,339.0224528107881,Medium
1228-FZFRV,0.26664417728829176,105.95,1271.4,339.01140700433416,Medium
6985-HAYWX,0.35618558471127776,79.3,951.5999999999999,338.9462024112519,Medium
0924-BJCRC,0.315452980492713,89.45,1073.4,338.6072292608781,Medium
3685-YLCMQ,0.26929243401742725,104.65,1255.8000000000002,338.1774386390852,Medium
5934-TSSAU,0.37416343761633564,75.3,903.5999999999999,338.0940822301209,Medium
0749-IRGQE,0.6216857365950678,45.3,543.5999999999999,337.94836641307876,Medium
1658-XUHBX,0.3171142001325282,88.75,1065.0,337.72662314114257,Medium
2684-EIWEO,0.3066335648323998,91.7,1100.4,337.4195747415728,Medium
3814-MLAXC,0.3518264635859811,79.85,958.1999999999999,337.120117408087,Medium
1370-GGAWX,0.29833090200836565,94.15,1129.8000000000002,337.05425308905154,Medium
6048-QBXKL,0.496516150410712,56.55,678.5999999999999,336.9358596687091,Medium
1025-FALIX,0.406610516910835,69.05,828.5999999999999,336.91747431231784,Medium
7047-FWEYA,0.27198540878253424,103.15,1237.8000000000002,336.6635389910209,Medium
7248-VZQLC,0.3291986662857882,85.2,1022.4000000000001,336.57271641058986,Medium
9584-EXCDZ,0.3972909524940427,70.5,846.0,336.10814580996015,Medium
3419-SNJJD,0.2655976031911631,105.25,1263.0,335.449772830439,Medium
2884-GBPFB,0.3975575182165154,70.3,843.5999999999999,335.37952236745235,Medium
0237-YFUTL,0.25441048185258824,109.65,1315.8000000000002,334.7533120216357,Medium
6908-VVYHM,0.30729531560934137,90.65,1087.8000000000002,334.2758443198416,Medium
2782-LFZVW,0.472307799306677,58.95,707.4000000000001,334.11053722954335,Medium
2003-CKLOR,0.2796947812529452,99.5,1194.0,333.9555688160166,Medium
0822-QGCXA,0.3318436069056868,83.85,1006.1999999999999,333.9010372685021,Medium
2293-IJWPS,0.2758165282769836,100.75,1209.0,333.4621826868732,Medium
3733-LSYCE,0.36792902007775025,75.35,904.1999999999999,332.68141995430176,Medium
0520-FDVVT,0.27086655206307797,102.35,1228.1999999999998,332.6782992438723,Medium
5018-GWURO,0.3235565625672705,85.6,1027.1999999999998,332.3573010691002,Medium
1930-WNXSB,0.2982146621152438,92.85,1114.1999999999998,332.27077652880456,Medium
3583-KRKMD,0.3647391476301922,75.9,910.8000000000001,332.2044156615791,Medium
8903-XEBGX,0.5006011880943797,55.3,663.5999999999999,332.19894841943034,Medium
1689-MRZQR,0.3533612558876871,78.3,939.5999999999999,332.0182360320707,Medium
6647-ZEDXT,0.2503511487987583,110.45,1325.4,331.8154126178743,Medium
3509-GWQGF,0.3949481082576827,70.0,840.0,331.75641093645345,Medium
1307-TVUFB,0.3481913052027628,79.35,952.1999999999999,331.5477608140707,Medium
5146-CBVOE,0.3678511301435467,75.1,901.1999999999999,331.5074384853643,Medium
3776-EKTKM,0.7576201343229557,36.45,437.40000000000003,331.3830467528609,Medium
7470-MCQTK,0.5662485832320964,48.75,585.0,331.25542119077636,Medium
9578-VRMNM,0.42269529605799533,65.2,782.4000000000001,330.7167996357756,Medium
3518-PZXZQ,0.4982508069695665,55.3,663.5999999999999,330.63923550500425,Medium
0899-WZRSD,0.2612825151879726,105.35,1264.1999999999998,330.3133557006349,Medium
6726-WEXXK,0.3203871765697606,85.9,1030.8000000000002,330.2551016081093,Medium
9210-IAHGH,0.388685143977157,70.75,849.0,329.99368723660626,Medium
7449-HVPIV,0.30409157564262235,90.4,1084.8000000000002,329.87854125711675,Medium
1784-EZDKJ,0.25737843420511974,106.8,1281.6,329.85620127728146,Medium
4724-WXVWF,0.28795197294586944,95.4,1144.8000000000002,329.6474186284314,Medium
2931-FSOHN,0.45772716700082117,59.9,718.8,329.0142876401902,Medium
4351-QLCSU,0.4983274184867005,55.0,660.0,328.8960962012223,Medium
6429-SHBCB,0.393740959271165,69.6,835.1999999999999,328.852449183277,Medium
2267-WTPYD,0.2911222716259323,94.0,1128.0,328.38592239405165,Medium
5536-SLHPM,0.35195901497998716,77.75,933.0,328.37776097632803,Medium
4831-EOBFE,0.28911379046900143,94.65,1135.8000000000002,328.37544321469187,Medium
5804-HYIEZ,0.2579643169554298,106.05,1272.6,328.28538975747995,Medium
4929-BSTRX,0.5108553747032653,53.55,642.5999999999999,328.2756637843182,Medium
0708-LGSMF,0.415199201372023,65.85,790.1999999999999,328.09040892417255,Medium
2382-BCKQJ,0.27288020415982545,100.15,1201.8000000000002,327.94742935927826,Medium
4074-SJFFA,0.49904066694415594,54.75,657.0,327.86971818231046,Medium
9835-ZIITK,0.24597724430213583,110.85,1330.1999999999998,327.198930370701,Medium
6821-JPCDC,0.28093761266705686,97.05,1164.6,327.1799437120544,Medium
2731-GJRDG,0.24879357015146883,109.55,1314.6,327.0640273211209,Medium
3143-ILDAL,0.28844066154211595,94.45,1133.4,326.91864579183425,Medium
6629-CZTTH,0.4890034999484054,55.7,668.4000000000001,326.8499393655142,Medium
9722-UJOJR,0.38491174892971614,70.75,849.0,326.790074841329,Medium
9842-EFSYY,0.47580821409934854,57.2,686.4000000000001,326.59475815779285,Medium
0406-BPDVR,0.2680751851167674,101.5,1218.0,326.51557547222274,Medium
0471-ARVMX,0.25921228235478855,104.85,1258.1999999999998,326.1408936587949,Medium
8313-KTIHG,0.44296649177182523,61.3,735.5999999999999,325.8461513473546,Medium
3956-CJUST,0.36000431512915587,75.4,904.8000000000001,325.73190432886025,Medium
1047-NNCBF,0.3846771709754068,70.55,846.5999999999999,325.66769294777936,Medium
4307-KTUMW,0.2889098623894051,93.9,1126.8000000000002,325.5436329403817,Medium
1169-WCVAK,0.3053846051927539,88.8,1065.6,325.4178352933985,Medium
2927-QRRQV,0.2864178370909582,94.65,1135.8000000000002,325.3133793679104,Medium
2522-AHJXR,0.24765214018618062,109.45,1313.4,325.26632092052967,Medium
4720-VSTSI,0.31938795349104293,84.8,1017.5999999999999,325.00918147248524,Medium
5141-ZUVBH,0.29104707317937517,93.0,1116.0,324.8085336681827,Medium
8725-JEDFD,0.39158085668301684,69.05,828.5999999999999,324.46389784754774,Medium
8417-GSODA,0.29301951518061464,92.2,1106.4,324.19679159583205,Medium
2386-LAHRK,0.5047372975251253,53.5,642.0,324.04134501113043,Medium
0178-SZBHO,0.3095432366889581,87.2,1046.4,323.9060428713258,Medium
6353-BRMMA,0.2589800994956066,104.1,1249.1999999999998,323.5179402899117,Medium
7124-UGSUR,0.25793262420948465,104.4,1252.8000000000002,323.1379916096424,Medium
9360-AHGNL,0.24580675445583633,109.55,1314.6,323.1375594076424,Medium
3018-TFTSU,0.32930285671072224,81.7,980.4000000000001,322.8485207191921,Medium
2873-ZLIWT,0.3168875899940401,84.85,1018.1999999999999,322.6549441319316,Medium
8445-DNBAE,0.5355139843538564,50.05,600.5999999999999,321.62969900292615,Medium
3415-TAILE,0.40752033610882044,65.7,788.4000000000001,321.2890329881941,Medium
9112-WSNPU,0.37897163417139373,70.55,846.5999999999999,320.8373854895019,Medium
8623-TMRBY,0.3171264387428859,84.2,1010.4000000000001,320.4245537058119,Medium
4612-THJBS,0.254905734235843,104.75,1257.0,320.41650793445467,Medium
3891-PUQOD,0.44936842382669195,59.2,710.4000000000001,319.231328286482,Medium
0585-EGDDA,0.3325270609335926,80.0,960.0,319.2259784962489,Medium
1174-FGIFN,0.2940802945916027,90.45,1085.4,319.1947517497256,Medium
9912-OMZDS,0.2501179232987684,106.15,1273.8000000000002,318.60021069797125,Medium
0060-FUALY,0.2801443241385348,94.75,1137.0,318.52409654551406,Medium
9681-KYGYB,0.30085226102436086,88.2,1058.4,318.42203306818357,Medium
4937-QPZPO,0.26503322098237325,99.9,1198.8000000000002,317.7218253136691,Medium
5370-IIVVL,0.25336610767321055,104.5,1254.0,317.72109902220603,Medium
8149-AIQCG,0.3617302609163043,73.15,877.8000000000001,317.52682303233195,Medium
4070-OKWVH,0.2795948742331115,94.6,1135.1999999999998,317.39610122942815,Medium
4118-CEVPF,0.23870372822112154,110.8,1329.6,317.3804770428032,Medium
7895-VONWT,0.5479991965243852,48.25,579.0,317.29153478761907,Medium
5201-USSQZ,0.3074925690597932,85.9,1030.8000000000002,316.9633401868349,Medium
0531-ZZJWQ,0.3569268859031533,74.0,888.0,316.9510746820001,Medium
6581-NQCBA,0.5278990389389062,49.95,599.4000000000001,316.42268393998046,Medium
9544-PYPSJ,0.2741825757740458,96.1,1153.1999999999998,316.1873463826296,Medium
5553-AOINX,0.25084327849846,104.9,1258.8000000000002,315.7615189738615,Medium
2272-UOINI,0.33483346048100726,78.5,942.0,315.41311977310886,Medium
7596-LDUXP,0.3085947091814624,85.15,1021.8000000000001,315.3220738416183,Medium
6202-DYYFX,0.3455840617236884,76.0,912.0,315.1726642920038,Medium
7821-DPRQE,0.24384049927087678,107.7,1292.4,315.13946125768115,Medium
3717-LNXKW,0.2863090132615802,91.7,1100.4,315.05443819304287,Medium
2623-DRYAM,0.2578337217752507,101.75,1221.0,314.8149742875811,Medium
1907-YLNYW,0.3930567790309794,66.7,800.4000000000001,314.60264593639596,Medium
6608-QQLVK,0.5188819490057119,50.5,606.0,314.44246109746143,Medium
9474-PHLYD,0.44074145695689115,59.45,713.4000000000001,314.42495539304616,Medium
0431-APWVY,0.2907885490779443,90.1,1081.1999999999998,314.4005792630733,Medium
4143-HHPMK,0.3065505524782046,85.35,1024.1999999999998,313.9690758481771,Medium
1217-VASWC,0.2601544860582778,100.55,1206.6,313.90240287791795,Medium
4257-GAESD,0.5810760069361467,45.0,540.0,313.78104374551924,Medium
7000-WCEVQ,0.4244653551497421,61.6,739.2,313.76479052668935,Medium
9514-JDSKI,0.6500864754251002,40.2,482.40000000000003,313.60171574506836,Medium
3325-FUYCG,0.24629150537486916,106.1,1273.1999999999998,313.57834464328334,Medium
4749-VFKVB,0.5213289426716644,50.1,601.2,313.4229603342047,Medium
0106-GHRQR,0.36536611719296025,71.4,856.8000000000001,313.04568921092834,Medium
0212-ISBBF,0.5174507343043354,50.35,604.2,312.64373366667945,Medium
0601-WZHJF,0.5618098708606314,46.35,556.2,312.4786501726832,Medium
5136-GFPMB,0.2911422114840124,89.4,1072.8000000000002,312.33736448004856,Medium
0326-VDYXE,0.2652881954551628,97.65,1171.8000000000002,310.86470743435984,Medium
2000-MPKCA,0.24028949063575072,107.75,1293.0,310.69431139202567,Medium
5686-CMAWK,0.29803919831219056,86.75,1041.0,310.25880544299037,Medium
5378-IKEEG,0.7229429536940704,35.75,429.0,310.14252713475616,Medium
1373-ORVIZ,0.3893195796715874,66.35,796.1999999999999,309.9762493345179,Medium
1024-KPRBB,0.28954671554955147,89.1,1069.1999999999998,309.58334826558036,Medium
4201-JMNGR,0.46172499579473125,55.8,669.5999999999999,309.171057184152,Medium
4462-CYWMH,0.28662000892265316,89.8,1077.6,308.861721615051,Medium
2189-UXTKY,0.3247494993217744,79.2,950.4000000000001,308.6419241554144,Medium
6907-FLBER,0.47327506331956254,54.3,651.5999999999999,308.3860312590269,Medium
9774-NRNAU,0.302572402958718,84.8,1017.5999999999999,307.89767725079145,Medium
6402-EJMWF,0.46148333502577943,55.3,663.5999999999999,306.2403411231072,Medium
3688-FTHLT,0.40292190034852965,63.05,756.5999999999999,304.8507098036975,Medium
6338-AVWCY,0.632715849922448,40.15,481.79999999999995,304.8424964926354,Medium
1260-TTRXI,0.4676933600812815,54.3,651.5999999999999,304.748993428963,Medium
7442-YGZFK,0.5093542988960681,49.8,597.5999999999999,304.39012902029026,Medium
3194-ORPIK,0.30026661883280803,84.4,1012.8000000000001,304.110031553868,Medium
0841-NULXI,0.71269862038716,35.55,426.59999999999997,304.0372314571624,Medium
3503-TYDAY,0.31429435012710166,80.45,965.4000000000001,303.419765612704,Medium
2626-URJFX,0.49667260871959684,50.9,610.8,303.36762940592973,Medium
3091-FYHKI,0.7130195183839542,35.45,425.40000000000003,303.3185031205341,Medium
7621-VPNET,0.2938232936954333,85.9,1030.8000000000002,302.8730511412527,Medium
8364-TRMMK,0.49807685026846965,50.65,607.8,302.73110959317586,Medium
1061-PNTHC,0.23009574089677445,109.6,1315.1999999999998,302.6219184274377,Medium
0375-HVGXO,0.7262279139978371,34.7,416.40000000000003,302.40130338869943,Medium
4188-FRABG,0.2444886415966149,103.05,1236.6,302.334654198374,Medium
3334-CTHOL,0.5038859994068168,49.95,599.4000000000001,302.02926804444604,Medium
2479-BRAMR,0.3005058050899882,83.75,1005.0,302.0083341154381,Medium
1596-BBVTG,0.3338885993542648,75.35,904.1999999999999,301.9020715361262,Medium
2988-GBIVW,0.2768699939464351,90.85,1090.1999999999998,301.8436674004035,Medium
1550-LOAHA,0.2982096319433406,84.15,1009.8000000000001,301.1320863363854,Medium
1396-QWFBJ,0.33887811879723845,74.05,888.5999999999999,301.12709636322603,Medium
0224-RLWWD,0.5663965916587114,44.3,531.5999999999999,301.0964281257709,Medium
1110-KYLGQ,0.2317025067586751,108.25,1299.0,300.98155627951894,Medium
6227-HWPWX,0.36339141813028175,69.0,828.0,300.8880942118733,Medium
2157-MXBJS,0.3327127978142072,75.3,903.5999999999999,300.6392841049176,Medium
4183-WCSEP,0.31922319492075646,78.45,941.4000000000001,300.51671569840016,Medium
7339-POGZN,0.4939239781693046,50.7,608.4000000000001,300.503348318205,Medium
9058-CBREO,0.49507419365303046,50.55,606.5999999999999,300.3120058699282,Medium
2842-BCQGE,0.33165149975370495,75.35,904.1999999999999,299.8792860773,Medium
4816-JBHOV,0.5589428993952299,44.7,536.4000000000001,299.8169712356014,Medium
2267-FPIMA,0.2645215374605522,94.4,1132.8000000000002,299.6499976353136,Medium
4016-BJKTZ,0.2292037129539512,108.9,1306.8000000000002,299.5234120882235,Medium
3584-WKTTW,0.22368722980703562,111.55,1338.6,299.42772581969786,Medium
5924-IFQTT,0.34250450868167037,72.8,873.5999999999999,299.2119387843072,Medium
6538-POCHL,0.31517631700491333,79.0,948.0,298.78714852065787,Medium
1251-KRREG,0.4575351825980518,54.4,652.8,298.67896720000823,Medium
8267-ZNYVZ,0.23967310183629675,103.75,1245.0,298.39301178618945,Medium
0003-MKNFE,0.41493910080377194,59.9,718.8,298.25822565775127,Medium
2673-CXQEU,0.22489028986245968,110.5,1326.0,298.20452435762155,Medium
2761-XECQW,0.5731385000724994,43.35,520.2,298.14664773771426,Medium
0867-LDTTC,0.3303432847576474,75.15,901.8000000000001,297.90357419444643,Medium
1360-JYXKQ,0.2504867590662333,99.1,1189.1999999999998,297.87885388156457,Medium
5533-NHFRF,0.5589062920847135,44.4,532.8,297.7852724227354,Medium
8878-HMWBV,0.5045667728708306,49.15,589.8,297.5934826392159,Medium
4250-WAROZ,0.26592488061306563,93.25,1119.0,297.56994140602046,Medium
3754-DXMRT,0.5610292277832067,44.15,529.8,297.2332848795429,Medium
0260-ZDLGK,0.3395623105385566,72.9,874.8000000000001,297.04910925912935,Medium
9522-BNTHX,0.43993549557411477,56.25,675.0,296.9564595125275,Medium
2485-ITVKB,0.704840837829534,35.1,421.20000000000005,296.87896089379973,Medium
5002-GCQFH,0.2633271878681507,93.85,1126.1999999999998,296.55907897711126,Medium
8597-CWYHH,0.2617414826821428,94.35,1132.1999999999998,296.34370669272204,Medium
6815-ABQFQ,0.23021147566259656,107.25,1287.0,296.2821691777618,Medium
9572-MTILT,0.23121087763056264,106.75,1281.0,296.18113424475075,Medium
1074-AMIOH,0.22791673065353077,108.25,1299.0,296.0638331189365,Medium
0822-GAVAP,0.7105021378320917,34.7,416.40000000000003,295.85309019328304,Medium
5371-VYLSX,0.29549736136452126,83.4,1000.8000000000001,295.7337592536129,Medium
5274-XHAKY,0.2613165234713514,94.3,1131.6,295.70577796018125,Medium
6288-LBEAR,0.31132529205754655,79.1,949.1999999999999,295.50996722102315,Medium
6243-OZGFH,0.5474323588386096,44.95,539.4000000000001,295.28501435754606,Medium
7850-VWJUU,0.3277036887033648,75.0,900.0,294.93331983302835,Medium
2240-HSJQD,0.2997795084888348,81.85,982.1999999999999,294.4434332377335,Medium
2279-AXJJK,0.2564805948961634,95.65,1147.8000000000002,294.38842682181644,Medium
6300-BWMJX,0.2622621565659998,93.35,1120.1999999999998,293.78606778523294,Medium
1271-SJBGZ,0.5603948361191547,43.65,523.8,293.5348151592132,Medium
9481-IEBZY,0.2166064390459106,112.9,1354.8000000000002,293.4584036193997,Medium
7346-MEDWM,0.2935983728850862,83.25,999.0,293.30477451220116,Medium
7129-ACFOG,0.45430698253562557,53.8,645.5999999999999,293.30058792499983,Medium
6917-YACBP,0.2723111547228025,89.75,1077.0,293.27911363645825,Medium
6668-CNMFP,0.27349803828333424,89.35,1072.1999999999998,293.24459664739095,Medium
2101-RANCD,0.3342763770431278,73.1,877.1999999999999,293.2272379422317,Medium
5669-SRAIP,0.6183685627187379,39.5,474.0,293.10669872868175,Medium
9206-GVPEQ,0.44850072423163906,54.45,653.4000000000001,293.050373212953,Medium
6897-UUBNU,0.27233774753556184,89.65,1075.8000000000002,292.9809487987575,Medium
5802-ADBRC,0.23369254525385882,104.4,1252.8000000000002,292.7700206940344,Medium
1849-RJYIG,0.4060029738902245,60.0,720.0,292.32214120096165,Medium
7881-EVUAD,0.5715891440202598,42.6,511.20000000000005,292.19637042315685,Medium
2408-TZMJL,0.2210153554038322,110.15,1321.8000000000002,292.13809677278545,Medium
0277-BKSQP,0.4474378281754989,54.4,652.8,292.08741423296567,Medium
6559-RAKOZ,0.2484768734884885,97.95,1175.4,292.0597170983694,Medium
0257-ZESQC,0.3234909057416264,75.2,902.4000000000001,291.9181933412437,Medium
6769-DYBQN,0.2859142907879286,85.0,1020.0,291.6325766036872,Medium
1215-FIGMP,0.2702409957926445,89.9,1078.8000000000002,291.53598626110494,Medium
2100-BDNSN,0.35753172942986605,67.95,815.4000000000001,291.5313721771128,Medium
2474-LCNUE,0.3298522395244521,73.65,883.8000000000001,291.5234092917108,Medium
0959-WHOKV,0.24535966147132707,99.0,1188.0,291.48727782793657,Medium
2115-BFTIW,0.3423228982704028,70.95,851.4000000000001,291.45371558742096,Medium
4001-TSBTV,0.26511863844518907,91.55,1098.6,291.2593361958847,Medium
6218-KNUBD,0.40799990028499217,59.45,713.4000000000001,291.0671288633134,Medium
3062-ICYZQ,0.25857085951865194,93.8,1125.6,291.0473594741946,Medium
7203-OYKCT,0.23102319118618814,104.95,1259.4,290.9506069798854,Medium
5568-DMXZS,0.370392755647356,65.45,785.4000000000001,290.90647028543344,Medium
3756-VNWDH,0.2405770253280898,100.75,1209.0,290.8576236216606,Medium
6173-ITPWD,0.2906294177015569,83.35,1000.1999999999999,290.6875435850972,Medium
7384-GHBPI,0.6891558697404757,35.15,421.79999999999995,290.6859458565326,Medium
7890-VYYWG,0.6640861946811728,36.45,437.40000000000003,290.471301553545,Medium
0575-CUQOV,0.24647343659566492,97.95,1175.4,289.7048773745446,Medium
4791-QRGMF,0.24259821933897346,99.5,1194.0,289.6622738907343,Medium
8601-QACRS,0.47702817348018633,50.6,607.2,289.6515069371692,Medium
6777-TGHTM,0.22536189620320635,106.95,1283.4,289.22945758719504,Medium
6986-IJDHX,0.2789683239490926,86.3,1035.6,288.89959628168026,Medium
7550-WIQVA,0.2218352503677255,108.25,1299.0,288.1639902276754,Medium
7921-LMDFQ,0.2554576126316882,94.0,1128.0,288.15618704854427,Medium
4680-KUTAJ,0.4315781730522461,55.6,667.2,287.9489570604586,Medium
1100-DDVRV,0.4815427983063788,49.8,597.5999999999999,287.76997626789193,Medium
6128-CZOMY,0.5245625386412918,45.65,547.8,287.3553586676996,Medium
8755-IWJHN,0.2509918981895584,95.35,1144.1999999999998,287.1849299084927,Medium
2475-MROZF,0.25175643743705967,95.0,1140.0,287.002338678248,Medium
5973-EJGDP,0.2735913387533688,87.35,1048.1999999999998,286.7784412812811,Medium
1465-LNTLJ,0.37107713373987494,64.4,772.8000000000001,286.76840895417536,Medium
4067-HLYQI,0.3394061126450553,70.4,844.8000000000001,286.7302839625428,Medium
4226-KKDON,0.35769509337654704,66.65,799.8000000000001,286.0845356825623,Medium
9445-ZUEQE,0.2796807346387125,85.2,1022.4000000000001,285.9455830946197,Medium
5077-DXTCG,0.5259307946214414,45.3,543.5999999999999,285.8959799562155,Medium
3865-QBWSJ,0.2958909554808807,80.45,965.4000000000001,285.65312842124223,Medium
5172-MIGPM,0.36306670773093813,65.55,786.5999999999999,285.5882723011559,Medium
9825-YCXWZ,0.23534917957718735,101.1,1213.1999999999998,285.52562466304363,Medium
3748-FVMZZ,0.5938315542261181,40.05,480.59999999999997,285.3954449610723,Medium
4317-VTEOA,0.46741084792953286,50.75,609.0,284.6532063890855,Medium
6641-XRPSU,0.3386090043287894,70.0,840.0,284.43156363618306,Medium
8705-DWKTI,0.2827415397960909,83.8,1005.5999999999999,284.324892418949,Medium
2924-KHUVI,0.2355274499149043,100.55,1206.6,284.1874210673235,Medium
2135-RXIHG,0.5182585971506236,45.65,547.8,283.9020595191116,Medium
8387-MOJJT,0.3033379705061212,77.95,935.4000000000001,283.7423376114258,Medium
2082-CEFLT,0.5184542979105264,45.6,547.2,283.6981918166401,Medium
7112-OPOTK,0.346328028680707,68.25,819.0,283.642655489499,Medium
8623-ULFNQ,0.3578021989333607,66.05,792.5999999999999,283.59402287458164,Medium
0096-BXERS,0.4684571403260164,50.35,604.2,283.0418041849791,Medium
9776-CLUJA,0.30431962409563795,77.5,930.0,283.0172504089433,Medium
2232-DMLXU,0.4267829525607477,55.2,662.4000000000001,282.7010277762393,Medium
4832-VRBMR,0.22830963628207715,103.15,1237.8000000000002,282.6016677899551,Medium
9819-FBNSV,0.3249698332936658,72.25,867.0,281.74884546560827,Medium
2239-JALAW,0.2272858435412579,103.25,1239.0,281.6071601476185,Medium
8356-WUAOJ,0.5213693345318842,45.0,540.0,281.5394406472175,Medium
0843-WTBXE,0.2742647528941713,85.45,1025.4,281.23107761768324,Medium
9752-ZNQUT,0.4821143127515828,48.6,583.2,281.1690671967231,Medium
5287-QWLKY,0.22289467797199283,105.1,1261.1999999999998,281.11476785827733,Medium
4855-SNKMY,0.5306188770454444,44.1,529.2,280.8035097324492,Medium
6135-OZQVA,0.4355627456430948,53.65,643.8,280.4152956450244,Medium
8705-WZCYL,0.5215846993723634,44.8,537.5999999999999,280.4039343825825,Medium
4373-VVHQL,0.5217802957444827,44.75,537.0,280.19601881478724,Medium
6519-CFDBX,0.5138569155509725,45.4,544.8,279.9492475921698,Medium
3164-AALRN,0.3332390201558743,70.0,840.0,279.92077693093444,Medium
4238-HFHSN,0.28392866535507827,82.15,985.8000000000001,279.89687830703616,Medium
4628-WQCQQ,0.2738123726534604,85.15,1021.8000000000001,279.7814823773059,Medium
1935-IMVBB,0.25991594484400005,89.7,1076.4,279.77352303008166,Medium
7854-FOKSF,0.6487342449829417,35.9,430.79999999999995,279.47471273865125,Medium
4468-KAZHE,0.38794903021816096,60.0,720.0,279.3233017570759,Medium
2408-WITXK,0.6703306677315093,34.7,416.40000000000003,279.1256900434005,Medium
1335-HQMKX,0.22945607648431965,101.35,1216.1999999999998,279.06448022022954,Medium
1703-MGIAB,0.33692560397758936,69.0,828.0,278.974400093444,Medium
7251-XFOIL,0.2605813648402635,89.2,1070.4,278.92629292501806,Medium
1698-XFZCI,0.21565684021044257,107.75,1293.0,278.84429439210226,Medium
4727-MCYZG,0.41794835854249773,55.55,666.5999999999999,278.60437580442897,Medium
2985-JUUBZ,0.310968544031695,74.55,894.5999999999999,278.1924594907543,Medium
4393-RYCRE,0.21860136783624828,106.05,1272.6,278.19210070840955,Medium
7916-VCCPB,0.31632453576360964,73.25,879.0,278.04926693621286,Medium
0856-NAOES,0.380448781862501,60.9,730.8,278.0319697851157,Medium
0419-YAAPX,0.2712168014803185,85.3,1023.5999999999999,277.617517995254,Medium
8064-RAVOH,0.46386522225515525,49.85,598.2,277.4841759530339,Medium
0295-QVKPB,0.3615092970810079,63.95,767.4000000000001,277.42223457996545,Medium
2962-XPMCQ,0.5099051798462495,45.15,541.8,276.26662644069796,Medium
0224-HJAPT,0.48800568141047634,47.15,565.8,276.1136145420475,Medium
7661-CPURM,0.2622864314053641,87.7,1052.4,276.0302404110052,Medium
8294-UIMBA,0.24362159262759625,94.4,1132.8000000000002,275.9745401285411,Medium
6967-QIQRV,0.2255650875300328,101.9,1222.8000000000002,275.82098903172414,Medium
5076-YVXCM,0.27542178726904654,83.4,1000.8000000000001,275.6421246988618,Medium
9588-OZDMQ,0.5103933620163107,45.0,540.0,275.61241548880776,Medium
6896-SRVYQ,0.3109675878043248,73.85,886.1999999999999,275.57947631219264,Medium
7103-IPXPJ,0.2309867798081409,99.4,1192.8000000000002,275.5210309551505,Medium
9154-QDGTH,0.21981857726504886,104.3,1251.6,275.12493130493516,Medium
2153-MREFK,0.23093228447222408,99.2,1190.4,274.90179143573556,Medium
6284-KMNUF,0.23375973200228214,98.0,1176.0,274.9014448346838,Medium
6599-GZWCM,0.3067972691561336,74.65,895.8000000000001,274.8289937100645,Medium
2277-VWCNI,0.46896169929204845,48.75,585.0,274.34259408584836,Medium
9530-EHPOH,0.42493529064386515,53.75,645.0,274.08326246529305,Medium
3841-CONLJ,0.6524581554599562,35.0,420.0,274.03242529318163,Medium
2722-JMONI,0.4608455943301757,49.55,594.5999999999999,274.01879038872244,Medium
0643-OKLRP,0.2839788897739575,80.35,964.1999999999999,273.81244552004983,Medium
6818-WOBHJ,0.25429820672964004,89.6,1075.1999999999998,273.42143187570895,Medium
9254-RBFON,0.23104800065633216,98.6,1183.1999999999998,273.3759943765722,Medium
0461-CVKMU,0.27179985764911296,83.8,1005.5999999999999,273.32193685194795,Medium
7549-MYGPK,0.22652015394986344,100.55,1206.6,273.3192177559052,Medium
0541-FITGH,0.36643449107284704,62.15,745.8,273.2868434421293,Medium
9269-CQOOL,0.41633072486205747,54.7,656.4000000000001,273.27948779945456,Medium
9026-RNUJS,0.45178817305025315,50.35,604.2,272.970414156963,Medium
6185-TASNN,0.491215904025258,46.3,555.5999999999999,272.9195562764333,Medium
5515-RUGKN,0.41523026632512905,54.75,657.0,272.8062849756098,Medium
6038-GCYEC,0.4198196599639665,54.15,649.8,272.7988150445854,Medium
2480-EJWYP,0.23239888635719694,97.8,1173.6,272.7433330288063,Medium
2257-BOVXD,0.34092169696107116,66.6,799.1999999999999,272.46462021128804,Medium
8773-HHUOZ,0.3507680034192215,64.7,776.4000000000001,272.3362778546836,Medium
6959-UWKHF,0.5290121631072413,42.9,514.8,272.3354615676078,Medium
1976-CFOCS,0.49295935152201975,46.0,552.0,272.1135620401549,Medium
3413-DHLPB,0.2180093649262117,103.75,1245.0,271.42165933313356,Medium
8979-CAMGB,0.22148033693775004,102.1,1225.1999999999998,271.3577088161313,Medium
1589-AGTLK,0.4979837505899277,45.35,544.2,271.0027570710387,Medium
8280-MQRQN,0.4476075349419006,50.45,605.4000000000001,270.98160165382666,Medium
3858-XHYJO,0.21344128867896242,105.75,1269.0,270.8569953336033,Medium
6599-CEBNN,0.30519907196059776,73.95,887.4000000000001,270.8336564578345,Medium
9667-TKTVZ,0.4152608675810354,54.35,652.2,270.83313783635134,Medium
0058-EVZWM,0.25127558980284953,89.8,1077.6,270.77457557155066,Medium
2190-BCXEC,0.28613637796553565,78.85,946.1999999999999,270.74224083098983,Medium
5897-ZYEKH,0.21327571171856624,105.6,1267.1999999999998,270.2629818897671,Medium
6360-SVNWV,0.3049849426923549,73.55,882.5999999999999,269.1797104202724,Medium
1101-SSWAG,0.43875166402392185,51.1,613.2,269.0425203794689,Medium
0013-MHZWF,0.32299714296570464,69.4,832.8000000000001,268.99202066183886,Medium
7851-FLGGQ,0.5019088418003015,44.65,535.8,268.9227574366015,Medium
4080-IIARD,0.294016827164881,76.2,914.4000000000001,268.8489867595672,Medium
8806-EAGWC,0.40615706534501544,55.15,661.8,268.7947458453312,Medium
4706-DGAHW,0.4955263471339826,45.2,542.4000000000001,268.7734906854722,Medium
8080-DDEMJ,0.49591824820879765,45.1,541.2,268.3909559306013,Medium
3870-MQAMG,0.2025757271508542,110.35,1324.1999999999998,268.2507778931611,Medium
2103-ZRXFN,0.4403738856421747,50.75,609.0,268.1876963560844,Medium
6127-IYJOZ,0.4873833110700037,45.85,550.2,268.1582977507161,Medium
5060-TQUQN,0.267369637038177,83.55,1002.5999999999999,268.06479809447626,Medium
2519-ERQOJ,0.40861198450476705,54.6,655.2,267.7225722475234,Medium
2831-EBWRN,0.48584969819501017,45.9,550.8,267.60601376581155,Medium
3923-CSIHK,0.3133549705231157,71.05,852.5999999999999,267.1664478680084,Medium
8547-NSBBO,0.23005652492287784,96.75,1161.0,267.09562543546116,Medium
9518-RWHZL,0.2222753417019773,100.05,1200.6,266.8637752473939,Medium
5485-WUYWF,0.3347606447847416,66.4,796.8000000000001,266.73728176448213,Medium
1480-IVEVR,0.2723655221078169,81.6,979.1999999999999,266.7003192479743,Medium
4522-AKYLR,0.4054563990656746,54.8,657.5999999999999,266.62812802558756,Medium
7905-TVXTA,0.34499872827791306,64.35,772.1999999999999,266.40801797620446,Medium
8108-UXRQN,0.43909257656040024,50.55,606.5999999999999,266.3535569415387,Medium
8920-NAVAY,0.20029218611991662,110.75,1329.0,266.1883153533692,Medium
1740-CSDJP,0.6292739226381779,35.25,423.0,266.18286927594926,Medium
0067-DKWBL,0.4503247471402172,49.25,591.0,266.14192555986835,Medium
7693-QPEFS,0.3039249452111001,72.95,875.4000000000001,266.055897037797,Medium
1853-ARAAQ,0.4394905188645276,50.35,604.2,265.5401714979476,Medium
4567-AKPIA,0.2025860634228014,109.1,1309.1999999999998,265.22567423313154,Medium
8096-LOIST,0.39322623070307416,56.2,674.4000000000001,265.19176998615325,Medium
8614-VGMMV,0.4498995066013814,49.1,589.2,265.0807892895339,Medium
7133-VBDCG,0.27649190283049524,79.85,958.1999999999999,264.93454129218054,Medium
1660-HSOOQ,0.44446442185860197,49.65,595.8,264.811902543355,Medium
9261-WDCAF,0.4034683716359968,54.65,655.8,264.5945581188867,Medium
8999-XXGNS,0.20845037601814806,105.75,1269.0,264.5235271670299,Medium
0430-IHCDJ,0.4493994447023438,49.0,588.0,264.24687348497815,Medium
3050-GBUSH,0.6326373049808741,34.8,417.59999999999997,264.189338560013,Medium
8720-RQSBJ,0.5002293851197974,44.0,528.0,264.12111534325305,Medium
1928-BXYIV,0.3596068985491699,61.15,733.8,263.8795421553808,Medium
2379-GYFLQ,0.23167183413700507,94.9,1138.8000000000002,263.8278847152214,Medium
2995-UPRYS,0.22162336181428322,99.2,1190.4,263.82044990372276,Medium
9332-GYWLO,0.40032985714458835,54.85,658.2,263.49711197256806,Medium
4080-OGPJL,0.3085109758564551,71.15,853.8000000000001,263.4066711862414,Medium
3446-QDSZF,0.39549701782512137,55.5,666.0,263.40101387153084,Medium
5896-NPFWW,0.4374457060418419,50.15,601.8,263.25482589598045,Medium
5424-RLQLC,0.36775770435219585,59.65,715.8,263.2409647753018,Medium
1091-SOZGA,0.21949308061940317,99.8,1197.6,262.86491334979723,Medium
4678-DVQEO,0.4189759912145045,52.2,626.4000000000001,262.4465608967657,Medium
7587-RZNME,0.5047916181270169,43.3,519.5999999999999,262.28972477879796,Medium
0319-QZTCO,0.37204543955311153,58.7,704.4000000000001,262.0688076212118,Medium
9708-HPXWZ,0.4805889400876042,45.4,544.8,261.82485455972676,Medium
4918-QLLIW,0.40851505740577343,53.4,640.8,261.7764487856196,Medium
5443-SCMKX,0.23118229153006872,94.3,1131.6,261.60588109542573,Medium
0734-OXWBT,0.3081986488091991,70.7,848.4000000000001,261.47573364972453,Medium
5404-GGUKR,0.4241336380541305,51.35,616.2,261.35114776895523,Medium
3798-EPWRR,0.49547411577281136,43.95,527.4000000000001,261.3130486585808,Medium
5174-ITUMV,0.20647032100327167,105.4,1264.8000000000002,261.14366200493805,Medium
7147-AYBAA,0.309164402763007,70.35,844.1999999999999,260.9965888125305,Medium
6733-LRIZX,0.19955632800376474,108.95,1307.4,260.89994323212204,Medium
2669-QVCRG,0.26727428885874177,81.3,975.5999999999999,260.75279621058843,Medium
5325-UWTWJ,0.23985591363074932,90.55,1086.6,260.6274357511722,Medium
5047-LHVLY,0.4329307592072462,50.15,601.8,260.5377308909207,Medium
7134-MJPDY,0.21088008657216803,102.85,1234.1999999999998,260.26820284736976,Medium
0877-SDMBN,0.2083609018333358,103.95,1247.4,259.9093889469031,Medium
5734-EJKXG,0.18242973836892729,118.6,1423.1999999999998,259.6340036466573,Medium
6704-UTUKK,0.47102772241493035,45.9,550.8,259.44206950614364,Medium
8910-LEDAG,0.3021551989962519,71.55,858.5999999999999,259.4304538581818,Medium
7398-LXGYX,0.25494325688806263,84.8,1017.5999999999999,259.4302582092925,Medium
7675-OZCZG,0.4800867778908989,45.0,540.0,259.2468600610854,Medium
5173-WXOQV,0.33633017788573105,64.2,770.4000000000001,259.10876904316723,Medium
3842-QTGDL,0.2671688499039954,80.75,969.0,258.88661555697155,Medium
8868-GAGIO,0.2550837010470606,84.55,1014.5999999999999,258.80792308234766,Medium
5131-PONJI,0.23849816832577528,90.4,1084.8000000000002,258.7228129998011,Medium
9637-EIHEQ,0.4243282246463826,50.8,609.5999999999999,258.6704857444348,Medium
5898-IGSLP,0.24136455672055282,89.3,1071.6,258.6462589817444,Medium
3677-IYRBF,0.7087436630773961,30.4,364.79999999999995,258.5496882906341,Medium
9614-RMGHA,0.23422700634719534,91.85,1102.1999999999998,258.16500639587866,Medium
9500-LTVBP,0.2687261857351554,80.05,960.5999999999999,258.13837401719024,Medium
5527-ACHSO,0.30473069604305586,70.5,846.0,257.80216885242527,Medium
8257-RZAHR,0.3317343065793601,64.7,776.4000000000001,257.5585156282152,Medium
0853-NWIFK,0.21393655869872574,100.3,1203.6,257.4940420497863,Medium
3452-SRFEG,0.2876073214004072,74.6,895.1999999999999,257.4660741176445,Medium
9419-IPPBE,0.23776777768837584,90.15,1081.8000000000002,257.21718190328505,Medium
0274-JKUJR,0.36367652718488436,58.85,706.2,256.82836349796537,Medium
2187-LZGPL,0.5327066230102946,40.1,481.20000000000005,256.33842699255376,Medium
1536-HBSWP,0.4277784252810566,49.9,598.8,256.15372105829664,Medium
3886-CERTZ,0.195282629557629,109.25,1311.0,256.0155273500516,Medium
4918-FYJNT,0.23584190111767372,90.45,1085.4,255.9827994731231,Medium
6633-SYEUS,0.2562588228727914,83.2,998.4000000000001,255.84880875619496,Medium
5828-DWPIL,0.239280395646668,89.1,1069.1999999999998,255.83859902541738,Medium
6050-IJRHS,0.20010399901003348,106.5,1278.0,255.73291073482278,Medium
8654-DHAOW,0.3930676051211686,54.15,649.8,255.41532980773536,Medium
1448-CYWKC,0.20199818095280037,105.2,1262.4,255.0025036348152,Medium
5087-SUURX,0.5437408644574495,39.05,468.59999999999997,254.79696908476083,Medium
0463-ZSDNT,0.3741172121832033,56.75,681.0,254.77382149676146,Medium
5154-VEKBL,0.3620027140342984,58.5,702.0,254.12590525207747,Medium
0215-BQKGS,0.25108747486805466,84.3,1011.5999999999999,254.00008957652406,Medium
1310-QRITU,0.4203794960450953,50.3,603.5999999999999,253.74106381281948,Medium
9026-LHEVG,0.518799746661492,40.75,489.0,253.6930761174696,Medium
7409-JURKQ,0.1890685714822856,111.8,1341.6,253.65439550063434,Medium
1541-ETJZO,0.34054016384980146,62.05,744.5999999999999,253.56620600256213,Medium
3351-NGXYI,0.3905596014916748,54.1,649.2,253.5512932883953,Medium
7694-VLBWQ,0.2028454697189043,104.1,1249.1999999999998,253.39456077285521,Medium
7594-LZNWR,0.30513328735455675,69.15,829.8000000000001,253.19960184681122,Medium
8679-LZBMD,0.23261999406815442,90.65,1087.8000000000002,253.04402954733843,Medium
6425-YQLLO,0.1989856211761687,105.95,1271.4,252.99031876338088,Medium
1470-PSXNM,0.22505246221631775,93.65,1123.8000000000002,252.91395703869793,Medium
9828-AOQLM,0.46108137513877107,45.7,548.4000000000001,252.85702612610208,Medium
5204-QZXPU,0.5313137145505695,39.65,475.79999999999995,252.79906538316095,Medium
1984-FCOWB,0.1916226622628289,109.5,1314.0,251.79217821335718,Medium
7993-NQLJE,0.27923004339065705,75.1,901.1999999999999,251.6421151036601,Medium
1205-WNWPJ,0.35231853364098376,59.5,714.0,251.5554330196624,Medium
6627-CFOSN,0.210509383551267,99.45,1193.4,251.22189833008204,Medium
3716-UVSPD,0.423901623128369,49.3,591.5999999999999,250.78020024274306,Medium
4350-ZTLPI,0.19171009970586317,108.95,1307.4,250.64178435544554,Medium
9833-TGFHX,0.21455531786172624,97.1,1165.1999999999998,249.99985637248338,Medium
8728-SKJLR,0.2805096732166606,74.25,891.0,249.93411883604458,Medium
8066-POXGX,0.5925022074437503,35.1,421.20000000000005,249.56192977530765,Medium
3466-WAESX,0.3009292261232271,69.1,829.1999999999999,249.5305143013799,Medium
7459-RRWQZ,0.32164276384178225,64.65,775.8000000000001,249.5304561884547,Medium
5707-ORNDZ,0.38114377081410533,54.55,654.5999999999999,249.49671237491333,Medium
0639-TSIQW,0.2017653879632527,102.95,1235.4,249.2609602898024,Medium
9767-FFLEM,0.29876082807149384,69.5,834.0,249.16653061162586,Medium
5067-XJQFU,0.19133691931780403,108.45,1301.4,249.00586680019018,Medium
9462-MJUAW,0.4111551788512702,50.4,604.8,248.66665216924818,Medium
1169-SAOCL,0.1942855283497168,106.65,1279.8000000000002,248.6466191819676,Medium
5949-HGVJL,0.28342981367008957,73.05,876.5999999999999,248.4545746632005,Medium
4685-ERGHK,0.2382109281891084,86.9,1042.8000000000002,248.4063559156023,Medium
1409-PHXTF,0.18735586782472136,110.45,1325.4,248.3214672148857,Medium
7825-GKXMW,0.4517550536360863,45.8,549.5999999999999,248.284577478393,Medium
6859-RKMZJ,0.3758444210195033,55.05,660.5999999999999,248.28282452548387,Medium
5298-GSTLM,0.204043829653539,101.4,1216.8000000000002,248.2805319224263,Medium
1422-DGUBX,0.2609555993600634,79.25,951.0,248.1687749914203,Medium
4361-JEIVL,0.4655839884107492,44.4,532.8,248.06314902524716,Medium
1406-PUQVY,0.4139253550148532,49.9,598.8,247.8585025828941,Medium
1135-HIORI,0.18531945447847417,111.45,1337.4,247.84623841951137,Medium
6923-EFPNL,0.39894330158641145,51.75,621.0,247.7437902851615,Medium
7722-CVFXN,0.19592032656549782,105.2,1262.4,247.32982025628448,Medium
0516-OOHAR,0.20533813886441282,100.35,1204.1999999999998,247.26818682052587,Medium
7740-BTPUX,0.18112485512301188,113.6,1363.1999999999998,246.90940250368976,Medium
4789-KWMXN,0.1855616780424436,110.85,1330.1999999999998,246.83414413205847,Medium
0603-OLQDC,0.2939898582865636,69.85,838.1999999999999,246.42229921579758,Medium
7285-KLOTR,0.26021096158246576,78.85,946.1999999999999,246.21161184932907,Medium
1612-EOHDH,0.45428009835035393,45.15,541.8,246.12895728622175,Medium
3751-KTZEL,0.5842187313183552,35.05,420.59999999999997,245.7223983925002,Medium
4223-WOZCM,0.4095364208621517,49.95,599.4000000000001,245.47613066477376,Medium
2272-JKMSI,0.18438577238115494,110.8,1329.6,245.1593229579836,Medium
8652-YHIYU,0.25695797095627304,79.5,954.0,245.13790429228447,Medium
9948-YPTDG,0.256955704689213,79.45,953.4000000000001,244.98156885069574,Medium
0786-IVLAW,0.18882912040071811,108.1,1297.1999999999998,244.9491349838115,Medium
7359-PTSXY,0.44569984120636086,45.75,549.0,244.68921282229212,Medium
8812-ZRHFP,0.235843121697125,86.45,1037.4,244.6636544485975,Medium
6689-KXGBO,0.4033072636337991,50.55,606.5999999999999,244.64618612026248,Medium
2275-RBYQS,0.44776543389484075,45.4,544.8,243.9426083859092,Medium
5692-FPTAH,0.44776543389484075,45.4,544.8,243.9426083859092,Medium
2853-CWQFQ,0.3412974039294258,59.55,714.5999999999999,243.89112484796766,Medium
3144-KMTWZ,0.21793661403334405,93.25,1119.0,243.871071103312,Medium
3658-KIBGF,0.3698128357540368,54.9,658.8,243.6326961947594,Medium
7734-DBOAI,0.5062980873810738,40.1,481.20000000000005,243.63063964777277,Medium
7065-YUNRY,0.4481531179016163,45.3,543.5999999999999,243.6160348913186,Medium
9631-XEYKE,0.40250088692749997,50.4,604.8,243.43253641375196,Medium
0928-JMXNP,0.6782272426099774,29.9,358.79999999999995,243.34793464845984,Medium
5552-ZNFSJ,0.44744338495946884,45.3,543.5999999999999,243.23022406396723,Medium
1963-SVUCV,0.44744338495946884,45.3,543.5999999999999,243.23022406396723,Medium
1471-GIQKQ,0.40557294210521233,49.95,599.4000000000001,243.10042149786432,Medium
0191-ZHSKZ,0.2709665582786781,74.75,897.0,243.05700277597427,Medium
4883-QICIH,0.2901667706424551,69.75,837.0,242.86958702773492,Medium
5481-NTDOH,0.1890487893814982,107.05,1284.6,242.85207483947255,Medium
0365-TRTPY,0.22177482885932626,91.2,1094.4,242.71037270364667,Medium
8399-YNDCH,0.3368082071754535,60.05,720.5999999999999,242.70399409063177,Medium
0409-WTMPL,0.18248858366643345,110.65,1327.8000000000002,242.30834139229037,Medium
0442-ZXKVS,0.1746697440831606,115.6,1387.1999999999998,242.30186899216037,Medium
4320-QMLLA,0.3679865010888416,54.85,658.2,242.20871501667557,Medium
4237-RLAQD,0.4397884791846676,45.85,550.2,241.97162124740416,Medium
4065-JJAVA,0.4072748494681577,49.5,594.0,241.92126058408564,Medium
7673-LPRNY,0.25658842411298144,78.55,942.5999999999999,241.86024856889628,Medium
5133-POWUA,0.43998161135537756,45.8,549.5999999999999,241.81389360091546,Medium
1750-CSKKM,0.3638937816606856,55.35,664.2,241.69824977902738,Medium
6128-AQBMT,0.37325862777486973,53.95,647.4000000000001,241.6476356214507,Medium
2207-NHRJK,0.3963049220366946,50.8,609.5999999999999,241.587480473569,Medium
1478-VPOAD,0.4595317963144607,43.8,525.5999999999999,241.5299121428805,Medium
8198-RKSZG,0.250162189100698,80.45,965.4000000000001,241.50657735781385,Medium
9117-SHLZX,0.44036793015913983,45.7,548.4000000000001,241.49777289927232,Medium
0887-HJGAR,0.44036793015913983,45.7,548.4000000000001,241.49777289927232,Medium
4537-DKTAL,0.44140921224180735,45.55,546.5999999999999,241.27427541137186,Medium
6507-DTJZV,0.30262601689337926,66.4,796.8000000000001,241.1324102606446,Medium
3566-HJGPK,0.44094754366857575,45.55,546.5999999999999,241.02192736924346,Medium
6595-COKXZ,0.45145093011224074,44.45,533.4000000000001,240.80392612186927,Medium
9323-HGFWY,0.19673749589567535,101.9,1222.8000000000002,240.57060998123185,Medium
7856-GANIL,0.20282615760855077,98.7,1184.4,240.22730107156755,Medium
5365-LLFYV,0.4363348557081038,45.85,550.2,240.07143761059874,Medium
3842-IYKUE,0.2344508784638012,85.3,1023.5999999999999,239.9839191955469,Medium
1564-HJUVY,0.3136119353385449,63.75,765.0,239.91313053398687,Medium
6968-GMKPR,0.2451467900199822,81.55,978.5999999999999,239.90064871355457,Medium
6572-ADKRS,0.26692305965632596,74.8,897.5999999999999,239.59013834751815,Medium
7729-JTEEC,0.44864636814372555,44.5,534.0,239.57716058874945,Medium
5696-QURRL,0.4428807428434798,45.05,540.5999999999999,239.42132958118512,Medium
5057-LCOUI,0.39307817380020305,50.75,609.0,239.38460784432365,Medium
9214-EKVXR,0.4531985773555255,44.0,528.0,239.28884884371746,Medium
6723-WSNTY,0.18444895300294364,108.1,1297.1999999999998,239.26718183541846,Medium
8950-MTZNV,0.4432675923322249,44.95,539.4000000000001,239.09853930400214,Medium
4851-BQDNX,0.23414515684377044,85.05,1020.5999999999999,238.96854707475208,Medium
8710-YGLWG,0.44346104291239163,44.9,538.8,238.93680992119658,Medium
1942-OQFRW,0.4524874057474363,44.0,528.0,238.91335023464637,Medium
9089-UOWJG,0.3410360050460209,58.35,700.2,238.79341073322385,Medium
1871-MOWRM,0.2461121752038608,80.85,970.1999999999999,238.77803238278574,Medium
3410-MHHUM,0.21052246845891548,94.4,1132.8000000000002,238.4798522702595,Medium
1078-TDCRN,0.6461084621047362,30.75,369.0,238.41402251664763,Medium
0956-ACVZC,0.21112377719533146,94.1,1129.1999999999998,238.40096920896823,Medium
5945-AZYHT,0.1811616290526162,109.6,1315.1999999999998,238.2637745300008,Medium
9391-YZEJW,0.211203817212836,94.0,1128.0,238.237905816079,Medium
1355-KUSBG,0.40636723537702735,48.8,585.5999999999999,237.96865303678717,Medium
2252-JHJGE,0.19057005858404247,104.0,1248.0,237.831433112885,Medium
1728-BQDMA,0.445619408313202,44.45,533.4000000000001,237.693392394262,Medium
8715-KKTFG,0.19166047751358453,103.3,1239.6,237.58232792583937,Medium
8180-AKMJV,0.44429112450709535,44.55,534.5999999999999,237.51803516149315,Medium
0322-CHQRU,0.4363654367949654,45.35,544.2,237.4700707038202,Medium
4123-FCVCB,0.2608203640885594,75.85,910.1999999999999,237.39869539340677,Medium
1591-NFNLQ,0.24727304123964974,80.0,960.0,237.38211959006375,Medium
0103-CSITQ,0.18071027169335183,109.4,1312.8000000000002,237.2364446790323,Medium
5816-SCGFC,0.38530314100498214,51.3,615.5999999999999,237.19261360266697,Medium
5759-RCVCB,0.5612016234745787,35.2,422.40000000000003,237.05156575566207,Medium
0082-LDZUE,0.44578377102954597,44.3,531.5999999999999,236.9786526793066,Medium
6614-VBEGU,0.2843394917106818,69.45,833.4000000000001,236.96853239168223,Medium
3278-FSIXX,0.4362961057098714,45.25,543.0,236.90878540046015,Medium
9705-IOVQQ,0.19936630409493136,99.0,1188.0,236.84716926477847,Medium
1845-ZLLIG,0.3933893433781512,50.15,601.8,236.74170684497136,Medium
3170-GWYKC,0.18784188094023568,104.95,1259.4,236.56806485613285,Medium
7663-RGWBC,0.44636482728686167,44.15,529.8,236.4840854965793,Medium
0015-UOCOJ,0.408748596676355,48.2,578.4000000000001,236.42018831760376,Medium
9821-BESNZ,0.18881466283990034,104.25,1251.0,236.20714321271532,Medium
4673-KKSLS,0.22467053577032212,87.6,1051.1999999999998,236.17366720176256,Medium
2720-FVBQP,0.40200806664003097,48.95,587.4000000000001,236.13953834435424,Medium
1357-MVDOZ,0.32971765298057354,59.65,715.8,236.0118960034945,Medium
5447-WZAFP,0.1958762475159259,100.3,1203.6,235.75665151016838,Medium
7377-DMMRI,0.4091935064742131,47.8,573.5999999999999,234.7133953136086,Medium
0880-FVFWF,0.22625836750722875,86.4,1036.8000000000002,234.58467543149482,Medium
7743-EXURX,0.3826097992442234,51.05,612.5999999999999,234.38676301701122,Medium
5140-FOMCQ,0.17890494844982993,109.15,1309.8000000000002,234.32970147958727,Medium
2372-HWUHI,0.43967033307757136,44.35,532.2,233.9925512638835,Medium
3521-SYVOR,0.3010964593827088,64.75,777.0,233.95194894036473,Medium
1356-MKYSK,0.24783746101938933,78.65,943.8000000000001,233.90899571009967,Medium
0898-XCGTF,0.20197620293458174,96.5,1158.0,233.88844299824567,Medium
3763-GCZHZ,0.18718684209504688,104.05,1248.6,233.7214910398755,Medium
4671-LXRDQ,0.43276852055595855,45.0,540.0,233.6950011002176,Medium
1226-UDFZR,0.3924957454516267,49.6,595.2,233.61346769280823,Medium
5074-FBGHB,0.18595360047726409,104.65,1255.8000000000002,233.52053147934828,Medium
1791-PQHBB,0.3179286361296459,61.2,734.4000000000001,233.48679037361197,Medium
4570-QHXHL,0.44466323014514275,43.75,525.0,233.44819582619994,Medium
9761-XUJWD,0.296534122877702,65.6,787.1999999999999,233.431661529327,Medium
9844-FELAJ,0.18025478737698541,107.9,1294.8000000000002,233.39389869572074,Medium
8091-TTVAX,0.19373094924490536,100.35,1204.1999999999998,233.290809080715,Medium
4718-DHSMV,0.5422893779289778,35.8,429.59999999999997,232.96751675828884,Medium
0774-IFUVM,0.29788268334466594,65.15,781.8000000000001,232.88468183885985,Medium
6876-ADESB,0.396458879915394,48.95,587.4000000000001,232.87994606230248,Medium
4847-QNOKA,0.4319156409288097,44.9,538.8,232.71614733244263,Medium
0691-JVSYA,0.2044132064133338,94.85,1138.1999999999998,232.66311153965648,Medium
8679-JOEVF,0.3262573892138678,59.4,712.8,232.55626703164498,Medium
7841-TZDMQ,0.4212486663933835,46.0,552.0,232.5292638491477,Medium
0374-IOEGQ,0.43383794151801897,44.6,535.2,232.19006630044376,Medium
0778-NELLA,0.55709265767155,34.7,416.40000000000003,231.97338265443346,Medium
7766-CLTIC,0.3169748729115066,60.95,731.4000000000001,231.83542204747596,Medium
4187-CINZD,0.20234627469049007,95.25,1143.0,231.28179197123015,Medium
8189-HBVRW,0.21206739872238753,90.8,1089.6,231.06863764791342,Medium
2637-FKFSY,0.4174476830636988,46.1,553.2,230.93205827083818,Medium
9415-TPKRV,0.344907850258691,55.75,669.0,230.74335182306427,Medium
9992-UJOEL,0.38222777721882806,50.3,603.5999999999999,230.7126863292846,Medium
0786-VSSUD,0.4925355818101937,39.0,468.0,230.50665228717065,Medium
9481-SFCQY,0.3211727235897027,59.8,717.5999999999999,230.47354644797065,Medium
3404-JNXAX,0.23781753506403622,80.75,969.0,230.44519147705108,Medium
3926-CUQZX,0.424961725086949,45.1,541.2,229.98928561705682,Medium
4193-ORFCL,0.42482013558928694,45.1,541.2,229.9126573809221,Medium
6854-EXGSF,0.29248907736067553,65.5,786.0,229.89641480549096,Medium
9780-FKVVF,0.3238840996797341,59.15,709.8,229.89293395267524,Medium
3426-NIYYL,0.3708947985399792,51.55,618.5999999999999,229.4355223768311,Medium
4913-EHYUI,0.1825663118795401,104.55,1254.6,229.04769488407098,Medium
7730-IUTDZ,0.2537197346703842,75.2,902.4000000000001,228.95668856655473,Medium
5811-IWXYM,0.18826404211873396,101.25,1215.0,228.74081117426175,Medium
7634-WSWDB,0.4950403097373546,38.5,462.0,228.70862309865782,Medium
5175-AOBHI,0.4141551513108854,46.0,552.0,228.61364352360874,Medium
4959-JOSRX,0.4269708232285118,44.6,535.2,228.51478459189954,Medium
2208-NQBCT,0.23230645597729968,81.95,983.4000000000001,228.45016880807654,Medium
1113-IUJYX,0.17959687939596564,105.95,1271.4,228.33947246403073,Medium
5968-VXZLG,0.4083055535492167,46.6,559.2,228.32446554472202,Medium
4374-YMUSQ,0.16366888178373565,116.25,1395.0,228.31809008831124,Medium
6537-OTKMY,0.3748711346815388,50.75,609.0,228.29652102105715,Medium
5939-XAIXZ,0.3389980145952718,56.1,673.2,228.213463425537,Medium
8650-RHRKE,0.6413338975374167,29.65,355.79999999999995,228.18660074381282,Medium
7530-HDYDS,0.22565489474619965,84.25,1011.0,228.13709858840784,Medium
5827-MWCZK,0.19594315490347144,96.95,1163.4,227.9602664146987,Medium
0621-TWIEM,0.41699878349644315,45.55,546.5999999999999,227.93153505915578,Medium
3665-JATSN,0.47801615732730873,39.7,476.40000000000003,227.7268973507299,Medium
3301-LSLWQ,0.28695954365578324,66.1,793.1999999999999,227.61631002776724,Medium
3097-NNSPB,0.38633242959657593,49.05,588.5999999999999,227.39526806054457,Medium
3199-NPKCN,0.17029317278794567,111.25,1335.0,227.34138567190746,Medium
5778-BVOFB,0.31836419883320116,59.5,714.0,227.31203796690562,Medium
6797-UCJHZ,0.1809337984938343,104.6,1255.1999999999998,227.1081038694608,Medium
3190-XFANI,0.18798819257627764,100.6,1207.1999999999998,226.93934607808234,Medium
5846-QFDFI,0.21343169838185447,88.6,1063.1999999999998,226.92058171958763,Medium
3961-SXAXY,0.4289891836685858,44.05,528.5999999999999,226.76368248721442,Medium
8229-TNIQA,0.41712599997926525,45.3,543.5999999999999,226.74969358872855,Medium
6473-ULUHT,0.22234007696851726,84.9,1018.8000000000001,226.5200704155254,Medium
1229-RCALF,0.16390057655006496,115.0,1380.0,226.18279563908965,Medium
3522-CDKHF,0.24963126130735938,75.5,906.0,226.1659227444676,Medium
6650-VJONK,0.4297574030872317,43.85,526.2,226.13834550450133,Medium
3946-MHCZW,0.3699995111586216,50.9,610.8,225.99570141568606,Medium
5233-GEEAX,0.6404743112284378,29.4,352.79999999999995,225.9593370013928,Medium
7188-CBBBA,0.19694775305883022,95.5,1146.0,225.70212500541945,Medium
9700-ISPUP,0.2870776850348674,65.5,786.0,225.64306043740578,Medium
2826-UWHIS,0.23088185739063374,81.4,976.8000000000001,225.52539829917106,Medium
1996-DBMUS,0.2659228665632367,70.65,847.8000000000001,225.4494062723121,Medium
5201-FRKKS,0.2527574927853455,74.3,891.5999999999999,225.358580567414,Medium
7356-IWLFW,0.23474728807531886,80.0,960.0,225.3573965523061,Medium
0961-ZWLVI,0.17186571800188177,109.2,1310.4,225.2128368696659,Medium
4753-PADAS,0.17755321370841884,105.7,1268.4,225.20849626775848,Medium
6633-MPWBS,0.38118580058166784,49.2,590.4000000000001,225.05209666341673,Medium
7590-VHVEG,0.6280958410995858,29.85,358.20000000000005,224.98393028187166,Medium
6686-YPGHK,0.21917753398347534,85.5,1026.0,224.87614986704568,Medium
3043-TYBNO,0.30849589591880194,60.65,727.8,224.52331304970403,Medium
2750-BJLSB,0.18016134158211758,103.7,1244.4,224.19277346478714,Medium
0623-IIHUG,0.44583762533961324,41.9,502.79999999999995,224.1671580207575,Medium
5334-JLAXU,0.19832496988804565,94.1,1129.1999999999998,223.9485559975811,Medium
6304-IJFSQ,0.3728625588818501,49.9,598.8,223.27010025845183,Medium
8124-NZVGJ,0.37768262981803763,49.25,591.0,223.21043422246024,Medium
0887-WBJVH,0.19887727745412706,93.45,1121.4,223.02097893705812,Medium
2718-GAXQD,0.4036834280262884,46.0,552.0,222.83325227051122,Medium
3572-UOLYZ,0.21893437049961867,84.8,1017.5999999999999,222.78761542041192,Medium
6728-VOIFY,0.19320699727635582,96.0,1152.0,222.5744608623619,Medium
9571-EDEBV,0.18797874684578858,98.65,1183.8000000000002,222.52924051604455,Medium
1502-XFCVR,0.1740634462143347,106.45,1277.4,222.34864619419116,Medium
6270-OMFIW,0.19614688132150201,94.4,1132.8000000000002,222.1951871609975,Medium
2309-OSFEU,0.5458654557496526,33.9,406.79999999999995,222.05806739895866,Medium
4646-QZXTF,0.22757575965052676,81.25,975.0,221.8863656592636,Medium
7876-BEUTG,0.3785655914428335,48.8,585.5999999999999,221.68801034892329,Medium
9667-EQRXU,0.4581069072434867,40.3,483.59999999999997,221.54050034295014,Medium
7402-PWYJJ,0.2023431396478749,91.15,1093.8000000000002,221.3229261468456,Medium
3701-SFMUH,0.2642141774995509,69.7,836.4000000000001,220.9887380606244,Medium
4098-NAUKP,0.21752547550194898,84.65,1015.8000000000001,220.9623780148798,Medium
4767-HZZHQ,0.22422930437615798,82.05,984.5999999999999,220.77617308876512,Medium
0479-HMSWA,0.17445871618728934,105.45,1265.4,220.76005946339595,Medium
3339-EAQNV,0.18901270051169705,97.25,1167.0,220.57782149715047,Medium
3173-NVMPX,0.33233348086562814,55.3,663.5999999999999,220.5364979024308,Medium
6345-ULYRW,0.207795286190687,88.4,1060.8000000000002,220.4292395910808,Medium
4208-UFFGW,0.40822919818295667,44.95,539.4000000000001,220.19882949988687,Medium
6253-WRFHY,0.2833392162672994,64.75,777.0,220.15457103969163,Medium
3873-NFTGI,0.33037639192555907,55.5,666.0,220.03067702242234,Medium
0311-QYWSS,0.37032590350472455,49.45,593.4000000000001,219.75139113970357,Medium
3162-ZJZFU,0.1978055327450788,92.55,1110.6,219.6828246666845,Medium
4566-QVRRW,0.4154415626194229,44.05,528.5999999999999,219.6024100006269,Medium
3144-AUDBS,0.3722549465277773,49.15,589.8,219.55596746208303,Medium
4676-MQUEA,0.1795378223010821,101.9,1222.8000000000002,219.53884910976322,Medium
5392-AKEMH,0.40609705771537524,45.05,540.5999999999999,219.5360694009318,Medium
1193-RTSLK,0.2180497056516149,83.9,1006.8000000000001,219.5324436500459,Medium
0550-DCXLH,0.24912320020913395,73.35,880.1999999999999,219.2782408240797,Medium
3154-CFSZG,0.20288862059523563,90.05,1080.6,219.2414434152116,Medium
7957-RYHQD,0.23067076835048989,79.2,950.4000000000001,219.22949824030562,Medium
0678-RLHVP,0.17305408101585928,105.55,1266.6,219.19029901468735,Medium
9659-ZTWSM,0.17010010065945258,107.35,1288.1999999999998,219.1229496695068,Medium
6952-OMNWB,0.22691416649018237,80.35,964.1999999999999,218.79063932983382,Medium
6537-QLGEX,0.4684388661160112,38.9,466.79999999999995,218.66726270295402,Medium
7669-LCRSD,0.3236474606225136,56.3,675.5999999999999,218.65622439657017,Medium
1582-RAFML,0.3031159617893829,60.1,721.2,218.60723164250294,Medium
4459-BBGHE,0.40934447818544517,44.5,534.0,218.5899513510277,Medium
2181-UAESM,0.3406812020265917,53.45,641.4000000000001,218.51292297985594,Medium
2235-ZGKPT,0.35791434233677133,50.85,610.2,218.3993316938979,Medium
4868-AADLV,0.1564745223484348,116.25,1395.0,218.28195867606655,Medium
8263-OKETD,0.26395256445077453,68.9,826.8000000000001,218.2359802879004,Medium
5243-SAOTC,0.22770786160017606,79.85,958.1999999999999,218.1896729852887,Medium
6625-UTXEW,0.35474266739818305,51.25,615.0,218.16674044988258,Medium
7607-QKKTJ,0.19132312381241617,95.0,1140.0,218.10836114615444,Medium
0913-XWSCN,0.2123759495323814,85.5,1026.0,217.89772422022332,Medium
5493-SDRDQ,0.32939080963518963,55.1,661.2,217.7932033307874,Medium
9348-YVOMK,0.4047573908462584,44.8,537.5999999999999,217.59757331894846,Medium
3413-BMNZE,0.400638408217472,45.25,543.0,217.5466556620873,Medium
6789-HJBWG,0.3668326549952664,49.4,592.8,217.45839788119392,Medium
5198-EFNBM,0.19990524443488628,90.65,1087.8000000000002,217.45692489626933,Medium
4640-UHDOS,0.32359781714376945,55.95,671.4000000000001,217.26357443032683,Medium
1768-ZAIFU,0.7181176271047489,25.2,302.4,217.15877043647606,Medium
4957-TREIR,0.2809898820923165,64.4,772.8000000000001,217.14898088094222,Medium
3807-BPOMJ,0.19085837484572912,94.75,1137.0,217.00597219959403,Medium
6849-OYAMU,0.18080784359748567,100.0,1200.0,216.9694123169828,Medium
9139-WQQDY,0.17996535764464167,100.45,1205.4,216.9302421048511,Medium
4905-JEFDW,0.43434090711434553,41.6,499.20000000000005,216.82298083148132,Medium
8952-WCVCD,0.17294962542587156,104.45,1253.4,216.77506050878742,Medium
3709-OIJEA,0.2116708886809331,85.2,1022.4000000000001,216.41231658738602,Medium
5469-CTCWN,0.1697732519623035,106.0,1272.0,215.95157649605005,Medium
8647-SDTWQ,0.24197600636592537,74.3,891.5999999999999,215.74580727585902,Medium
3714-JTVOV,0.24228406172725744,74.15,889.8000000000001,215.58435812491368,Medium
5569-IDSEY,0.16991800637739102,105.7,1268.4,215.52399928908278,Medium
9505-SQFSW,0.44550193864580934,40.3,483.59999999999997,215.44473752911338,Medium
2659-VXMWZ,0.16105940629455182,111.3,1335.6,215.1109430470034,Medium
5402-HTOTQ,0.3239398353173318,55.3,663.5999999999999,214.96647471658133,Medium
4692-NNQRU,0.22606666532424513,79.2,950.4000000000001,214.8537587241626,Medium
0023-HGHWL,0.713296542327462,25.1,301.20000000000005,214.84491854903158,Medium
3538-WZPHD,0.6047965824565958,29.6,355.20000000000005,214.82374608858288,Medium
7055-HNEOJ,0.32079574046853687,55.8,669.5999999999999,214.80482781773227,Medium
9350-VLHMB,0.19968046463122754,89.55,1074.6,214.5766272927171,Medium
8945-MUQUF,0.18852213434005238,94.8,1137.6,214.46278002524357,Medium
4431-EDMIQ,0.2360661046791124,75.7,908.4000000000001,214.44244949050574,Medium
1020-JPQOW,0.1971337914961906,90.55,1086.6,214.20557783976068,Medium
3629-WEAAM,0.27840693621927526,64.1,769.1999999999999,214.1506153398665,Medium
7579-OOPEC,0.35574143049825435,50.15,601.8,214.08519287384945,Medium
3537-HPKQT,0.22943480418843695,77.75,933.0,214.06267230781168,Medium
3347-YJZZE,0.2226624189382086,80.1,961.1999999999999,214.02311708340608,Medium
1732-FEKLD,0.18819232672572794,94.75,1137.0,213.97467548715267,Medium
4710-FDUIZ,0.1776517778462308,100.3,1203.6,213.82167981572337,Medium
1485-YDHMM,0.19106309103973862,93.25,1119.0,213.79959887346752,Medium
4690-LLKUA,0.3950297172050407,45.05,540.5999999999999,213.55306512104497,Medium
9036-CSKBW,0.16555355819465464,107.45,1289.4,213.4647579361877,Medium
4881-JVQOD,0.5148304768222183,34.55,414.59999999999997,213.44871569049167,Medium
3230-WYKIR,0.21688360049459793,82.0,984.0,213.41346288668436,Medium
2834-SPCJV,0.21143245089131896,84.1,1009.1999999999999,213.37762943951907,Medium
4415-WNGVR,0.2244524247845017,79.2,950.4000000000001,213.31958451519043,Medium
1767-TGTKO,0.3909673278630661,45.45,545.4000000000001,213.2335806165163,Medium
4280-DLSHD,0.32450657328149846,54.75,657.0,213.20081864594448,Medium
6583-SZVGP,0.16432271211380486,108.1,1297.1999999999998,213.15942215402765,Medium
6890-PFRQX,0.2555241195185104,69.5,834.0,213.10711567843768,Medium
8421-WZOOW,0.18622458078497742,95.3,1143.6,212.96643058570015,Medium
5268-DSMNQ,0.18103141250976137,97.95,1175.4,212.78432226397354,Medium
5027-XWQHA,0.39618832770479345,44.75,537.0,212.75313197747408,Medium
2284-VFLKH,0.17863080718319443,99.25,1191.0,212.74929135518457,Medium
7932-WPTDS,0.7147209479460833,24.8,297.6,212.70095410875442,Medium
8388-FYNPZ,0.31223430491709026,56.75,681.0,212.63156164853845,Medium
4800-CZMPC,0.17160744098293984,103.25,1239.0,212.62161937786246,Medium
0618-XWMSS,0.23650065007762122,74.9,898.8000000000001,212.56678428976596,Medium
1635-FJFCC,0.4017411124933826,44.05,528.5999999999999,212.36035206400203,Medium
8961-QDZZJ,0.18618237115573663,95.0,1140.0,212.24790311753975,Medium
5136-RGMZO,0.24862829844499593,71.05,852.5999999999999,211.9804872542035,Medium
9101-BWFSS,0.16259716286597112,108.55,1302.6,211.79906434921395,Medium
7128-GGCNO,0.24222571077034052,72.8,873.5999999999999,211.60838092896947,Medium
1707-HABPF,0.19307149241359645,91.3,1095.6,211.52912708833625,Medium
4030-VPZBD,0.570162390757814,30.9,370.79999999999995,211.41621449299743,Medium
8824-RWFXJ,0.3136590049217192,56.15,673.8,211.3434375162544,Medium
4482-FTFFX,0.3135633908587253,56.15,673.8,211.2790127606091,Medium
6921-OZMFH,0.3160520191112375,55.7,668.4000000000001,211.24916957395115,Medium
2692-AQCPF,0.1626056195444922,108.05,1296.6,210.8344463013886,Medium
4950-BDEUX,0.35681094796571905,49.2,590.4000000000001,210.66118367896055,Medium
9489-UTFKA,0.2879495074025872,60.9,730.8,210.4335000098107,Medium
7750-EYXWZ,0.289045910427999,60.65,727.8,210.36761360949765,Medium
9079-LWTFD,0.1736137082824284,100.75,1209.0,209.8989733134559,Medium
0374-AACSZ,0.34876821193751534,50.15,601.8,209.8887099439967,Medium
7319-VENRZ,0.27194937221072263,64.3,771.5999999999999,209.83613559779354,Medium
4109-CYRBD,0.33830858198008523,51.6,619.2,209.48067396206878,Medium
5673-TIYIB,0.43205444251897857,40.4,484.79999999999995,209.45999373320078,Medium
5522-JBWMO,0.3962365791246058,44.0,528.0,209.21291377779187,Medium
9732-KPKBW,0.3224891201580115,53.95,647.4000000000001,208.77945639029667,Medium
1353-LJWEM,0.2855017651440709,60.9,730.8,208.64468996728698,Medium
9381-NDKME,0.42759133293131435,40.65,487.79999999999995,208.57905220389512,Medium
2937-FTHUR,0.26802019941385546,64.8,777.5999999999999,208.412507064214,Medium
7966-YOTQW,0.31863762002948176,54.5,654.0,208.38900349928107,Medium
3165-HDOEW,0.3785855852959444,45.85,550.2,208.2977890298286,Medium
2359-QWQUL,0.16578543585872793,104.7,1256.4,208.29282161290578,Medium
1591-MQJTP,0.1850327269963444,93.65,1123.8000000000002,207.93977859849187,Medium
2903-YYTBW,0.38869917452617364,44.55,534.5999999999999,207.7985787016924,Medium
1548-ARAGG,0.29566733660487954,58.5,702.0,207.55847029662544,Medium
7241-AJHFS,0.19728086428480052,87.65,1051.8000000000002,207.50001305475323,Medium
9402-CXWPL,0.1747853068328624,98.9,1186.8000000000002,207.43520214924112,Medium
7905-NJMXS,0.26924254684994114,64.2,770.4000000000001,207.4244580931947,Medium
0330-BGYZE,0.16847215623243397,102.5,1230.0,207.2207521658938,Medium
7054-LGEQW,0.37568931663221655,45.95,551.4000000000001,207.15508919100424,Medium
6383-ZTSIW,0.17418823076282602,99.1,1189.1999999999998,207.14464402315267,Medium
0587-DMGBH,0.34590591385116504,49.85,598.2,206.92091766576695,Medium
5985-BEHZK,0.16411203505261257,105.0,1260.0,206.78116416629183,Medium
5309-TAIKL,0.27437263155885955,62.8,753.5999999999999,206.76721514275653,Medium
8049-WJCLQ,0.28598202811975465,60.2,722.4000000000001,206.59341711371079,Medium
8201-AAXCB,0.28461239080786305,60.35,724.2,206.11629342305443,Medium
2305-MRGLV,0.22421579256493646,76.55,918.5999999999999,205.9646270501506,Medium
1297-VQDRP,0.16006942495205342,107.15,1285.8000000000002,205.81726660335033,Medium
7754-IXRMC,0.3778981046316223,45.35,544.2,205.65214854052888,Medium
7312-XSBAT,0.344467163853076,49.75,597.0,205.64689682028637,Medium
6582-OIVSP,0.37808240068980187,45.3,543.5999999999999,205.52559301497627,Medium
1215-VFYVK,0.3545012733425111,48.25,579.0,205.25623726531393,Medium
5186-EJEGL,0.24598203923142406,69.5,834.0,205.14902071900767,Medium
7252-NTGSS,0.3786355000481693,45.15,541.8,205.14471392609812,Medium
0130-SXOUN,0.1911876870680849,89.4,1072.8000000000002,205.1061506866415,Medium
7593-XFKDI,0.36850515903102066,46.3,555.5999999999999,204.74146635763503,Medium
7794-JASDG,0.3359223566397634,50.75,609.0,204.5767151936159,Medium
6888-SBYAI,0.336097241360349,50.7,608.4000000000001,204.48156164363638,Medium
8166-ORCHU,0.1819662800091543,93.55,1122.6,204.2753459382766,Medium
2270-CHBFN,0.1789787898383309,95.1,1141.1999999999998,204.2505949635032,Medium
2672-OJQZP,0.38011197214107467,44.75,537.0,204.1201290397571,Medium
7123-WQUHX,0.17874929484783716,95.0,1140.0,203.77419612653438,Medium
7799-DSEWS,0.24793312281335178,68.35,820.1999999999999,203.3547473315111,Medium
0415-MOSGF,0.3814057085297488,44.4,532.8,203.21296150465014,Medium
8887-IPQNC,0.3826897076491771,44.25,531.0,203.20823476171304,Medium
9244-ZVAPM,0.3710625814266086,45.6,547.2,203.04544455664023,Medium
2672-DZUOY,0.6724136184773647,25.15,301.79999999999995,202.93443005646864,Medium
0999-QXNSA,0.36961815603492315,45.75,549.0,202.9203676631728,Medium
7426-WEIJX,0.20886131134879293,80.95,971.4000000000001,202.88787784421748,Medium
2219-MVUSO,0.37429018830018507,45.15,541.8,202.79042402104025,Medium
1116-DXXDF,0.16795628024595585,100.45,1205.4,202.4545002084752,Medium
8344-WFMFH,0.33650388048884666,50.1,601.2,202.30613294989462,Medium
8433-WPJTV,0.1621940202933475,103.9,1246.8000000000002,202.2235045017457,Medium
7869-ZYDST,0.28521342179089704,59.05,708.5999999999999,202.10223068102962,Medium
3085-QUOZK,0.38307155729206704,43.95,527.4000000000001,202.03193931583618,Medium
8286-AFUYI,0.3508669343394435,47.95,575.4000000000001,201.88883401891582,Medium
1394-SUIUH,0.19754274050427675,85.15,1021.8000000000001,201.84917224727,Medium
5438-QMDDL,0.28124491965045917,59.8,717.5999999999999,201.82135434116947,Medium
2833-SLKDQ,0.3730770752828502,45.05,540.5999999999999,201.6854668979088,Medium
8985-OOPOS,0.2267228699164799,74.1,889.1999999999999,201.60197592973392,Medium
1360-XFJMR,0.15303386159895707,109.7,1316.4,201.4537754088671,Medium
3113-IWHLC,0.30034054600204685,55.8,669.5999999999999,201.10802960297053,Medium
9249-FXSCK,0.15062131427844783,111.25,1335.0,201.07945456172786,Medium
3669-OYSJI,0.362517497327243,46.2,554.4000000000001,200.97970051822355,Medium
7025-IWFHT,0.1869501137154865,89.55,1074.6,200.89659219866178,Medium
0661-XEYAN,0.6488037763186066,25.8,309.6,200.86964914824063,Medium
4672-FOTSD,0.24889666571790547,67.25,807.0,200.8596092343497,Medium
6410-LEFEN,0.3703158530389321,45.15,541.8,200.6371291764934,Medium
1024-GUALD,0.6741205176783199,24.8,297.6,200.61826606106803,Medium
4146-SVFUD,0.3747285834575665,44.6,535.2,200.5547378664896,Medium
9058-HRZSV,0.17685409001096836,94.4,1132.8000000000002,200.340313164425,Medium
3806-DXQOM,0.4959031081734143,33.65,403.79999999999995,200.2456750804247,Medium
0322-YINQP,0.34365931161832575,48.55,582.5999999999999,200.21591494883654,Medium
1496-GGSUK,0.6491609093938215,25.7,308.4,200.20122445705454,Medium
5858-EAFCZ,0.37527973708409673,44.45,533.4000000000001,200.17421176065724,Medium
1710-RCXUS,0.18454417444535992,90.35,1084.1999999999998,200.0827939336592,Medium
6982-SSHFK,0.3754635268852583,44.4,532.8,200.0469671244656,Medium
1794-HBQTJ,0.3430036479426052,48.6,583.2,200.03972748012737,Medium
6844-DZKRF,0.33187101310175676,50.2,602.4000000000001,199.9190982924983,Medium
0048-LUMLS,0.1826661052125699,91.2,1094.4,199.90978554463652,Medium
2045-BMBTJ,0.2799543909287718,59.45,713.4000000000001,199.7194624885858,Medium
7683-CBDKJ,0.2539817441860686,65.45,785.4000000000001,199.47726188373832,Medium
0206-TBWLC,0.14485427970295167,114.65,1375.8000000000002,199.29051801532094,Medium
8757-TFHHJ,0.3331410815093829,49.8,597.5999999999999,199.08511031000717,Medium
0746-JTRFU,0.6620768559828324,25.05,300.6,199.02030290843942,Medium
7016-NVRIC,0.1840336991658258,90.1,1081.1999999999998,198.9772355380908,Medium
5960-MVTUK,0.5571316662425175,29.75,357.0,198.89600484857877,Medium
0612-RTZZA,0.6558376719226688,25.25,303.0,198.71881459256866,Medium
1895-QTKDO,0.3766203711315078,43.95,527.4000000000001,198.62958373475726,Medium
6142-VSJQO,0.37309716894430833,44.35,532.2,198.5623133121609,Medium
6240-EURKS,0.4723628698481282,35.0,420.0,198.39240533621384,Medium
5188-HGMLP,0.22340292405887033,74.0,888.0,198.38179656427684,Medium
1763-WQFUK,0.32672497089961683,50.5,606.0,197.9953323651678,Medium
7632-MNYOY,0.14862464512329326,110.9,1330.8000000000002,197.7896777300787,Medium
4026-SKKHW,0.3279161030881102,50.25,603.0,197.73341016213044,Medium
4083-BFNYK,0.17344674507759536,95.0,1140.0,197.7292893884587,Medium
4194-WHFCB,0.17045275802317703,96.65,1159.8000000000002,197.69110875528074,Medium
1501-SGHBW,0.35927522155970615,45.85,550.2,197.67322690215033,Medium
7365-BVCJH,0.6749983018412902,24.4,292.79999999999995,197.63950277912974,Medium
6905-NIQIN,0.32508814854039825,50.65,607.8,197.58857668285404,Medium
9572-WUKSB,0.5505052999258894,29.9,358.79999999999995,197.5213016134091,Medium
2722-VOJQL,0.15570166413759778,105.65,1267.8000000000002,197.3985697936465,Medium
3736-BLEPA,0.18002215496873442,91.25,1095.0,197.12425969076418,Medium
4377-VDHYI,0.18085513822881233,90.8,1089.6,197.0597586141139,Medium
8023-QHAIO,0.21344709725999694,76.85,922.1999999999999,196.84091309316918,Medium
4695-VADHF,0.2854512844103412,57.45,689.4000000000001,196.79011547248922,Medium
9943-VSZUV,0.21655164040909616,75.7,908.4000000000001,196.71551014762298,Medium
1334-FJSVR,0.6755139683688365,24.25,291.0,196.5745647953314,Medium
7516-GMHUV,0.15587315267277502,105.05,1260.6,196.49369625930018,Medium
8450-UYIBU,0.40884233400822534,39.85,478.20000000000005,195.50840412273337,Medium
5295-PCJOO,0.3294739210317694,49.4,592.8,195.3121403876329,Medium
8242-JSVBO,0.3644319200953791,44.65,535.8,195.2626227871041,Medium
9661-MHUMO,0.3301903383674936,49.25,591.0,195.14248997518874,Medium
5708-EVONK,0.17396813913465037,93.4,1120.8000000000002,194.98349034211617,Medium
1450-SKCVI,0.21971743611810868,73.85,886.1999999999999,194.7135918878679,Medium
6620-JDYNW,0.2676615708053329,60.6,727.2,194.6434942896381,Medium
4432-ADRLB,0.3632651832772157,44.65,535.8,194.63748519993214,Medium
9448-REEVD,0.36263900569877716,44.7,536.4000000000001,194.5195626568241,Medium
6097-EQISJ,0.15820735846170925,102.45,1229.4,194.50012649282536,Medium
4958-GZWIY,0.3327318182544226,48.7,584.4000000000001,194.4484745878846,Medium
3055-OYMSE,0.21952968797390854,73.8,885.5999999999999,194.41549166969338,Medium
8444-WRIDW,0.20117252844591418,80.45,965.4000000000001,194.21195896168558,Medium
3258-SANFR,0.36201119762900325,44.7,536.4000000000001,194.18280640819737,Medium
9314-QDMDW,0.26412324175228186,61.25,735.0,194.13058268792716,Medium
0616-ATFGB,0.6455837441190424,25.05,300.6,194.06247348218417,Medium
6804-GDMOI,0.15169050422928013,106.6,1279.1999999999998,194.04249301009511,Medium
5208-HFSBT,0.2936575158987048,55.05,660.5999999999999,193.99015500268436,Medium
0623-GDISB,0.333505194926099,48.45,581.4000000000001,193.89992033003398,Medium
7611-YKYTC,0.21541011837867377,75.0,900.0,193.8691065408064,Medium
7250-EQKIY,0.3200728067179572,50.45,605.4000000000001,193.7720771870513,Medium
6235-VDHOM,0.5674499751644553,28.45,341.4,193.72742152114503,Medium
8660-BUETV,0.36061684180593584,44.75,537.0,193.65124404978755,Medium
6145-NNPNO,0.3654372681842473,44.15,529.8,193.6086646840142,Medium
5593-SUAOO,0.19402598386134703,83.15,997.8000000000001,193.5991266968521,Medium
5150-LJNSR,0.16453899460030008,98.05,1176.6,193.59658104671306,Medium
5046-NUHWD,0.3584517287193934,45.0,540.0,193.56393350847245,Medium
7544-ZVIKX,0.15329917854194391,105.05,1260.6,193.24894446997448,Medium
2237-ZFSMY,0.1684187602423682,95.55,1146.6,193.10895049389939,Medium
6257-RJOHI,0.3167520740284247,50.8,609.5999999999999,193.09206432772766,Medium
3780-DDGSE,0.2115251257470954,76.05,912.5999999999999,193.03782975679923,Medium
4815-GBTCD,0.6390132927958138,25.15,301.79999999999995,192.85421176577657,Medium
8805-JNRAZ,0.3266416743993088,49.2,590.4000000000001,192.84924456535194,Medium
9108-EJFJP,0.3001050546879412,53.55,642.5999999999999,192.84750814247099,Medium
8229-MYEJZ,0.31352559234830824,51.2,614.4000000000001,192.6301239388006,Medium
0929-HYQEW,0.32007442676232356,50.15,601.8,192.6207900255663,Medium
7551-DACSP,0.2901730263366108,55.3,663.5999999999999,192.5588202769749,Medium
7716-YTYHG,0.1953849306090859,82.05,984.5999999999999,192.37600267770597,Medium
4472-VESGY,0.163150955765237,98.15,1177.8000000000002,192.15919570029618,Medium
5480-HPRRX,0.6328844985103601,25.3,303.6,192.14373374774533,Medium
4250-ZBWLV,0.14760737422026057,108.45,1301.4,192.09623681024712,Medium
4061-UKJWL,0.35180524135357516,45.45,545.4000000000001,191.87457863423992,Medium
6637-KYRCV,0.5235790378957462,30.5,366.0,191.62992786984313,Medium
2480-SQIOB,0.35629726749555196,44.8,537.5999999999999,191.5454110056087,Medium
9103-TCIHJ,0.28641968379115407,55.7,668.4000000000001,191.4429166460074,Medium
2460-FPSYH,0.28579744900743775,55.8,669.5999999999999,191.3699718553803,Medium
8980-WQFWL,0.2565949155736095,62.1,745.2,191.21453108545384,Medium
7989-VCQOH,0.1912587847195961,83.25,999.0,191.0675259348765,Medium
7663-ZTEGJ,0.15822068403739492,100.55,1206.6,190.9090773595207,Medium
6207-WIOLX,0.27145735306928787,58.6,703.2,190.88881067832324,Medium
9033-EOXWV,0.21469738933660948,74.05,888.5999999999999,190.78010016451117,Medium
5473-KHBPS,0.16586035731286183,95.7,1148.4,190.47403433809055,Medium
3656-TKRVZ,0.2867512002524093,55.35,664.2,190.46014720765027,Medium
3589-PPVKW,0.3571549283630566,44.4,532.8,190.29214583183656,Medium
0228-MAUWC,0.26619025031249743,59.55,714.5999999999999,190.21955287331065,Medium
3859-CVCET,0.34715458021080287,45.65,547.8,190.17127903947778,Medium
2758-RNWXS,0.17750756939096973,89.2,1070.4,190.00410227609402,Medium
2195-VVRJF,0.267647918075067,59.1,709.2,189.8159034988375,Medium
8627-ZYGSZ,0.20037939993923978,78.9,946.8000000000001,189.71921586247225,Medium
5261-QSHQM,0.6459125429364629,24.45,293.4,189.5107400975582,Medium
3541-ZNUHK,0.18557563002061697,85.1,1021.1999999999999,189.50983337705404,Medium
3797-VTIDR,0.6732195712872902,23.45,281.4,189.44398736024343,Medium
5948-UJZLF,0.3204823271804764,49.25,591.0,189.40505536366157,Medium
5482-PLVPE,0.6471414908848279,24.35,292.20000000000005,189.09474363654672,Medium
2842-JTCCU,0.3420694719651587,46.05,552.5999999999999,189.02759020794667,Medium
0872-JCPIB,0.2390107428665034,65.75,789.0,188.57947612167118,Medium
4138-NAXED,0.19391050929299736,81.0,972.0,188.48101503279344,Medium
0836-SEYLU,0.3861936235826003,40.65,487.79999999999995,188.3852495835924,Medium
3577-AMVUX,0.28497798170104427,55.05,660.5999999999999,188.2564547117098,Medium
9972-VAFJJ,0.16681355453500496,94.0,1128.0,188.16568951548558,Medium
2957-JIRMN,0.1855564271276045,84.45,1013.4000000000001,188.04288325111443,Medium
7242-QZLXF,0.619216701339998,25.3,303.6,187.9941905268234,Medium
9974-JFBHQ,0.1579410767776852,99.15,1189.8000000000002,187.91829315008988,Medium
5198-HQAEN,0.1745110044091266,89.7,1076.4,187.84364514598388,Medium
7853-OETYL,0.5387368686538699,29.05,348.6,187.80367241273908,Medium
4450-YOOHP,0.30894715150241203,50.65,607.8,187.77807868316603,Medium
6817-WTYHE,0.34838020868406333,44.9,538.8,187.7072564389733,Medium
4476-OSWTN,0.14146783676775873,110.55,1326.6,187.6712322561087,Medium
3945-GFWQL,0.3507208338303701,44.55,534.5999999999999,187.49535776571582,Medium
3668-QPYBK,0.29012896639727676,53.85,646.2,187.48133808592024,Medium
4908-XAXAY,0.1737850639395275,89.85,1078.1999999999998,187.37505593959852,Medium
0567-GGCAC,0.25430089717380017,61.4,736.8,187.36890103765595,Medium
3927-NLNRY,0.16550048512676588,94.25,1131.0,187.1810486783722,Medium
4826-TZEVA,0.20849752342672612,74.8,897.5999999999999,187.14737702782935,Medium
5143-EGQFK,0.5258332711309531,29.65,355.79999999999995,187.0914778683931,Medium
9909-DFRJA,0.16242264871940731,95.85,1150.1999999999998,186.81853055706227,Medium
8263-JQAIK,0.6362208533560628,24.45,293.4,186.66719837466883,Medium
5174-RNGBH,0.2346649984983284,66.25,795.0,186.55867380617107,Medium
2065-MMKGR,0.21896214700937458,71.0,852.0,186.55574925198715,Medium
1950-KSVVJ,0.13719545222807383,113.3,1359.6,186.53093684928916,Medium
2049-BAFNW,0.4329689116272337,35.9,430.79999999999995,186.52300712901226,Medium
4430-UZIPO,0.4216726176627576,36.85,442.20000000000005,186.46363153047142,Medium
3680-CTHUH,0.1332022689621477,116.6,1399.1999999999998,186.37661473183704,Medium
6143-JQKEA,0.3389429558594871,45.8,549.5999999999999,186.28304854037407,Medium
1596-OQSPS,0.30370453352797067,51.1,613.2,186.23161995935163,Medium
8775-CEBBJ,0.35107699320686897,44.2,530.4000000000001,186.21123719692332,Medium
6575-SUVOI,0.22310635221664327,69.5,834.0,186.0706977486805,Medium
0701-TJSEF,0.22714669323814696,68.25,819.0,186.03314176204236,Medium
8992-OBVDG,0.2513130968772887,61.65,739.8,185.92142906981817,Medium
7878-JGDKK,0.34750512638336856,44.55,534.5999999999999,185.7762405645488,Medium
7802-EFKNY,0.6204157888319586,24.95,299.4,185.75248717628838,Medium
2001-EWBQU,0.14765054671777966,104.7,1256.4,185.5081468962184,Medium
4195-NZGTA,0.6114132881938724,25.25,303.0,185.25822632274335,Medium
5678-VFNEQ,0.14827401425709047,104.1,1249.1999999999998,185.2238986099574,Medium
2001-MCUUW,0.14202527209329585,108.65,1303.8000000000002,185.17254975523915,Medium
1575-KRZZE,0.27899651140466786,55.2,662.4000000000001,184.807289154452,Medium
3604-WLABM,0.2836210351040708,54.25,651.0,184.63729385275008,Medium
6366-XIVKZ,0.2435457722508624,63.15,757.8,184.5589862117035,Medium
9873-MNDKV,0.344427616666654,44.65,535.8,184.5443170099932,Medium
9373-WSLOY,0.30753552781757804,50.0,600.0,184.52131669054683,Medium
1041-RXHRA,0.21884233412488935,70.25,843.0,184.48408766728173,Medium
8450-JOVAH,0.2710439256239166,56.7,680.4000000000001,184.41828699451287,Medium
3580-REOAC,0.3422984126770956,44.85,538.2,184.22500570281287,Medium
3642-GKTCT,0.1333689526843497,115.1,1381.1999999999998,184.20919744762378,Medium
2862-PFNIK,0.6214320909879231,24.7,296.4,184.19247176882038,Medium
5868-CZJDR,0.488944547203135,31.35,376.20000000000005,183.9409386578194,Medium
1803-BGNBD,0.2822181505495243,54.3,651.5999999999999,183.89334689807,Medium
6339-DKLMK,0.48399011836212347,31.65,379.79999999999995,183.81944695393446,Medium
0187-WZNAB,0.20568960990288893,74.4,892.8000000000001,183.63968372129924,Medium
1447-PJGGA,0.16057564269210778,95.25,1143.0,183.53795959707918,Medium
2433-KMEAS,0.280814741733711,54.45,653.4000000000001,183.4843522488068,Medium
7537-RBWEA,0.6064543326136683,25.15,301.79999999999995,183.02791758280506,Medium
7776-QGYJC,0.18688609298928668,81.5,978.0,182.77459894352236,Medium
9651-GTSAQ,0.1435421653222068,106.1,1273.1999999999998,182.75788488823366,Medium
7009-LGECI,0.30124920669797717,50.55,606.5999999999999,182.73776878299293,Medium
6032-IGALN,0.6066413987773347,25.1,301.20000000000005,182.72038931173324,Medium
0440-MOGPM,0.18896475503668364,80.55,966.5999999999999,182.6533322184584,Medium
2458-EOMRE,0.23758596047879896,64.05,768.5999999999999,182.60856922400487,Medium
6749-UTDVX,0.14651124435749116,103.65,1243.8000000000002,182.23068573184753,Medium
3345-PBBFH,0.30640538790650096,49.55,594.5999999999999,182.18864364920543,Medium
6769-DCQLI,0.1443730103754752,105.0,1260.0,181.90999307309875,Medium
6576-FBXOJ,0.2773472648403475,54.6,655.2,181.7179279233957,Medium
9644-UMGQA,0.3077403270307979,49.15,589.8,181.5052448827646,Medium
6198-PNNSZ,0.13774708693539564,109.8,1317.6,181.49556174607727,Medium
4367-NHWMM,0.6073893502180374,24.9,298.79999999999995,181.48793784514956,Medium
0471-LVHGK,0.2071462417094842,73.0,876.0,181.46010773750817,Medium
5168-MQQCA,0.13930266504505956,108.5,1302.0,181.37206988866754,Medium
9227-LUNBG,0.6138315754930351,24.6,295.20000000000005,181.203081085544,Medium
9831-BPFRI,0.16862228992239844,89.55,1074.6,181.20151275060934,Medium
1089-HDMKP,0.2767908215714595,54.55,654.5999999999999,181.18727180067737,Medium
5312-IRCFR,0.16232808346043975,92.85,1114.1999999999998,180.86595059162195,Medium
2716-GFZOR,0.17494737333635796,86.1,1033.1999999999998,180.755626131125,Medium
2043-WVTQJ,0.270292372703711,55.7,668.4000000000001,180.66342191516046,Medium
1104-FEJAM,0.23349845371722844,64.4,772.8000000000001,180.44760503267415,Medium
0239-OXEXL,0.1784737391295956,84.25,1011.0,180.43695026002115,Medium
9391-DXGGG,0.16861984425966903,89.15,1069.8000000000002,180.38950938899396,Medium
0595-ITUDF,0.16365004116723916,91.8,1101.6,180.27688534983065,Medium
0136-IFMYD,0.13661948126227566,109.95,1319.4,180.2557435774465,Medium
4323-OHFOW,0.1423065419745836,105.55,1266.6,180.24546606500755,Medium
8970-ANWXO,0.20354156912281646,73.75,885.0,180.13428867369257,Medium
4081-DYXAV,0.3345418634093667,44.85,538.2,180.05043088692116,Medium
9396-ZSFLL,0.30713604228150837,48.85,586.2,180.04314798542023,Medium
8718-PTMEZ,0.4830745182036972,31.05,372.6,179.9935654826976,Medium
9475-NNDGC,0.1325554949906569,113.15,1357.8000000000002,179.98385109831398,Medium
7129-AZJDE,0.18976333867002868,78.95,947.4000000000001,179.78178705598518,Medium
0719-SYFRB,0.24300229967273568,61.65,739.8,179.77310129788984,Medium
6322-PJJDJ,0.15778929107190687,94.8,1137.6,179.50109752340123,Medium
3313-QKNKB,0.17472911488155984,85.55,1026.6,179.37690933740933,Medium
6227-FBDXH,0.15018632023682124,99.5,1194.0,179.32246636276457,Medium
5167-GBFRE,0.5929611886414478,25.2,302.4,179.31146344517379,Medium
1456-TWCGB,0.30308708185366184,49.25,591.0,179.12446537551415,Medium
7580-UGXNC,0.2719549907167763,54.85,658.2,179.00077488978218,Medium
2108-YKQTY,0.2940711422049401,50.7,608.4000000000001,178.91288291748558,Medium
8665-UTDHZ,0.4933008805812738,30.2,362.4,178.77223912265362,Medium
1428-IEDPR,0.13606887820823885,109.3,1311.6,178.46794065792605,Medium
6476-YHMGA,0.19439644376861498,76.5,918.0,178.45593537958854,Medium
3786-WOVKF,0.1390608035792859,106.85,1282.1999999999998,178.30376234936037,Medium
5103-MHMHY,0.3233473223721188,45.95,551.4000000000001,178.29371355598633,Medium
7554-AKDQF,0.3253836615944429,45.65,547.8,178.24516982143578,Medium
7623-TRNQN,0.2976150427266785,49.9,598.8,178.21188758473508,Medium
9938-EKRGF,0.17585326134967,84.45,1013.4000000000001,178.2096950517556,Medium
3982-DQLUS,0.17308764028959056,85.75,1029.0,178.10718185798868,Medium
1142-IHLOO,0.16943298534402734,87.55,1050.6,178.00629440243512,Medium
8663-UPDGF,0.21329856999876326,69.5,834.0,177.89100737896857,Medium
4925-LMHOK,0.2529278310888696,58.6,703.2,177.85885082169312,Medium
0617-FHSGK,0.1970238684274286,75.2,902.4000000000001,177.7943388689116,Medium
8894-JVDCV,0.12869836077444738,115.05,1380.6,177.68095688520205,Medium
2560-PPCHE,0.1409201923980941,105.05,1260.6,177.64399453703743,Medium
4250-FDVOU,0.2631584386646957,56.25,675.0,177.63194609866957,Medium
8993-PHFWD,0.5861360223797681,25.25,303.0,177.59921478106975,Medium
5285-MVEHD,0.140141167645977,105.6,1267.1999999999998,177.58688764098204,Medium
5949-EBSQK,0.24074851476975137,61.45,737.4000000000001,177.52795479121468,Medium
2108-XWMPY,0.41722862337979344,35.45,425.40000000000003,177.48905638576414,Medium
1545-ACTAS,0.14834806803548012,99.7,1196.4,177.48362859764842,Medium
8849-PRIQJ,0.13517544303312173,109.4,1312.8000000000002,177.45832161388225,Medium
2606-RMDHZ,0.48459520439918236,30.5,366.0,177.36184481010073,Medium
9138-EFSMO,0.18714419677883617,78.95,947.4000000000001,177.30041202826942,Medium
5600-PDUJF,0.2980185210049545,49.5,594.0,177.023001476943,Medium
4236-UJPWO,0.6020392880970644,24.5,294.0,176.99955070053693,Medium
9136-ALYBR,0.6030390214748508,24.45,293.4,176.9316489007212,Medium
8158-WPEZG,0.4135543366517576,35.65,427.79999999999995,176.91854521962188,Medium
4945-RVMTE,0.24724652276445833,59.55,714.5999999999999,176.6823651674819,Medium
1919-RTPQD,0.3288735119330375,44.75,537.0,176.60507590804113,Medium
1543-LLLFT,0.14966178958065998,98.3,1179.6,176.5410469893465,Medium
3606-SBKRY,0.2938390696201613,50.05,600.5999999999999,176.47974521386885,Medium
9786-IJYDL,0.12988581395794177,113.2,1358.4,176.4368896804681,Medium
4625-EWPTF,0.4823310076747306,30.45,365.4,176.24375020434655,Medium
9746-MDMBK,0.12936035654951308,113.45,1361.4,176.11118940650712,Medium
2234-XADUH,0.14203333192815004,103.2,1238.4,175.89407825982101,Medium
6313-GIDIT,0.26914848029801347,54.45,653.4000000000001,175.86161702672203,Medium
3808-HFKDE,0.3304317183865453,44.35,532.2,175.85576052531943,Medium
6732-FZUGP,0.15441939320493395,94.9,1138.8000000000002,175.8528049817788,Medium
4402-FTBXC,0.1631859233708927,89.8,1077.6,175.84915102447394,Medium
1986-PHGZF,0.2508494970046401,58.4,700.8,175.79532750085178,Medium
5630-AHZIL,0.22699691890089094,64.5,774.0,175.6956152292896,Medium
5376-PCKNB,0.14016622713664087,104.45,1253.4,175.6843490930657,Medium
3683-QKIUE,0.2880824709968155,50.8,609.5999999999999,175.6150743196587,Medium
8167-GJLRN,0.4812619604471739,30.4,364.79999999999995,175.564363171129,Medium
5780-INQIK,0.2960596598637096,49.4,592.8,175.50416636720703,Medium
3694-DELSO,0.3793750833123613,38.55,462.59999999999997,175.49891354029833,Medium
1261-FWTTE,0.4219694904444573,34.65,415.79999999999995,175.45491412680533,Medium
5697-GOMBF,0.4071206032724211,35.9,430.79999999999995,175.387555889759,Medium
7629-WIXZF,0.2472915699892245,59.1,709.2,175.379181436358,Medium
9743-DQKQW,0.582158365215822,25.1,301.20000000000005,175.3460996030056,Medium
9907-SWKKF,0.5832144967823492,25.05,300.6,175.31427773277417,Medium
0345-XMMUG,0.13409144426699257,108.9,1306.8000000000002,175.23069936810592,Medium
2748-MYRVK,0.14614796891395834,99.9,1198.8000000000002,175.20218513405328,Medium
7389-KBFIT,0.48196906679971996,30.25,363.0,174.95477124829836,Medium
4324-BZCKL,0.26227876365151964,55.55,666.5999999999999,174.83502385010297,Medium
3086-RUCRN,0.1411040237821783,103.1,1237.1999999999998,174.57389822331095,Medium
3845-JHAMY,0.40965640269377035,35.5,426.0,174.51362754754618,Medium
0356-ERHVT,0.3167777850718503,45.9,550.8,174.48120401757512,Medium
7446-YPODE,0.2410643549730672,60.25,723.0,174.28952864552758,Medium
5732-IKGQH,0.13892812361079068,104.45,1253.4,174.13251013376507,Medium
9638-JIQYA,0.5826247570108306,24.9,298.79999999999995,174.08827739483615,Medium
4003-FUSHP,0.23538723580438822,61.55,738.5999999999999,173.8570123651211,Medium
1324-NLTJE,0.2628318891208381,55.0,660.0,173.46904681975315,Medium
8849-GYOKR,0.1355730303252092,106.55,1278.6,173.34367657381247,Medium
2817-NTQDO,0.31705345053803363,45.55,546.5999999999999,173.30141606408915,Medium
1213-NGCUN,0.2905411904055916,49.65,595.8,173.10444124365148,Medium
2592-SEIFQ,0.5825488699596496,24.75,297.0,173.01701437801594,Medium
6341-AEVKX,0.13814239777540266,104.3,1251.6,172.89902505569395,Medium
9564-KCLHR,0.2811308122526391,51.25,615.0,172.89544953537305,Medium
1335-NTIUC,0.5770856456044089,24.95,299.4,172.77944229396002,Medium
6655-LHBYW,0.12577742559251712,114.35,1372.1999999999998,172.59178339805197,Medium
8967-SZQAS,0.28493553581178394,50.45,605.4000000000001,172.499973380454,Medium
0621-HJWXJ,0.1761000586872165,81.55,978.5999999999999,172.33151743131006,Medium
1684-FLBGS,0.2064842519107265,69.5,834.0,172.2078660935459,Medium
2207-OBZNX,0.28122162096173653,51.0,612.0,172.10763202858274,Medium
8676-OOQEJ,0.46924501785806005,30.5,366.0,171.74367653604997,Medium
1600-DILPE,0.3179816208298891,45.0,540.0,171.71007524814013,Medium
7175-NTIXE,0.18782344828017403,76.15,913.8000000000001,171.63306703842304,Medium
2530-FMFXO,0.13837622727298235,103.2,1238.4,171.36511985486135,Medium
1410-RSCMR,0.20002871308355913,71.35,856.1999999999999,171.26458414214332,Medium
0980-PVMRC,0.2805473999346407,50.85,610.2,171.19002344011776,Medium
4797-AXPXK,0.23755320395015433,60.0,720.0,171.03830684411113,Medium
6333-YDVLT,0.12950883734855329,110.0,1320.0,170.95166530009033,Medium
9644-KVCNC,0.1544202832279961,92.15,1105.8000000000002,170.75794919351813,Medium
1170-SASML,0.16629032413478295,85.4,1024.8000000000002,170.4143241733256,Medium
5843-TTHGI,0.28394212953523995,50.0,600.0,170.36527772114397,Medium
4869-EPIUS,0.17545090662501678,80.9,970.8000000000001,170.3277401515663,Medium
2019-HDCZY,0.13833205804484622,102.6,1231.1999999999998,170.31442986481463,Medium
8216-AZUUZ,0.1412107117561723,100.4,1204.8000000000002,170.13066552383643,Medium
7789-CRUVC,0.1504648690595127,94.2,1130.4,170.08548798487317,Medium
4455-BFSPD,0.14006828512115557,101.15,1213.8000000000002,170.01488448005867,Medium
1352-VHKAJ,0.197815136594941,71.6,859.1999999999999,169.9627653623733,Medium
7351-MHQVU,0.27787451519462686,50.95,611.4000000000001,169.89247858999488,Medium
1017-FBQMM,0.1333659422693651,106.05,1272.6,169.72149813199403,Medium
6439-LAJXL,0.20505655058742203,68.95,827.4000000000001,169.663789956033,Medium
2273-QCKXA,0.28815339233166415,49.05,588.5999999999999,169.6070867264175,Medium
4130-MZLCC,0.27950655032663146,50.55,606.5999999999999,169.54867342813463,Medium
5966-EMAZU,0.13020635019846616,108.5,1302.0,169.52866795840293,Medium
7593-JNWRU,0.31642961745356873,44.6,535.2,169.35313126115,Medium
2957-LOLHO,0.3107933700790642,45.4,544.8,169.32022801907416,Medium
3316-UWXUY,0.15076984273131744,93.5,1122.0,169.16376354453817,Medium
3253-HKOKL,0.1405125765757198,100.3,1203.6,169.12093716653635,Medium
5311-IHLEI,0.2765659164098441,50.95,611.4000000000001,169.09240129297874,Medium
4829-ZLJTK,0.12531430693513068,112.4,1348.8000000000002,169.0239371941043,Medium
2898-MRKPI,0.1393750170132366,101.05,1212.6,169.00614563025067,Medium
2585-KTFRE,0.19990163833244,70.45,845.4000000000001,168.9968450462448,Medium
5440-VHLUL,0.13384027479561142,105.2,1262.4,168.95996290197988,Medium
5207-PLSTK,0.2882907145525708,48.75,585.0,168.65006801325393,Medium
1573-LGXBA,0.14399050061209293,97.55,1170.6,168.55528001651598,Medium
8929-KSWIH,0.1411717308288878,99.3,1191.6,168.22023445570267,Medium
6543-CPZMK,0.4680235403402846,29.95,359.4,168.20766039829826,Medium
6317-YPKDH,0.4679919052678117,29.95,359.4,168.1962907532515,Medium
2898-LSJGD,0.25022861966208915,55.95,671.4000000000001,168.00349524112667,Medium
1304-SEGFY,0.14307663387451644,97.85,1174.1999999999998,168.00058349545716,Medium
2402-TAIRZ,0.1748844932420971,80.05,960.5999999999999,167.99404420835845,Medium
0580-PIQHM,0.13777705231128703,101.6,1219.1999999999998,167.9777821779211,Medium
8695-WDYEA,0.27310664839730747,51.25,615.0,167.9605887643441,Medium
3466-BYAVD,0.2009524381623599,69.5,834.0,167.59433342740815,Medium
1697-NVVGY,0.2103002167753605,66.4,796.8000000000001,167.56721272660727,Medium
7501-VTYLJ,0.27076315216482083,51.55,618.5999999999999,167.49408592915813,Medium
0096-FCPUF,0.21635495986730321,64.5,774.0,167.45873893729268,Medium
5423-BHIXO,0.257217406819411,54.2,650.4000000000001,167.29420139534494,Medium
5650-VDUDS,0.5732931872462044,24.25,291.0,166.82831748864547,Medium
7421-ZLUPA,0.475262936829224,29.25,351.0,166.81729082705763,Medium
8455-HIRAQ,0.3125084848274599,44.45,533.4000000000001,166.69202580696714,Medium
9142-KZXOP,0.2016799007829052,68.85,826.1999999999999,166.62793402683627,Medium
6629-LADHQ,0.2720177738906401,50.95,611.4000000000001,166.31166695673738,Medium
3090-LETTY,0.22730640616562786,60.95,731.4000000000001,166.25190546954025,Medium
2607-FBDFF,0.2827274800999688,49.0,588.0,166.24375829878164,Medium
6421-SZVEM,0.16720075933890674,82.85,994.1999999999999,166.23099493474106,Medium
4452-QIIEB,0.3153407793779173,43.9,526.8,166.12152257628682,Medium
6959-GQEGV,0.18168457270030264,75.95,911.4000000000001,165.58731955905583,Medium
4184-VODJZ,0.15057985613380406,91.35,1096.1999999999998,165.065638293876,Medium
8561-NMTBD,0.12236185482307047,112.35,1348.1999999999998,164.9682526724636,Medium
7075-BNDVQ,0.3922297713049208,35.0,420.0,164.73650394806674,Medium
3059-NGMXB,0.19837790317969423,69.2,830.4000000000001,164.7330108004181,Medium
5651-WYIPH,0.27508175274756125,49.85,598.2,164.55390449359115,Medium
9881-VCZEP,0.25344002451192504,54.1,649.2,164.53326391314175,Medium
3729-OWRVL,0.1239858158532154,110.35,1324.1999999999998,164.1820173528278,Medium
5760-WRAHC,0.19611291871770517,69.75,837.0,164.14651296671923,Medium
2810-FTLEM,0.2726014348801508,50.15,601.8,164.05154351087475,Medium
9494-BDNNC,0.1431619418898959,95.3,1143.6,163.71999674528493,Medium
4729-XKASR,0.5511424001996877,24.75,297.0,163.68929285930727,Medium
4324-AHJKS,0.24429549146808432,55.8,669.5999999999999,163.58026108702924,Medium
4256-ZWTZI,0.2672096669084662,51.0,612.0,163.5323161479813,Medium
8791-GFXLZ,0.27780051013822854,49.05,588.5999999999999,163.5133802673613,Medium
7410-KTVFV,0.2747799698123182,49.55,594.5999999999999,163.38417005040438,Medium
1794-SWWKL,0.2281960264196114,59.65,715.8,163.34271571115784,Medium
7636-OWBPG,0.46375885928958593,29.35,352.20000000000005,163.33587024179218,Medium
6133-OZILE,0.38627648097047573,35.2,422.40000000000003,163.16318556192897,Medium
0975-VOOVL,0.4654433349957605,29.2,350.4,163.09134458251447,Medium
5197-PYEPU,0.14371186114061515,94.45,1133.4,162.88302341677323,Medium
2911-UREFD,0.24264095966017354,55.9,670.8,162.7635557400444,Medium
1848-LBZHY,0.2695720186754947,50.3,603.5999999999999,162.71367047252858,Medium
8740-XLHDR,0.3134966336045591,43.25,519.0,162.70475284076616,Medium
0487-RPVUM,0.1363754258015479,99.4,1192.8000000000002,162.66860789608637,Medium
4713-ZBURT,0.13593027846516914,99.7,1196.4,162.62698515572836,Medium
9626-WEQRM,0.4647155752646909,29.15,349.79999999999995,162.55750822758887,Medium
1840-BIUOG,0.19700132838437312,68.7,824.4000000000001,162.40789512007723,Medium
5215-LNLDJ,0.547219554795337,24.7,296.4,162.19587604133787,Medium
7963-GQRMY,0.3050770985787846,44.3,531.5999999999999,162.17898560448188,Medium
9163-GHAYE,0.27662374622971053,48.85,586.2,162.15684003985632,Medium
5071-FBJFS,0.26853111905110855,50.3,603.5999999999999,162.0853834592491,Medium
3620-MWJNE,0.24790968175685976,54.45,653.4000000000001,161.9841860599322,Medium
4282-MSACW,0.11517000712377484,117.2,1406.4,161.97509801887693,Medium
8634-CILSZ,0.12888193665077305,104.7,1256.4,161.92726520803126,Medium
8260-NGFNY,0.5354625255793408,25.2,302.4,161.92386773519266,Medium
1679-JRFBR,0.12473144721997922,108.15,1297.8000000000002,161.87647220208905,Medium
3179-GBRWV,0.20750761679117033,64.95,779.4000000000001,161.73143652703817,Medium
1208-NBVFH,0.27160251640579836,49.6,595.2,161.6578177647312,Medium
8731-WBBMB,0.16421547235501016,81.9,982.8000000000001,161.390966230504,Medium
1867-TJHTS,0.16829400152656954,79.8,957.5999999999999,161.15833586184297,Medium
9327-QSDED,0.30792931736185913,43.55,522.5999999999999,160.92386125330756,Medium
5013-SBUIH,0.12226751529934739,109.65,1315.8000000000002,160.8795966308813,Medium
6158-HDPXZ,0.5285874560158167,25.35,304.20000000000005,160.79630412001146,Medium
6035-RIIOM,0.13785340420319409,97.2,1166.4,160.79221066260558,Medium
2446-ZKVAF,0.23580099496406828,56.8,681.5999999999999,160.72195816750892,Medium
2391-SOORI,0.2712321524840057,49.35,592.2,160.62368070102818,Medium
8769-KKTPH,0.13409083151802526,99.65,1195.8000000000002,160.34581632925463,Medium
3030-YZADT,0.2972639458291833,44.95,539.4000000000001,160.3441723802615,Medium
8885-QSQBX,0.26910295062066564,49.55,594.5999999999999,160.00861443904776,Medium
7733-UDMTP,0.24241368537125318,55.0,660.0,159.9930323450271,Medium
4075-JFPGR,0.14251998091562462,93.5,1122.0,159.90741858733082,Medium
4332-MUOEZ,0.14130319329153598,94.3,1131.6,159.8986935287021,Medium
2676-OXPPQ,0.23916735293216373,55.7,668.4000000000001,159.85945869985827,Medium
9281-PKKZE,0.30296515404798,43.95,527.4000000000001,159.78382224490468,Medium
2320-SLKMB,0.29878971790293296,44.45,533.4000000000001,159.37443552942446,Medium
6656-JWRQX,0.43428081282788217,30.55,366.6,159.2073459827016,Medium
3070-BDOQC,0.1331304268859095,99.65,1195.8000000000002,159.1973644701706,Medium
2307-FYNNL,0.1216105134229871,109.05,1308.6,159.1395178653209,Medium
3082-VQXNH,0.44399787799254026,29.8,357.6,158.7736411701324,Medium
7088-FBAWU,0.1774195979502568,74.55,894.5999999999999,158.71957232629973,Medium
1699-HPSBG,0.22115553793294399,59.8,717.5999999999999,158.7012140206806,Medium
2709-UQGNP,0.2555150372819046,51.65,619.8,158.36822010732448,Medium
7879-CGSFV,0.1306800515559152,100.9,1210.8000000000002,158.22740642390215,Medium
2027-OAQQC,0.26843052354160457,49.05,588.5999999999999,157.99820615658842,Medium
2040-OBMLJ,0.16109113100324565,81.7,980.4000000000001,157.93374483558205,Medium
7595-EHCDL,0.260009385960438,50.6,607.2,157.87769915517796,Medium
6728-DKUCO,0.12629207184570462,104.15,1249.8000000000002,157.83983139276165,Medium
5651-CPDND,0.28576931922523524,46.0,552.0,157.74466421232987,Medium
1809-DMJHQ,0.2857655336386173,46.0,552.0,157.74257456851674,Medium
9895-VFOXH,0.5385807636962343,24.4,292.79999999999995,157.6964476102574,Medium
4119-ZYPZY,0.12260836561934758,106.8,1281.6,157.13488137775585,Medium
8095-WANWK,0.2893681919747615,45.25,543.0,157.1269282422955,Medium
0835-JKADZ,0.11766061666488557,111.25,1335.0,157.07692324762223,Medium
8910-ICHIU,0.13679773127489517,95.65,1147.8000000000002,157.0164359573247,Medium
8496-DMZUK,0.1446877049696365,90.4,1084.8000000000002,156.95722235106172,Medium
1810-BOHSY,0.13549803116974696,96.4,1156.8000000000002,156.74412245716331,Medium
2209-XADXF,0.517275613308153,25.25,303.0,156.73451083237035,Medium
7163-OCEQI,0.1660482818557112,78.65,943.8000000000001,156.71636841542022,Medium
7054-ENNGU,0.25635195707071823,50.85,610.2,156.4259642045523,Medium
2933-FILNV,0.5340924987077986,24.4,292.79999999999995,156.3822836216434,Medium
7572-KPVKK,0.12521416518052841,104.05,1248.6,156.34240664440776,Medium
4439-YRNVD,0.35865586422552537,36.25,435.0,156.01530093810354,Medium
3439-GVUSX,0.5322969695415907,24.4,292.79999999999995,155.8565526817777,Medium
0931-MHTEM,0.12965388106920084,100.05,1200.6,155.66244961168252,Medium
1400-WIVLL,0.12006619799228653,107.95,1295.4,155.53375287920798,Medium
3237-AJGEH,0.4179390596386782,31.0,372.0,155.4733301855883,Medium
5996-NRVXR,0.13189012046166865,98.15,1177.8000000000002,155.34018387975337,Medium
2616-UUTFK,0.1778871239846106,72.75,873.0,155.29545923856506,Medium
7396-VJUZB,0.2859658395670724,45.25,543.0,155.2794508849203,Medium
0823-HSCDJ,0.26324196270140937,49.15,589.8,155.26010960129125,Medium
8930-XOTDP,0.23115265291686993,55.95,671.4000000000001,155.19589116838648,Medium
0584-BJQGZ,0.16504778619222565,78.35,940.1999999999999,155.17792857793054,Medium
1049-FYSYG,0.36269893262469666,35.65,427.79999999999995,155.16260337684523,Medium
0516-WJVXC,0.2381101339215136,54.2,650.4000000000001,154.86683110255245,Medium
8080-POTJR,0.1626463244271261,79.3,951.5999999999999,154.77424232485316,Medium
0665-XHDJU,0.12963333735491778,99.4,1192.8000000000002,154.62664479694595,Medium
9076-AXYIK,0.12618801928290468,102.1,1225.1999999999998,154.6055612254148,Medium
6834-NXDCA,0.5388753137418315,23.9,286.79999999999995,154.54943998115726,Medium
8050-WYBND,0.26037825052696384,49.45,593.4000000000001,154.50845386270038,Medium
4816-OKWNX,0.12446224168149665,103.4,1240.8000000000002,154.43274947840106,Medium
6837-HAEVO,0.12255315000089918,105.0,1260.0,154.41696900113297,Medium
0369-ZGOVK,0.18267125398175568,70.4,844.8000000000001,154.32067536378722,Medium
0820-FNRNX,0.19259787494944355,66.7,800.4000000000001,154.15533910953465,Medium
4976-LNFVV,0.3745161356285013,34.3,411.59999999999997,154.15084142469112,Medium
5740-YHGTW,0.13155570118559795,97.55,1170.6,153.99910380786096,Medium
0292-WEGCH,0.14876071345848424,86.2,1034.4,153.8780820014561,Medium
5951-AOFIH,0.1930610508145356,66.4,796.8000000000001,153.83104528902197,Medium
7395-XWZOY,0.23291408444927367,55.0,660.0,153.7232957365206,Medium
2436-QBZFP,0.3263475077573107,39.2,470.40000000000003,153.51386764903896,Medium
6617-WLBQC,0.15614510388643832,81.85,982.1999999999999,153.3657210372597,Medium
6464-KEXXH,0.5058259818375407,25.25,303.0,153.26527249677483,Medium
5999-LCXAO,0.42695775549364695,29.9,358.79999999999995,153.19244267112052,Medium
7521-AFHAB,0.28491050979027716,44.8,537.5999999999999,153.16789006325297,Medium
0917-EZOLA,0.12253149979748809,104.15,1249.8000000000002,153.13986844690064,Medium
2972-YDYUW,0.13449748707723758,94.7,1136.4,152.8429443145728,Medium
6574-MCOEH,0.16089836659212534,79.15,949.8000000000001,152.82126858920066,Medium
8199-ZLLSA,0.10752337937914667,118.35,1420.1999999999998,152.7047033942641,Medium
0742-MOABM,0.25418337839568844,50.05,600.5999999999999,152.66253706445045,Medium
4307-KWMXE,0.355817231480908,35.75,429.0,152.64559230530952,Medium
7950-XWOVN,0.3664764136072827,34.7,416.40000000000003,152.60077862607253,Medium
6366-ZGQGL,0.5127278201147376,24.8,297.6,152.58779926614594,Medium
6297-NOOPG,0.11506706648423158,110.5,1326.0,152.57893015809108,Medium
0423-UDIJQ,0.25843089114335527,49.2,590.4000000000001,152.57759813103698,Medium
2075-RMJIK,0.25670999852535836,49.4,592.8,152.17768712583242,Medium
2486-WYVVE,0.15980853486000032,79.3,951.5999999999999,152.0738017727763,Medium
5193-QLVZB,0.12085351020743255,104.75,1257.0,151.9128623307427,Medium
8375-KVTHK,0.12619748512884274,100.3,1203.6,151.89129310107512,Medium
7742-MYPGI,0.2589922949849652,48.8,585.5999999999999,151.66588794319557,Medium
1816-FLZDK,0.43346671622074856,29.15,349.79999999999995,151.62665733401784,Medium
7299-GNVPL,0.1497069709080294,84.4,1012.8000000000001,151.6232201356522,Medium
4747-LCAQL,0.15982211617117847,79.0,948.0,151.5113661302772,Medium
6397-JNZZG,0.2272690061986405,55.55,666.5999999999999,151.49751953201374,Medium
1777-JYQPJ,0.5193613023157521,24.3,291.6,151.44575575527332,Medium
3865-YIOTT,0.11887180299297426,106.1,1273.1999999999998,151.3475795706548,Medium
3723-BFBGR,0.22985471782091196,54.8,657.5999999999999,151.1524624390317,Medium
5448-VWNAM,0.1658472648519456,75.9,910.8000000000001,151.05368882715206,Medium
2324-EFHVG,0.12045427968323082,104.4,1252.8000000000002,150.9051215871516,Medium
4338-EYCER,0.23014487057529603,54.6,655.2,150.79091920093398,Medium
9762-YAQAA,0.15412481908054423,81.4,976.8000000000001,150.54912327787562,Medium
2696-ECXKC,0.1242803329293914,100.9,1210.8000000000002,150.47862711090713,Medium
8205-MQUGY,0.25482717673328437,49.2,590.4000000000001,150.44996514333113,Medium
8984-EYLLL,0.1190831171204663,105.25,1263.0,150.40197692314894,Medium
9526-BIHHD,0.421553015588986,29.7,356.4,150.2414947559146,Medium
4647-XXZAM,0.2750472345671781,45.5,546.0,150.17579007367925,Medium
3428-MMGUB,0.13969755512164353,89.55,1074.6,150.11899273371813,Medium
8213-TAZPM,0.1149959538509748,108.75,1305.0,150.06971977552212,Medium
6542-LWGXJ,0.4994538667339126,25.0,300.0,149.8361600201738,Medium
6351-SCJKT,0.3018803568734445,41.35,496.20000000000005,149.79303308060318,Medium
2277-BKJKN,0.1257665435592857,99.2,1190.4,149.71249345297372,Medium
0536-ACXIP,0.1138202603476461,109.55,1314.6,149.62811425301555,Medium
1625-JAIIY,0.15021444006860923,83.0,996.0,149.6135823083348,Medium
6465-GSRCL,0.11677940730228141,106.6,1279.1999999999998,149.38421782107835,Medium
8008-ESFLK,0.11262930272079445,110.5,1326.0,149.34645540777345,Medium
4939-KYYPY,0.2091299115931786,59.45,713.4000000000001,149.19327893057363,Medium
8217-QYOHV,0.22298960755537253,55.75,669.0,149.18004745454422,Medium
8992-VONJD,0.22184594584216002,56.0,672.0,149.08047560593153,Medium
8409-WQJUX,0.22897019075361372,54.2,650.4000000000001,148.9222120661504,Medium
2894-QOJRX,0.3648079504557132,34.0,408.0,148.84164378593098,Medium
0895-LMRSF,0.1910785030372895,64.9,778.8000000000001,148.81193816544106,Medium
0815-MFZGM,0.12520367128027154,99.0,1188.0,148.7419614809626,Medium
5016-ETTFF,0.4200506029425757,29.5,354.0,148.6979134416718,Medium
8329-GWVPJ,0.1772821900057528,69.75,837.0,148.38519303481507,Medium
9099-FTUHS,0.2272481239434447,54.4,652.8,148.3475753102807,Medium
1732-VHUBQ,0.17518909597418383,70.55,846.5999999999999,148.31508865174402,Medium
0549-CYCQN,0.15507008345027773,79.6,955.1999999999999,148.1229437117053,Medium
2889-FPWRM,0.10468110477523813,117.8,1413.6,147.9772097102766,Medium
3055-MJDSB,0.5011045320042485,24.6,295.20000000000005,147.9260578476542,Medium
5482-NUPNA,0.20397979809057068,60.4,724.8,147.84455765604562,Medium
2108-GLPQB,0.2216776737151569,55.55,666.5999999999999,147.77033729852357,Medium
7566-DSRLQ,0.11170201663092347,110.15,1321.8000000000002,147.64772558275465,Medium
8905-IAZPF,0.12863130540029105,95.65,1147.8000000000002,147.6430123384541,Medium
5882-CMAZQ,0.35918964197385844,34.25,411.0,147.62694285125582,Medium
7797-EJMDP,0.18617412258000365,66.05,792.5999999999999,147.56160955691087,Medium
4468-YDOVK,0.25261483122259953,48.65,583.8,147.47653846775358,Medium
9978-HYCIN,0.14461753914295591,84.95,1019.4000000000001,147.42311940232926,Medium
0795-GMVQO,0.11176667388278291,109.9,1318.8000000000002,147.39788951661413,Medium
1685-VAYJF,0.27120958866479317,45.2,542.4000000000001,147.10408089178384,Medium
9040-KZVWO,0.16231561521298127,75.5,906.0,147.05794738296103,Medium
6103-LIANB,0.12307070076147282,99.5,1194.0,146.94641670919856,Medium
8735-IJJEG,0.243881865904296,50.2,602.4000000000001,146.91443602074793,Medium
9695-IDRZR,0.10536185377855058,116.15,1393.8000000000002,146.85335179654382,Medium
1442-BQPVU,0.4197409663404017,29.15,349.79999999999995,146.8253900258725,Medium
7758-XKCBS,0.41149020785856283,29.7,356.4,146.6551100807918,Medium
9896-UYMIE,0.10676186786063437,114.3,1371.6,146.4345779576461,Medium
6563-VNPMN,0.1423279653314286,85.7,1028.4,146.3700795468412,Medium
9701-CDXHR,0.17632798817931064,69.15,829.8000000000001,146.31696459119198,Medium
7246-ZGQDF,0.22342430134966865,54.5,654.0,146.1194930826833,Medium
8069-YQQAJ,0.39148119608312254,31.1,373.20000000000005,146.10078237822134,Medium
7954-MLBUN,0.12240262629296474,99.45,1193.4,146.07529421802414,Medium
9375-MHRRS,0.24318825113251377,50.05,600.5999999999999,146.05886363018774,Medium
0824-VWDPO,0.12529359778135077,96.75,1161.0,145.46586702414825,Medium
7108-DGVUU,0.1689598642808984,71.7,860.4000000000001,145.373067227285,Medium
6906-MPARY,0.13520308246052906,89.6,1075.1999999999998,145.37035426156083,Medium
1862-SKORY,0.3075940798543703,39.3,471.59999999999997,145.06136805932104,Medium
8963-JLGJT,0.21619867572516865,55.9,670.8,145.0260716764431,Medium
5701-ZIKJE,0.23893602627361163,50.55,606.5999999999999,144.93859353757279,Medium
4283-IVYCI,0.18592615874922822,64.95,779.4000000000001,144.9108481291485,Medium
0384-RVBPI,0.18751229589660504,64.4,772.8000000000001,144.90950226889638,Medium
5156-UMKOW,0.40641366604520435,29.65,355.79999999999995,144.6019823788837,Medium
0186-CAERR,0.10358926323746874,116.3,1395.6,144.56917577421137,Medium
1142-WACZW,0.4026322794818696,29.85,358.20000000000005,144.2228825104057,Medium
5236-PERKL,0.10640330868717897,112.95,1355.4,144.2190445946024,Medium
9537-VHDTA,0.23443844630822505,51.2,614.4000000000001,144.0389814117735,Medium
4277-UDIEF,0.14807762604246072,81.0,972.0,143.9314525132718,Medium
4683-WYDOU,0.1113294001194033,107.6,1291.1999999999998,143.7485214341735,Medium
5542-DHSXL,0.21892850899847702,54.7,656.4000000000001,143.70467330660034,Medium
2896-TBNBE,0.1480613840320801,80.8,969.5999999999999,143.56031795750485,Medium
4389-UEFCZ,0.11337158239168006,105.5,1266.0,143.52842330786694,Medium
4323-SADQS,0.34584073058849885,34.5,414.0,143.17806246363853,Medium
8268-YDIXR,0.1280215207737284,93.15,1117.8000000000002,143.1024559208736,Medium
7446-KQISO,0.1083985131610696,109.75,1317.0,142.76084183312867,Medium
2851-STERV,0.16293630880075158,73.0,876.0,142.7322065094584,Medium
1347-KTTTA,0.11609565789095036,102.45,1229.4,142.7280018111344,Medium
9770-KXGQU,0.12062314777637065,98.6,1183.1999999999998,142.72130844900173,Medium
5149-CUZUJ,0.12800242411221746,92.9,1114.8000000000002,142.69710240030005,Medium
4274-DRSQT,0.13374923363004207,88.9,1066.8000000000002,142.6836824365289,Medium
1453-RZFON,0.2381160280463511,49.9,598.8,142.583877594155,Medium
6994-FGRHH,0.11180491361547146,106.15,1273.8000000000002,142.41709896338756,Medium
5014-WUQMG,0.12348967867112874,96.1,1153.1999999999998,142.40829744354565,Medium
2931-XIQBR,0.11512279537650237,103.05,1236.6,142.36084876258283,Medium
2538-OIMXF,0.4798563653623848,24.7,296.4,142.22942669341083,Medium
4012-ZTHBR,0.2635717383369018,44.95,539.4000000000001,142.17059565892484,Medium
6898-MDLZW,0.22033366016773256,53.75,645.0,142.1152108081875,Medium
2011-TRQYE,0.35349475094789856,33.5,402.0,142.10488988105521,Medium
4525-VZCZG,0.11182824584135964,105.85,1270.1999999999998,142.044237867695,Medium
6131-FOYAS,0.19848621749652476,59.6,715.2,141.95734275351452,Medium
1346-PJWTK,0.12554335110534834,94.15,1129.8000000000002,141.83887807882257,Medium
7868-BGSZA,0.1473581535967171,80.2,962.4000000000001,141.81748702148056,Medium
2087-QAREY,0.21596504753069026,54.7,656.4000000000001,141.75945719914512,Medium
5343-SGUBI,0.14720975715601195,80.2,962.4000000000001,141.6746702869459,Medium
7854-EDSSA,0.19991296558151733,59.0,708.0,141.53837963171426,Medium
2625-TRCZQ,0.2372448890302415,49.65,595.8,141.35050488421786,Medium
0799-DDIHE,0.253390248221616,46.3,555.5999999999999,140.78362191192983,Medium
4801-JZAZL,0.3961186939565411,29.6,355.20000000000005,140.7013600933634,Medium
2947-DOMLJ,0.2316046300820474,50.6,607.2,140.6303313858192,Medium
1958-RNRKS,0.23458041558808612,49.9,598.8,140.46675285414597,Medium
3639-XJHKQ,0.19287369473660107,60.6,727.2,140.2577508124563,Medium
6180-YBIQI,0.48078985759205617,24.3,291.6,140.1983224738436,Medium
6839-ITVZJ,0.1944379407900373,60.05,720.5999999999999,140.11198013330085,Medium
9470-RTWDV,0.1423374433990569,82.0,984.0,140.060044304672,Medium
9069-LGEUL,0.1941761359781259,59.95,719.4000000000001,139.6903122226638,Medium
0308-GIQJT,0.10998278663976693,105.75,1269.0,139.56815624586423,Medium
9031-ZVQPT,0.10748592170512485,108.2,1298.4,139.55972074193411,Medium
6156-UZDLF,0.13338333020178764,87.15,1045.8000000000002,139.49228672502954,Medium
5206-XZZQI,0.14402285670960663,80.6,967.1999999999999,139.29890700953152,Medium
3716-LRGXK,0.11475657459666064,101.15,1213.8000000000002,139.2915302454267,Medium
4079-VTGLK,0.15491882295866313,74.85,898.1999999999999,139.14808678147122,Medium
8722-NGNBH,0.28979383002951525,40.0,480.0,139.10103841416733,Medium
6402-SSEJG,0.1898449221886312,61.05,732.5999999999999,139.0803899953912,Medium
2229-VWQJH,0.23460060315125747,49.3,591.5999999999999,138.7897168242839,Medium
0193-ESZXP,0.10955187909902189,105.5,1266.0,138.6926789393617,Medium
9330-VOFSZ,0.10425954239743612,110.8,1329.6,138.62348757163105,Medium
0864-FVJNJ,0.10182983682620711,113.35,1360.1999999999998,138.5089440510069,Medium
2604-XVDAM,0.26341711611563723,43.8,525.5999999999999,138.4520362303789,Medium
7080-TNUWP,0.12135533687631107,95.0,1140.0,138.34508403899463,Medium
7919-ZODZZ,0.17465397733038987,65.9,790.8000000000001,138.11636527287232,Medium
5351-QESIO,0.47550911367174553,24.2,290.4,138.08784661027488,Medium
3566-VVORZ,0.2505435869038736,45.9,550.8,137.99940766665358,Medium
8495-PRWFH,0.20650344457465258,55.65,667.8,137.903000286953,Medium
4827-USJHP,0.22163149703007487,51.8,621.5999999999999,137.7661385538945,Medium
3703-TTEPD,0.17543114574163848,65.35,784.1999999999999,137.5731044905929,Medium
2266-SJNAT,0.10500877771981566,109.15,1309.8000000000002,137.54049705741457,Medium
7824-PANSQ,0.14197031731452547,80.65,967.8000000000001,137.39887309699776,Medium
3521-MNKLV,0.2302132873175664,49.7,596.4000000000001,137.29920455619663,Medium
3865-ZYKAD,0.13466755764061342,84.9,1018.8000000000001,137.19930772425695,Medium
0036-IHMOT,0.11016346398528136,103.7,1244.4,137.08741458328413,Medium
3468-DRVQJ,0.16247117763842014,70.3,843.5999999999999,137.06068545577122,Medium
3920-HIHMQ,0.2307151626531675,49.5,594.0,137.04480661598149,Medium
1095-WGNGG,0.11291511270358878,101.05,1212.6,136.92086566437175,Medium
0314-TKOSI,0.20676473842376838,55.15,661.8,136.83690388884992,Medium
6900-RBKER,0.1274007289576547,89.45,1073.4,136.75194246314658,Medium
5913-INRQV,0.1263954191725767,90.15,1081.8000000000002,136.73456446089352,Medium
0750-EBAIU,0.12480518677855423,91.25,1095.0,136.6616795225169,Medium
8706-HRADD,0.2607565727651284,43.55,522.5999999999999,136.2713849270561,Medium
4700-UBQMV,0.1495356015712797,75.9,910.8000000000001,136.19702591112156,Medium
8809-RIHDD,0.10976240351729015,103.4,1240.8000000000002,136.19319028425363,Medium
2828-SLQPF,0.2521452614010031,45.0,540.0,136.15844115654167,Medium
2558-BUOZZ,0.11966102899747053,94.8,1137.6,136.12638658752246,Medium
9128-CPXKI,0.1182873823665669,95.8,1149.6,135.9831747686053,Medium
6954-OOYZZ,0.2549613241160358,44.35,532.2,135.69041669455424,Medium
6483-OATDN,0.2202682242279973,51.3,615.5999999999999,135.59711883475512,Medium
2242-MFOTG,0.1408655967371084,80.1,961.1999999999999,135.4000115837086,Medium
5968-XQIVE,0.12565934148527255,89.7,1076.4,135.25971517474738,Medium
5649-TJHOV,0.30866527979753045,36.5,438.0,135.19539255131832,Medium
6295-OSINB,0.1026969964481093,109.65,1315.8000000000002,135.12870792642224,Medium
9565-JSNFM,0.15958095688311702,70.45,845.4000000000001,134.90974094898715,Medium
2469-DTSGX,0.1006821742235011,111.65,1339.8000000000002,134.8939770246468,Medium
0733-VUNUW,0.20187859174635966,55.65,667.8,134.814523568219,Medium
2419-FSORS,0.10363399987546727,108.4,1300.8000000000002,134.80710703800784,Medium
4929-ROART,0.19968930043311411,56.25,675.0,134.79027779235201,Medium
0807-ZABDG,0.20385062788892586,55.1,661.2,134.78603516015778,Medium
5445-GLVOT,0.22550206772043524,49.8,597.5999999999999,134.76003566973208,Medium
8089-UZWLX,0.10786784574160559,104.05,1248.6,134.68379219296872,Medium
7641-TQFHN,0.11160239426612321,100.55,1206.6,134.65944892150426,Low
7143-BQIBA,0.1802178889266862,62.25,747.0,134.62276302823457,Low
2805-EDJPQ,0.11243175772325903,99.75,1197.0,134.58081399474105,Low
4923-ADWXJ,0.17041477120390836,65.8,789.5999999999999,134.55950334260604,Low
8133-ANHHJ,0.10885993987054883,103.0,1236.0,134.55088567999834,Low
6917-IAYHD,0.3336584212837409,33.6,403.20000000000005,134.53107546160436,Low
2826-DXLQO,0.37531906621609545,29.8,357.6,134.21409807887574,Low
8111-BKVDS,0.27396059148963586,40.7,488.40000000000003,133.80235288353816,Low
4827-LTQRJ,0.10072058836427046,110.6,1327.1999999999998,133.67636487705974,Low
6386-SZZKH,0.10315465489103763,107.95,1295.4,133.62653994585017,Low
1329-VHWNP,0.4443307597376094,25.05,300.6,133.5658263771254,Low
5693-PIPCS,0.11159497037823897,99.65,1195.8000000000002,133.44526557829818,Low
5360-LJCNJ,0.10574128200371125,105.15,1261.8000000000002,133.42434963228285,Low
1768-HNVGJ,0.15805512371514716,70.05,840.5999999999999,132.8611369949527,Low
2272-WUSPA,0.09976382323176976,110.75,1329.0,132.58612107502202,Low
9738-QLWTP,0.13486738268183035,81.9,982.8000000000001,132.54766369970287,Low
5056-FIMPT,0.103931045017797,106.0,1272.0,132.2002892626378,Low
7502-BNYGS,0.15939582637013555,69.1,829.1999999999999,132.17101922611639,Low
6480-YAGIY,0.09799246903346413,112.2,1346.4,131.93706030665612,Low
6994-ORCWG,0.20234913295118767,54.25,651.0,131.72928555122317,Low
8292-TYSPY,0.19936166871955457,55.0,660.0,131.57870135490603,Low
6092-QZVPP,0.13843542672027576,79.2,950.4000000000001,131.56902955495008,Low
3890-RTCMS,0.22166025724601712,49.45,593.4000000000001,131.5331966497866,Low
8190-ZTQFB,0.21336848635717692,51.35,616.2,131.47766129329244,Low
0804-XBFBV,0.4346031776701073,25.2,302.4,131.42400092744043,Low
0811-GSDTP,0.36294802981856866,30.15,361.79999999999995,131.31459718835814,Low
3402-XRIUO,0.17202902376504078,63.55,762.5999999999999,131.18933352322009,Low
3058-WQDRE,0.43440115366036436,25.15,301.79999999999995,131.10226817469794,Low
5223-UZAVK,0.10843968443298399,100.3,1203.6,130.51800418353952,Low
3097-IDVPU,0.21679451427701102,50.1,601.2,130.33686198333905,Low
5590-YRFJT,0.44414097597839847,24.45,293.4,130.3109623520621,Low
3815-SLMEF,0.316879807868554,34.25,411.0,130.2376010339757,Low
3132-TVFDZ,0.24192494264082934,44.85,538.2,130.20400412929436,Low
7036-ZZKBD,0.1631447831346119,66.4,796.8000000000001,129.99376320165877,Low
7130-CTCUS,0.19832679525761412,54.55,654.5999999999999,129.82472017563418,Low
9405-GPBBG,0.09785469892277976,110.5,1326.0,129.75533077160597,Low
4608-LCIMN,0.24183694800390765,44.65,535.8,129.5762367404937,Low
4456-RHSNB,0.21749011155028547,49.6,595.2,129.45011439472992,Low
6778-JFCMK,0.21303771604518637,50.6,607.2,129.35650118263717,Low
3633-CDBUW,0.1330220456289726,80.85,970.1999999999999,129.05798866922922,Low
9828-QHFBK,0.20981443324242893,51.15,613.8,128.78409912420287,Low
6603-QWSPR,0.10262707376599071,104.4,1252.8000000000002,128.57119801403317,Low
0282-NVSJS,0.3653704947277285,29.3,351.6,128.46426594626934,Low
8947-YRTDV,0.11264004295005021,94.8,1137.6,128.1393128599771,Low
0052-DCKON,0.09217384336814308,115.8,1389.6,128.0847727443716,Low
5161-XEUVX,0.11303464123836293,94.3,1131.6,127.91000002533148,Low
8250-ZNGGW,0.17770363614150742,59.9,718.8,127.73337365851552,Low
4806-DXQCE,0.09337473265375838,113.65,1363.8000000000002,127.3444603931957,Low
2452-SNHFZ,0.1406027564631164,75.45,905.4000000000001,127.30173570170561,Low
5349-AZPEW,0.4232889757352319,25.05,300.6,127.24066610601072,Low
0032-PGELS,0.3476486378768353,30.5,366.0,127.23940146292172,Low
2091-MJTFX,0.20680969996543028,51.2,614.4000000000001,127.06387965876038,Low
6305-YLBMM,0.10176382833762042,104.05,1248.6,127.06231606235285,Low
2925-MXLSX,0.15352434669507806,68.95,827.4000000000001,127.0260444555076,Low
0106-UGRDO,0.09120632865571261,116.0,1392.0,126.95920948875195,Low
0708-SJDIS,0.16264829957587792,65.0,780.0,126.86567366918479,Low
3594-KADLU,0.3011416130449661,35.1,421.20000000000005,126.84084741453974,Low
7880-XSOJX,0.24917412586928506,42.4,508.79999999999995,126.77979524229222,Low
0516-UXRMT,0.11466323153583119,92.05,1104.6,126.65700555447913,Low
1120-BMWUB,0.195503172963798,53.9,646.8,126.45145227298453,Low
8734-FNWVH,0.17649498971927016,59.7,716.4000000000001,126.44101063488516,Low
7041-TXQJH,0.2619931929015064,40.2,482.40000000000003,126.3855162556867,Low
5337-IIWKZ,0.23481401156682594,44.85,538.2,126.37690102526572,Low
2186-QZEYA,0.17973149268696623,58.55,702.5999999999999,126.27934676186246,Low
9114-VEPUF,0.10945340328056626,96.1,1153.1999999999998,126.22166466314899,Low
1976-AZZPJ,0.3075478624605372,34.2,410.40000000000003,126.21764275380448,Low
1265-XTECC,0.10877269199658675,96.55,1158.6,126.0240409472454,Low
3982-XWFZQ,0.2089896308195968,50.25,603.0,126.02074738421686,Low
6568-POCUI,0.11021584571461727,95.2,1142.4,125.91058214437878,Low
0810-BDHAW,0.13379506613917938,78.4,940.8000000000001,125.87439822373997,Low
6794-HKIAJ,0.11564446394099491,90.7,1088.4,125.86743455337887,Low
9848-JQJTX,0.10368226484418053,100.9,1210.8000000000002,125.5384862733338,Low
9693-XMUOB,0.20816520582837084,50.25,603.0,125.52361911450761,Low
5240-CAOYT,0.11931444039700229,87.55,1050.6,125.3517510810906,Low
0851-DFJKB,0.17681712913286715,58.95,707.4000000000001,125.08043714859024,Low
8465-SBRXP,0.109829166257498,94.9,1138.8000000000002,125.07345453403875,Low
6549-NNDYT,0.3377952587597865,30.85,370.20000000000005,125.05180479287297,Low
2155-AMQRX,0.18978662807905253,54.9,658.8,125.0314305784798,Low
5089-IFSDP,0.09514255019231026,109.45,1313.4,124.9602254225803,Low
8984-HPEMB,0.08766072867475397,118.65,1423.8000000000002,124.81134548711472,Low
2499-AJYUA,0.09382078145254014,110.8,1329.6,124.74411101929735,Low
6624-JDRDS,0.3525990438696924,29.45,353.4,124.60850210354927,Low
8976-OQHGT,0.18374600743173936,56.5,678.0,124.57979303871929,Low
5366-OBVMR,0.20604265743796082,50.3,603.5999999999999,124.36734802955314,Low
1852-XEMDW,0.15931787048210996,65.05,780.5999999999999,124.36352969833503,Low
6261-LHRTG,0.18922231496290484,54.75,657.0,124.31906093062848,Low
8879-XUAHX,0.0890444449036371,116.25,1395.0,124.21700064057374,Low
5766-XQXMQ,0.15007042845919225,68.85,826.1999999999999,123.98818799298462,Low
0440-UEDAI,0.10922044707308297,94.45,1133.4,123.79045471263224,Low
6029-CSMJE,0.40191949252288756,25.65,307.79999999999995,123.71081979854478,Low
8807-ARQET,0.25531375939438183,40.35,484.20000000000005,123.62292229875969,Low
4524-QCSSM,0.23050274810609875,44.65,535.8,123.5033724352477,Low
8107-RZLNV,0.09680150822143319,106.3,1275.6,123.48000388726017,Low
7964-ZRKKG,0.1161942503235313,88.4,1060.8000000000002,123.25886074320202,Low
3552-CTCYF,0.09798263950829009,104.8,1257.6,123.2229674456256,Low
1666-JZPZT,0.20908896850172454,49.0,588.0,122.94431347901403,Low
7674-YTAFD,0.12809292996906027,79.95,959.4000000000001,122.89235701231644,Low
7013-PSXHK,0.1267308555743659,80.75,969.0,122.80219905156055,Low
1309-XGFSN,0.12654799713910653,80.85,970.1999999999999,122.77686682436115,Low
7055-VKGDA,0.09702714454193591,105.4,1264.8000000000002,122.71993241664056,Low
2712-SYWAY,0.3976154069247366,25.7,308.4,122.62459149558876,Low
5229-DTFYB,0.10325272190617696,98.8,1185.6,122.4164270919634,Low
4742-DRORA,0.10690479900802807,95.4,1144.8000000000002,122.38461390439056,Low
8707-HOEDG,0.09236657371671651,110.2,1322.4,122.14555708298593,Low
8735-DCXNF,0.18521628933796586,54.95,659.4000000000001,122.1316211894547,Low
4355-CVPVS,0.11445907327875757,88.9,1066.8000000000002,122.10493937377859,Low
6022-KOUQO,0.3498789195184279,29.05,348.6,121.96779134412398,Low
0164-APGRB,0.08830580767900863,114.9,1378.8000000000002,121.75604762781711,Low
7159-NOKYQ,0.10887143876807923,93.15,1117.8000000000002,121.69649425495898,Low
7361-YPXFS,0.15716672391681885,64.45,773.4000000000001,121.55274427726772,Low
9488-FYQAU,0.09262550435319736,109.25,1311.0,121.43203620704173,Low
7820-ZYGNY,0.11183279682500549,90.45,1085.4,121.38331767386097,Low
5304-EFJLP,0.09047636380926143,111.65,1339.8000000000002,121.22023223164848,Low
4002-BQWPQ,0.1235216544570643,81.75,981.0,121.17474302238007,Low
5027-YOCXN,0.09174624798593879,110.05,1320.6,121.16009509023075,Low
5286-YHCVC,0.09631343239602655,104.8,1257.6,121.12377258124297,Low
2778-OCLGR,0.2580886701848215,39.1,469.20000000000005,121.09520405071827,Low
5954-BDFSG,0.09373546297223713,107.5,1290.0,120.9187472341859,Low
3255-GRXMG,0.2205696460963548,45.65,547.8,120.82805213158315,Low
4592-IWTJI,0.3388327232168512,29.7,356.4,120.75998255448576,Low
4450-MDZFX,0.135305565615263,74.35,892.1999999999999,120.71962564193764,Low
7940-UQQUG,0.09630039807120808,104.4,1252.8000000000002,120.64513870360949,Low
0233-FTHAV,0.12694043781393927,79.2,950.4000000000001,120.6441920983679,Low
2978-XXSOG,0.17021454824236468,59.05,708.5999999999999,120.6140288845396,Low
0991-BRRFB,0.203422743152288,49.4,592.8,120.58900214067631,Low
7762-URZQH,0.0946798303576419,106.05,1272.6,120.48955211313506,Low
6281-FKEWS,0.20468355159568802,49.05,588.5999999999999,120.47673846922194,Low
3714-XPXBW,0.12723851765763186,78.9,946.8000000000001,120.46942851824585,Low
7134-HBPBS,0.09278624209495163,108.1,1297.1999999999998,120.36231324557124,Low
4622-YNKIJ,0.1127248922367095,88.95,1067.4,120.32254997346374,Low
5133-VRSAB,0.3412484044083732,29.35,352.20000000000005,120.18768803262904,Low
5153-LXKDT,0.09081432042438511,110.2,1322.4,120.09285732920688,Low
8261-GWDBQ,0.08611122676871372,116.05,1392.6,119.91849439811071,Low
4644-PIZRT,0.14183390668065496,70.35,844.1999999999999,119.7361840198089,Low
4710-NKCAW,0.1549235788024422,64.4,772.8000000000001,119.72494169852735,Low
0975-UYDTX,0.11058395915534655,90.1,1081.1999999999998,119.56337663876067,Low
7036-TYDEC,0.0957106976404209,104.0,1248.0,119.44695065524527,Low
1162-ECVII,0.09066758979156758,109.75,1317.0,119.4092157554945,Low
0201-OAMXR,0.08594869122144126,115.55,1386.6,119.17645524765045,Low
0218-QNVAS,0.09851834484587646,100.55,1206.6,118.87223489103452,Low
8082-GHXOP,0.22509914961238367,44.0,528.0,118.85235099533858,Low
6993-YCOBK,0.08949753530291897,110.6,1327.1999999999998,118.78112885403404,Low
2931-VUVJN,0.10518411853196626,94.05,1128.6,118.71079617517711,Low
4531-AUZNK,0.1039592864048139,95.15,1141.8000000000002,118.70071321701653,Low
2843-CQMEG,0.19882921873118495,49.7,596.4000000000001,118.58174605127873,Low
6475-VHUIZ,0.18193785392653014,54.25,651.0,118.44154290617112,Low
5440-FLBQG,0.09102857342783678,108.4,1300.8000000000002,118.4099683149301,Low
9924-JPRMC,0.08341282527790247,118.2,1418.4,118.31275137417688,Low
2165-VOEGB,0.09367181619665577,105.2,1262.4,118.25130076665825,Low
0201-MIBOL,0.09611438185642121,102.4,1228.8000000000002,118.1053524251704,Low
0420-BWTPW,0.3859338849601735,25.5,306.0,118.0957687978131,Low
3096-YXENJ,0.09136113092346398,107.65,1291.8000000000002,118.0203089269308,Low
3733-ZEECP,0.19211566654281176,51.1,613.2,117.80532672405218,Low
2969-WGHQO,0.14125867584695653,69.45,833.4000000000001,117.7249804508536,Low
7109-MFBYV,0.2157347781906327,45.45,545.4000000000001,117.6617480251711,Low
0356-OBMAC,0.09814858096280107,99.9,1198.8000000000002,117.66051885820595,Low
4822-LPTYJ,0.09444241888057782,103.75,1245.0,117.58081150631938,Low
5639-NTUPK,0.1880557948468833,52.1,625.2,117.57248293827145,Low
2858-MOFSQ,0.17535578162498533,55.85,670.2,117.52344484506517,Low
9820-RMCQV,0.2015433356289325,48.55,582.5999999999999,117.41914733741606,Low
7964-YESJC,0.14732233738520548,66.3,795.5999999999999,117.20965162366946,Low
4701-MLJPN,0.1763445801542824,55.25,663.0,116.91645664228923,Low
3523-QRQLL,0.14012582241453644,69.5,834.0,116.8649358937234,Low
4129-LYCOI,0.09363617763149423,104.0,1248.0,116.8579496841048,Low
6296-DDOOR,0.1672782855455422,58.2,698.4000000000001,116.82715462500668,Low
0870-VEMYL,0.1806638673834343,53.85,646.2,116.74499110317525,Low
2773-OVBPK,0.08738119259701027,111.3,1335.6,116.70632083256692,Low
5514-YQENT,0.0874871424342582,111.15,1333.8000000000002,116.69035057881361,Low
6728-CZFEI,0.17301937587217103,56.15,673.8,116.58045546266884,Low
1060-ENTOF,0.09193826975160102,105.4,1264.8000000000002,116.283523581825,Low
5180-UCIIQ,0.24193825941083058,40.05,480.59999999999997,116.27552747284517,Low
6713-OKOMC,0.3256280357377552,29.75,357.0,116.2492087583786,Low
6505-OZNPG,0.15276736950358538,63.4,760.8,116.22541471832776,Low
7619-ODSGN,0.17674617703326354,54.75,657.0,116.12223831085414,Low
1004-NOZNR,0.10184189103657759,94.8,1137.6,115.85533524321066,Low
4190-MFLUW,0.17485493182899658,55.2,662.4000000000001,115.82390684352735,Low
5748-RNCJT,0.09061407932891109,106.5,1278.0,115.80479338234838,Low
1621-YNCJH,0.09099778671506668,106.05,1272.6,115.80378337359386,Low
5206-HPJKM,0.1736865380375019,55.5,666.0,115.67523433297626,Low
2770-NSVDG,0.33122029900659505,29.1,349.20000000000005,115.662128413103,Low
4495-LHSSK,0.16675418678210918,57.65,691.8,115.36054641586313,Low
6497-TILVL,0.18960244336103071,50.7,608.4000000000001,115.3541265408511,Low
3787-TRIAL,0.3686880545487244,26.05,312.6,115.25188585193125,Low
1389-WNUIB,0.12628769909690377,76.0,912.0,115.17438157637623,Low
3758-CKOQL,0.08957526103924797,107.0,1284.0,115.0146351743944,Low
5566-SOEZD,0.11882142546507422,80.65,967.8000000000001,114.99537556509884,Low
3518-FSTWG,0.08738141842755848,109.55,1314.6,114.87161266486837,Low
7883-ROJOC,0.2126788954673486,44.9,538.8,114.59138887780742,Low
8041-TMEID,0.08771844169703849,108.5,1302.0,114.20941108954412,Low
6766-HFKLA,0.09221356729330678,103.2,1238.4,114.19728173603112,Low
1557-EMYVT,0.08266882504644653,115.05,1380.6,114.13257985912406,Low
9342-VNIMQ,0.1739319032590496,54.65,655.8,114.0645421572847,Low
9763-GRSKD,0.19003888674571823,49.95,599.4000000000001,113.90930871538352,Low
2294-SALNE,0.10932275872377362,86.8,1041.6,113.87058548668259,Low
8263-QMNTJ,0.0820123564556087,115.55,1386.6,113.71833346134702,Low
3164-YAXFY,0.17600080788318673,53.75,645.0,113.52052108465544,Low
8182-PNAGI,0.18802523393646287,50.25,603.0,113.37921606368711,Low
8402-EIVQS,0.09340650528907629,100.9,1210.8000000000002,113.09659660401358,Low
3192-NQECA,0.08554894790000865,110.0,1320.0,112.92461122801141,Low
3197-NNYNB,0.08941300876491232,105.1,1261.1999999999998,112.7676866543074,Low
8071-SBTRN,0.0844078025366498,111.15,1333.8000000000002,112.58312702338351,Low
5294-IMHHT,0.09589200538146783,97.75,1173.0,112.48132231246177,Low
3090-HAWSU,0.08396757760120638,111.6,1339.1999999999998,112.44937992353556,Low
8474-UMLNT,0.13790686361947432,67.8,813.5999999999999,112.2010242408043,Low
6840-RESVB,0.1101576494288893,84.8,1017.5999999999999,112.09642405883774,Low
5176-LDKUH,0.12412856077019807,75.15,901.8000000000001,111.93913610256463,Low
9086-YJYXS,0.1207341008392779,77.2,926.4000000000001,111.84807101750705,Low
5989-OMNJE,0.16177245616686783,57.6,691.2,111.81712170253905,Low
3096-WPXBT,0.09252188155984811,100.7,1208.4,111.80344167692047,Low
4489-SNOJF,0.1289240602407806,72.25,867.0,111.77716022875678,Low
7811-JIVPF,0.187274052192098,49.7,596.4000000000001,111.69024472736726,Low
1432-FPAXX,0.30407257366025187,30.6,367.20000000000005,111.6554490480445,Low
4177-JPDFU,0.27351104489012784,34.0,408.0,111.59250631517216,Low
7923-IYJWY,0.08006411455269692,116.1,1393.1999999999998,111.54532439481734,Low
9480-BQJEI,0.10056166585348128,92.3,1107.6,111.38210109931586,Low
2530-ENDWQ,0.09904259149926284,93.7,1124.4,111.36348988177114,Low
8034-RYTVV,0.10986949784260097,84.25,1011.0,111.07806231886958,Low
2834-JRTUA,0.08562586272457913,108.05,1296.6,111.02249360868929,Low
6308-CQRBU,0.08461843993828036,109.25,1311.0,110.93477475908556,Low
3016-KSVCP,0.2736720774964901,33.75,405.0,110.83719138607849,Low
2259-OUUSZ,0.2598485775702386,35.5,426.0,110.69549404492165,Low
3794-NFNCH,0.1844314335125013,50.0,600.0,110.65886010750077,Low
3259-FDWOY,0.08690588204629705,106.0,1272.0,110.54428196288985,Low
5876-HZVZM,0.16461684453216907,55.9,670.8,110.424979312179,Low
5832-TRLPB,0.12203443840985917,75.35,904.1999999999999,110.34353921019465,Low
3597-YASZG,0.08790956089849433,104.45,1253.4,110.1858436301728,Low
3571-DPYUH,0.09693796198419258,94.7,1136.4,110.16029999883645,Low
4366-CTOUZ,0.09134903428269651,100.2,1202.4,109.8380788215143,Low
6302-JGYRJ,0.11510822338091632,79.45,953.4000000000001,109.74418017136563,Low
0484-FFVBJ,0.14097524296625513,64.85,778.1999999999999,109.70693407633973,Low
0909-SDHNU,0.30642842275447535,29.8,357.6,109.57880397700039,Low
3069-SSVSN,0.35258793352512396,25.85,310.20000000000005,109.37277697949347,Low
4419-UJMUS,0.09173185576736873,99.35,1192.1999999999998,109.36271844585698,Low
7074-STDCN,0.2244467342296293,40.6,487.20000000000005,109.3504489166754,Low
7382-DFJTU,0.16498453556065779,55.2,662.4000000000001,109.28575635537973,Low
9866-OCCKE,0.08296386389248805,109.75,1317.0,109.26340874640677,Low
8205-OTCHB,0.20806674089910662,43.75,525.0,109.23503897203098,Low
8878-RYUKI,0.1530981888576822,59.45,713.4000000000001,109.22024793107049,Low
1559-DTODC,0.3615588499962715,25.15,301.79999999999995,109.11846092887473,Low
5795-KTGUD,0.08204288517361522,110.8,1329.6,109.08422012683879,Low
8033-ATFAS,0.15187292157931478,59.85,718.2,109.07513227826388,Low
3104-OWCGK,0.09991932341688142,90.95,1091.4,109.05194957718439,Low
1444-VVSGW,0.07847269060982515,115.65,1387.8000000000002,108.90440002831535,Low
5445-PZWGX,0.08895950067693813,102.0,1224.0,108.88642882857226,Low
8148-BPLZQ,0.18219894429979266,49.8,597.5999999999999,108.88208911355608,Low
0939-EREMR,0.169684674901023,53.45,641.4000000000001,108.83575048151617,Low
0725-CXOTM,0.10084668268977715,89.65,1075.8000000000002,108.49086123766227,Low
3640-JQGJG,0.20177339362828012,44.8,537.5999999999999,108.47337641456338,Low
2796-UUZZO,0.11249955158999242,80.3,963.5999999999999,108.40456791211669,Low
3594-UVONA,0.10482238973973358,85.95,1031.4,108.11381277756122,Low
9586-JGQKH,0.08538752880220804,105.4,1264.8000000000002,107.99814642903274,Low
8851-RAGOV,0.12663501389245976,71.05,852.5999999999999,107.96901284471119,Low
5073-WXOYN,0.1770227603766587,50.8,609.5999999999999,107.91307472561112,Low
4833-QTJNO,0.106852806450545,83.85,1006.1999999999999,107.51529385053837,Low
0392-BZIUW,0.08518640326861206,105.0,1260.0,107.3348681184512,Low
1134-YWTYF,0.16616005686971372,53.8,645.5999999999999,107.27293271508717,Low
1442-OKRJE,0.08666266451037183,103.15,1237.8000000000002,107.27104613093826,Low
1131-SUEKT,0.09076475142011536,98.45,1181.4,107.2294773277243,Low
3413-CSSTH,0.16007698287787825,55.7,668.4000000000001,106.99545535557384,Low
3374-TTZTK,0.0838110835785421,106.3,1275.6,106.9094182127883,Low
7519-JTWQH,0.08051377462058408,110.5,1326.0,106.76126514689449,Low
4159-NAAIX,0.09124545939073092,97.45,1169.4,106.70244021152075,Low
8591-NXRCV,0.11885540796565937,74.65,895.8000000000001,106.47067445563766,Low
8823-RLPWL,0.08016515369450881,110.65,1327.8000000000002,106.44329107556882,Low
8405-IGQFX,0.09847242902997247,90.05,1080.6,106.40930680978825,Low
7208-PSIHR,0.08499510273784894,104.3,1251.6,106.37987058669172,Low
9861-PDSZP,0.08196613983061095,108.05,1296.6,106.27729690437015,Low
5756-JYOJT,0.13638079643075499,64.9,778.8000000000001,106.21336426027199,Low
8853-TZDGH,0.07918591059481915,111.6,1339.1999999999998,106.04577146858179,Low
9863-JZAIC,0.16061669446747015,55.0,660.0,106.0070183485303,Low
7629-WFGLW,0.09226548356713736,95.65,1147.8000000000002,105.90232203836028,Low
2578-JQPHZ,0.08799357148240979,100.1,1201.1999999999998,105.69787806467062,Low
4501-VCPFK,0.2459287256460735,35.75,429.0,105.50342330216553,Low
0156-FVPTA,0.16206795427359721,54.2,650.4000000000001,105.40899745954765,Low
5195-KPUNQ,0.09055149679030484,96.75,1161.0,105.13028777354393,Low
8901-HJXTF,0.30002088857543324,29.2,350.4,105.1273193568318,Low
5590-ZSKRV,0.1602605987791966,54.65,655.8,105.09890067939712,Low
2782-JEEBU,0.24323109185594474,36.0,432.0,105.07583168176812,Low
7776-QWNFX,0.17372018640795495,50.4,604.8,105.06596873953114,Low
3128-YOVTD,0.11044195650159426,79.15,949.8000000000001,104.89777028521424,Low
8152-VETUR,0.08945756256578127,97.7,1172.4,104.88004635212198,Low
3327-YBAKM,0.09016617835842668,96.9,1162.8000000000002,104.84523219517855,Low
1629-DQQVB,0.174359590438473,50.1,601.2,104.82498577160997,Low
1291-CUOCY,0.07895484332918722,110.6,1327.1999999999998,104.78886806649726,Low
6778-EICRF,0.11636689856905584,74.8,897.5999999999999,104.4509281555845,Low
2988-QRAJY,0.0789721915115327,110.05,1320.6,104.29067611013008,Low
4423-JWZJN,0.09629189893568146,90.25,1083.0,104.28412654734302,Low
2478-EEWWM,0.1960023807946298,44.3,531.5999999999999,104.19486563042518,Low
8799-OXZMD,0.2917923181858451,29.75,357.0,104.1698575923467,Low
3307-TLCUD,0.2522410053265102,34.4,412.79999999999995,104.12508699878342,Low
6303-KFWSL,0.15704395334466112,55.25,663.0,104.12014106751032,Low
1163-ONYEY,0.11617716282910184,74.55,894.5999999999999,103.9320898669145,Low
0002-ORFBO,0.1319551422378017,65.6,787.1999999999999,103.87508796959749,Low
7089-XXAYG,0.22702685816673776,38.1,457.20000000000005,103.79667955383252,Low
2371-KFUOG,0.08708119028714766,99.15,1189.8000000000002,103.6092002036483,Low
8309-PPCED,0.07817128602931535,110.45,1325.4,103.60822250325457,Low
6873-UDNLD,0.12798865746836,67.45,809.4000000000001,103.59401935489059,Low
5315-CKEQK,0.16907142518699336,51.0,612.0,103.47171221443993,Low
7317-GGVPB,0.07936144774973275,108.6,1303.1999999999998,103.42383870745171,Low
1585-MQSSU,0.16732852014164937,51.5,618.0,103.4090254475393,Low
7663-CUXZB,0.07565375589409369,113.75,1365.0,103.26737679543788,Low
6904-JLBGY,0.0730852568542311,117.35,1408.1999999999998,102.91865870212823,Low
5478-JJVZK,0.14079434500175525,60.9,730.8,102.89250732728273,Low
4316-XCSLJ,0.17034088408954845,50.3,603.5999999999999,102.81775763645143,Low
6773-LQTVT,0.24017595549681808,35.65,427.79999999999995,102.74727376153876,Low
7182-OVLBJ,0.08446473676798778,101.15,1213.8000000000002,102.52329748898359,Low
5832-EXGTT,0.14190057994378363,60.2,722.4000000000001,102.50897895138931,Low
4616-ULAOA,0.07708583368475942,110.8,1329.6,102.49332446725612,Low
6368-NWMCE,0.12509880165776496,68.15,817.8000000000001,102.3057999957202,Low
1492-QGCLU,0.09941160830727615,85.7,1028.4,102.2348979832028,Low
7666-WKRON,0.1057591323233485,80.45,965.4000000000001,102.09986634496066,Low
7639-SUPCW,0.1742913981913971,48.8,585.5999999999999,102.06504278088212,Low
4291-HYEBC,0.21745598917590955,39.1,469.20000000000005,102.03035012133677,Low
6838-YAUVY,0.08939402296124828,95.1,1141.1999999999998,102.01645900337653,Low
9097-ZUBYC,0.17415603975560712,48.8,585.5999999999999,101.9857768808835,Low
5451-YHYPW,0.0734181436298801,115.75,1389.0,101.97780150190346,Low
8314-DPQHL,0.1661727350330505,50.8,609.5999999999999,101.29889927614757,Low
0907-HQNTS,0.07465424943570226,113.0,1356.0,101.23116223481226,Low
5651-CRHKQ,0.09779801058375563,86.2,1034.4,101.16226214783684,Low
1921-KYSAY,0.12285270207461009,68.6,823.1999999999999,101.13234434781901,Low
2294-DMMUS,0.11958810750118676,70.45,845.4000000000001,101.0997860815033,Low
5155-AZQPB,0.16882005533694044,49.9,598.8,101.08944913575993,Low
9107-UKCKY,0.10552451362276652,79.8,957.5999999999999,101.0502742451612,Low
3272-VUHPV,0.14933059525049794,56.3,675.5999999999999,100.88775015123639,Low
5985-TBABQ,0.11233782858917524,74.75,897.0,100.76703224449018,Low
3221-CJMSG,0.16432141192945524,51.1,613.2,100.76188979514195,Low
5681-LLOEI,0.09194332653315418,91.25,1095.0,100.67794255380383,Low
3948-FVVRP,0.15304920691631213,54.8,657.5999999999999,100.64515846816684,Low
2692-PFYTJ,0.325601548153641,25.75,309.0,100.61087837947507,Low
5278-PNYOX,0.08325952704617222,100.65,1207.8000000000002,100.56085676636683,Low
2651-ZCBXV,0.07758070040905694,108.0,1296.0,100.54458773013779,Low
0523-VNGTF,0.1655825889659719,50.5,606.0,100.34304891337896,Low
9609-BENEA,0.12108675444684115,69.0,828.0,100.25983268198448,Low
3638-DIMPH,0.1902295117832053,43.8,525.5999999999999,99.98463139325268,Low
7148-XZPHA,0.10489616137191964,79.4,952.8000000000001,99.94506255516504,Low
9795-VOWON,0.3418524982607042,24.35,292.20000000000005,99.88929999177778,Low
8563-IIOXK,0.16705360359117255,49.75,597.0,99.73100134393002,Low
5135-GRQJV,0.07256618260270536,114.5,1374.0,99.70593489611717,Low
3689-MOZGR,0.26603188911426845,31.2,374.4,99.6023392843821,Low
5327-CNLUQ,0.08549601184310895,96.9,1162.8000000000002,99.4147625711671,Low
4670-TABXH,0.07542668770672807,109.75,1317.0,99.33694770976086,Low
9152-AMKAK,0.10304577951769231,80.25,963.0,99.2330856755377,Low
7105-MXJLL,0.13609098864022245,60.7,728.4000000000001,99.12867612553805,Low
9862-KJTYK,0.3258079972790418,25.35,304.20000000000005,99.11079277228453,Low
4712-AUQZO,0.2456540327067409,33.6,403.20000000000005,99.04770598735794,Low
6616-AALSR,0.07894603743939875,104.3,1251.6,98.80886045915148,Low
4819-HJPIW,0.3261785578213257,25.15,301.79999999999995,98.44068875047608,Low
8065-QBYTO,0.08229923732428152,99.65,1195.8000000000002,98.41342799237586,Low
4987-GQWPO,0.326633626479939,25.1,301.20000000000005,98.38204829575764,Low
9391-LMANN,0.08544116746068518,95.95,1151.4,98.37696021423292,Low
0222-CNVPT,0.1678885986704452,48.8,585.5999999999999,98.31556338141269,Low
4726-DLWQN,0.11639760967862578,70.35,844.1999999999999,98.26286209069588,Low
5271-YNWVR,0.0722330372528571,113.15,1357.8000000000002,98.07801798192938,Low
1121-QSIVB,0.10536225218534069,77.55,930.5999999999999,98.05011188367804,Low
9432-RUVSL,0.07959181664232072,102.5,1230.0,97.89793447005448,Low
2830-LEWOA,0.07846954915908456,103.9,1246.8000000000002,97.83583389154666,Low
6500-JVEGC,0.08039122832816023,101.35,1216.1999999999998,97.77181189270846,Low
3275-RHRNE,0.13561011840875337,60.0,720.0,97.63928525430242,Low
4903-CNOZC,0.11437235911269775,70.9,850.8000000000001,97.30800313308325,Low
9715-WZCLW,0.08337695810362782,97.2,1166.4,97.25088393207149,Low
8819-ZBYNA,0.07406771515856507,109.1,1309.1999999999998,96.96945268559338,Low
7909-FIOIY,0.32512355095659984,24.85,298.20000000000005,96.95184289525808,Low
8896-BQTTI,0.3226431655081766,25.0,300.0,96.79294965245299,Low
6196-HBOBZ,0.08118211366753161,99.35,1192.1999999999998,96.78531591443118,Low
6408-OTUBZ,0.07703647685130345,104.55,1254.6,96.6499638576453,Low
8628-MFKAX,0.06894133406135032,116.75,1401.0,96.5868090199518,Low
2533-QVMSK,0.08550623098729289,94.1,1129.1999999999998,96.55363603085111,Low
7803-XOCCZ,0.0955964743606718,84.05,1008.5999999999999,96.41860404017356,Low
8070-AAWZP,0.23424323849891823,34.25,411.0,96.2739710230554,Low
6008-NAIXK,0.14461706805500257,55.45,665.4000000000001,96.22819708379872,Low
4310-KEDTB,0.26822381457452205,29.8,357.6,95.91683609184909,Low
0308-IVGOK,0.1976359848912306,40.4,484.79999999999995,95.81392547526859,Low
5081-NWSUP,0.12279032538515564,64.9,778.8000000000001,95.62910540995922,Low
0960-HUWBM,0.07646401742982482,104.1,1249.1999999999998,95.51885057333716,Low
1779-PWPMG,0.06935678662466654,114.65,1375.8000000000002,95.42106703821625,Low
9496-IVVRP,0.15589276820950346,51.0,612.0,95.40637414421612,Low
7746-AWNQW,0.22231288102467872,35.75,429.0,95.37222595958717,Low
8777-MBMTS,0.07503959947282199,105.85,1270.1999999999998,95.31529925037847,Low
2599-CZABP,0.1780922235689577,44.6,535.2,95.31495805410617,Low
6242-SGYTS,0.08356196366463102,94.95,1139.4,95.21050139948059,Low
0668-OGMHD,0.27814083745362195,28.5,342.0,95.12416640913871,Low
2533-TIBIX,0.2623533980850449,30.2,362.4,95.07687146602025,Low
4360-QRAVE,0.21588680757367207,36.65,439.79999999999995,94.94701797090097,Low
5921-NGYRH,0.10754090135652,73.55,882.5999999999999,94.91559953726454,Low
2388-LAESQ,0.06883156424155874,114.85,1378.1999999999998,94.86366183771625,Low
7432-FFVAR,0.08687494501622085,90.95,1091.4,94.81531499070344,Low
0623-EJQEG,0.08439871225767014,93.55,1122.6,94.74599438046049,Low
9592-ERDKV,0.09950768462726116,79.25,951.0,94.63180808052536,Low
3863-IUBJR,0.14695933662543317,53.65,643.8,94.61242091945387,Low
9513-DXHDA,0.09647823687352618,81.7,980.4000000000001,94.58726343080507,Low
4909-JOUPP,0.07175380584979006,109.7,1316.4,94.45671002066365,Low
0689-DSXGL,0.09173912255126403,85.8,1029.6,94.45460057878144,Low
4544-RXFMG,0.18114043433147473,43.45,521.4000000000001,94.44662246043094,Low
8259-NFJTV,0.22685451687582878,34.65,415.79999999999995,94.32610811696959,Low
6738-ISCBM,0.14554992030662942,54.0,648.0,94.31634835869586,Low
0953-LGOVU,0.221393249618422,35.5,426.0,94.31352433744777,Low
1480-BKXGA,0.06772161083995545,116.05,1392.6,94.30911525572196,Low
9504-DSHWM,0.1327158056628964,59.2,710.4000000000001,94.28130834292162,Low
2577-GVSIL,0.10680818619393717,73.45,881.4000000000001,94.14073531133623,Low
8015-IHCGW,0.067872148609895,115.5,1386.0,94.07079797331447,Low
2565-JSLRY,0.32590658181363746,24.05,288.6,94.05663951141578,Low
9501-UKKNL,0.15133990075281584,51.7,620.4000000000001,93.89127442704697,Low
8869-LIHMK,0.0678572824237333,115.1,1381.1999999999998,93.72447848366042,Low
0257-KXZGU,0.12498262471172852,62.45,749.4000000000001,93.66197895896937,Low
9558-IHEZX,0.07311034054245724,106.75,1281.0,93.65434623488773,Low
3022-BEXHZ,0.07002615576062415,111.2,1334.4,93.44290224697687,Low
5995-OIGLP,0.1374364356350545,56.65,679.8,93.42928894471005,Low
0723-FDLAY,0.09106194437624063,85.25,1023.0,93.15636909689417,Low
6128-DAFVY,0.172298694275838,44.85,538.2,92.73115725925602,Low
3038-PQIUY,0.11672532854460965,66.15,793.8000000000001,92.65656579871116,Low
9798-DRYDS,0.12456298996493705,61.95,743.4000000000001,92.60012673993421,Low
1891-QRQSA,0.06909281562618476,111.6,1339.1999999999998,92.52909868658662,Low
6265-SXWBU,0.0803516512939272,95.75,1149.0,92.32404733672234,Low
3612-YUNGG,0.07035912735836311,109.2,1310.4,92.19860049039903,Low
3733-UOCWF,0.0896408844022109,85.55,1026.6,92.0253319273097,Low
8565-HBFNN,0.07148761962580817,107.2,1286.4,91.96167388663964,Low
3898-BSJYF,0.10416056901837732,73.55,882.5999999999999,91.93211821561981,Low
4418-LZMSV,0.12395414629159306,61.8,741.5999999999999,91.9243948898454,Low
3948-XHGNA,0.15383061387758917,49.55,594.5999999999999,91.46768301161451,Low
4043-MKDTV,0.07236918830724223,105.25,1263.0,91.40228483204694,Low
4837-QUSFT,0.07594720184959591,100.15,1201.8000000000002,91.27334718284438,Low
5663-QBGIS,0.07725811209080506,98.35,1180.1999999999998,91.18002388956812,Low
6705-LNMDD,0.15156332876711917,50.0,600.0,90.9379972602715,Low
9351-HXDMR,0.0682472995537488,110.9,1330.8000000000002,90.82350624612891,Low
7336-RLLRH,0.0935823055849396,80.85,970.1999999999999,90.7935528785084,Low
6344-SFJVH,0.30358434786339655,24.9,298.79999999999995,90.71100314158288,Low
5578-NKCXI,0.07614905995404667,99.25,1191.0,90.69353040526958,Low
3445-HXXGF,0.1667383961170551,45.3,543.5999999999999,90.63899212923114,Low
9134-WYRVP,0.08720181551953167,86.35,1036.1999999999998,90.3585212413387,Low
5414-OFQCB,0.0832044742954568,90.45,1085.4,90.31013640028881,Low
3470-BTGQO,0.16462597291174347,45.65,547.8,90.18210796105306,Low
1337-BOZWO,0.1616805812597298,46.4,556.8,90.02374764541756,Low
1153-GNOLC,0.1917552614313815,39.1,469.20000000000005,89.9715686636042,Low
8224-IVVPA,0.1322149171493742,56.7,680.4000000000001,89.95902962843421,Low
0530-IJVDB,0.06534248901813033,114.6,1375.1999999999998,89.85899089773282,Low
6257-DTAYD,0.07178788734718246,104.15,1249.8000000000002,89.72050160650865,Low
8029-XYPWT,0.06482963181249016,115.05,1380.6,89.5037896803239,Low
8401-EMUWF,0.10743837474576937,69.4,832.8000000000001,89.47467848827674,Low
2959-EEXWB,0.1464636143840256,50.9,610.8,89.45997566576284,Low
9518-IMLHK,0.10256453606231077,72.45,869.4000000000001,89.16960765257299,Low
1163-VIPRI,0.06789881243149529,109.3,1311.6,89.05608238514921,Low
0748-RDGGM,0.067624508037295,109.5,1314.0,88.85860356100564,Low
0440-QEXBZ,0.14752773293519508,50.15,601.8,88.78218968040039,Low
6734-FQAJX,0.07042173069287559,105.05,1260.6,88.77363371143896,Low
5090-EMGTC,0.07384469021909623,100.05,1200.6,88.65793507704693,Low
3363-DTIVD,0.06990932407316901,105.55,1266.6,88.54714987107586,Low
4189-NAKJS,0.1431340920343134,51.55,618.5999999999999,88.54274933242625,Low
9174-FKWZE,0.3788013210028958,19.45,233.39999999999998,88.41222832207588,Low
0742-LAFQK,0.07426809605680447,99.15,1189.8000000000002,88.36418068838597,Low
5151-HQRDG,0.1332963374953491,55.05,660.5999999999999,88.05556054942761,Low
4199-QHJNM,0.071252170300605,102.9,1234.8000000000002,87.98217988718707,Low
1202-KKGFU,0.13512204148768933,54.2,650.4000000000001,87.88337578359315,Low
0744-GKNGE,0.08437196137895711,86.8,1041.6,87.88183497232171,Low
0068-FIGTF,0.09362337750407111,78.2,938.4000000000001,87.85617744982034,Low
1397-XKKWR,0.20733679303307487,35.3,423.59999999999997,87.8278655288105,Low
3324-OIRTO,0.06988494705879973,104.65,1255.8000000000002,87.76151651644072,Low
2851-MMUTZ,0.13022282087298595,56.15,673.8,87.74413670421792,Low
4580-TMHJU,0.13018162984658763,56.15,673.8,87.71638219063074,Low
3999-WRNGR,0.14674758015609193,49.75,597.0,87.60830535318688,Low
4765-OXPPD,0.11229018292286992,65.0,780.0,87.58634267983854,Low
0266-CLZKZ,0.0690704608520269,105.65,1267.8000000000002,87.5675302681997,Low
7184-LRUUR,0.11167433696310616,65.25,783.0,87.44100584211212,Low
2380-DAMQP,0.06316888144461599,115.15,1381.8000000000002,87.28676038017039,Low
7718-UPSKJ,0.06832956422908351,106.4,1276.8000000000002,87.24318760769384,Low
4000-VGMQP,0.09195824797572427,78.95,947.4000000000001,87.12124413220118,Low
8627-EHGIP,0.13444646793561774,53.95,647.4000000000001,87.04064334151893,Low
4701-AHWMW,0.1329137562328891,54.55,654.5999999999999,87.00534483004918,Low
0716-BQNDX,0.0773244399717979,93.75,1125.0,86.98999496827264,Low
6050-FFXES,0.06858419308014627,105.35,1264.1999999999998,86.7041368919209,Low
7691-XVTZH,0.08031503457803889,89.95,1079.4,86.69204832353519,Low
6650-BWFRT,0.06165201509004861,117.15,1405.8000000000002,86.67040281359034,Low
3472-OAOOR,0.2060448078964399,34.95,419.40000000000003,86.4151924317669,Low
9788-HNGUT,0.061541471016569566,116.95,1403.4,86.36730042465373,Low
3537-RYBHH,0.10666070494813092,67.45,809.4000000000001,86.33117458501717,Low
6214-EDAKZ,0.13040744266589155,55.15,661.8,86.30364555628702,Low
2911-IJORQ,0.07934239960051467,90.6,1087.1999999999998,86.26105684567953,Low
3092-IGHWF,0.082117584570385,87.4,1048.8000000000002,86.1249226974198,Low
0619-OLYUR,0.06400536885790713,111.9,1342.8000000000002,85.9464093023977,Low
7228-PAQPD,0.12115421002688734,59.1,709.2,85.9225657510685,Low
2056-EVGZL,0.06744392068774561,105.75,1269.0,85.58633535274919,Low
1527-SXDPN,0.07407510908293997,96.25,1155.0,85.55675099079566,Low
5837-LXSDN,0.12114959709221175,58.85,706.2,85.55584546651994,Low
7343-EOBEU,0.3019432911927167,23.6,283.20000000000005,85.51034006577737,Low
7217-JYHOQ,0.10109125343071838,70.3,843.5999999999999,85.28058139415401,Low
8200-KLNYW,0.08775888590380415,80.9,970.8000000000001,85.19632643541307,Low
9554-DFKIC,0.13038098413034638,54.45,653.4000000000001,85.19093503076833,Low
4922-CVPDX,0.09641122097012263,73.5,882.0,85.03469689564815,Low
2740-JFBOK,0.29489294413112754,24.0,288.0,84.92916790976473,Low
8752-GHJFU,0.07687602178279004,92.0,1104.0,84.8711280482002,Low
1545-JFUML,0.07129587405541346,99.0,1188.0,84.69949837783119,Low
9677-AVKED,0.08312764129903905,84.6,1015.1999999999999,84.39118144678443,Low
3282-ZISZV,0.08396598629615355,83.7,1004.4000000000001,84.33543663585664,Low
4654-DLAMQ,0.07238553989033543,97.0,1164.0,84.25676843235044,Low
9127-FHJBZ,0.061559448643265624,114.0,1368.0,84.21332574398737,Low
9070-BCKQP,0.06366411598144511,110.15,1321.8000000000002,84.15122850427416,Low
5120-ZBLAI,0.09256474029810255,75.7,908.4000000000001,84.08581008679636,Low
5353-WILCI,0.12487682345735161,56.05,672.5999999999999,83.99215145741468,Low
5032-USPKF,0.08317160518102384,84.1,1009.1999999999999,83.93678394868925,Low
0696-UKTOX,0.12915480914068384,54.15,649.8,83.92479497961635,Low
1832-PEUTS,0.07848275082561945,89.1,1069.1999999999998,83.9137571827523,Low
1518-OMDIK,0.1567318342055315,44.55,534.5999999999999,83.78883856627712,Low
0565-JUPYD,0.0667659243188635,104.5,1254.0,83.72446909585483,Low
0655-YDGFJ,0.14213498222478785,48.95,587.4000000000001,83.4900885588404,Low
6048-UWKAL,0.06596746668082773,105.4,1264.8000000000002,83.43565185791093,Low
0297-RBCSG,0.10599539043822274,65.35,784.1999999999999,83.12158518165427,Low
4282-ACRXS,0.27710870162762363,24.85,298.20000000000005,82.63381482535738,Low
5183-KLYEM,0.0610028647142526,112.75,1353.0,82.53687595838376,Low
9378-FXTIZ,0.09802175265568609,70.15,841.8000000000001,82.51471138555657,Low
3635-JBPSG,0.17718046199741994,38.8,465.59999999999997,82.49522310599872,Low
7055-JCGNI,0.06130805026090169,111.95,1343.4,82.36123472049533,Low
3570-YUEKJ,0.13844265581325543,49.55,594.5999999999999,82.31800314656167,Low
8646-JCOMS,0.0757224055830471,90.55,1086.6,82.27996590653898,Low
2121-JAFOM,0.05927587733352416,115.55,1386.6,82.19193151066459,Low
7255-SSFBC,0.0610152274728988,112.25,1347.0,82.18751140599468,Low
8822-KNBHV,0.08193761111773809,83.45,1001.4000000000001,82.05232377330293,Low
7868-TMWMZ,0.06214818028257981,110.0,1320.0,82.03559797300535,Low
1043-UXOVO,0.06040785079440946,113.15,1357.8000000000002,82.02177980864917,Low
8845-LWKGE,0.10577692533034726,64.5,774.0,81.87134020568878,Low
4627-MIHJH,0.06181004270063861,110.25,1323.0,81.77468649294488,Low
4049-ZPALD,0.06877278660965071,99.0,1188.0,81.70207049226504,Low
6791-YBNAK,0.2658821081712084,25.55,306.6,81.5194543652925,Low
2368-GAKKQ,0.05974607000410539,113.65,1363.8000000000002,81.48169027159894,Low
3669-WHAFY,0.05880294568919852,115.15,1381.8000000000002,81.25391035333453,Low
2798-NYLMZ,0.06223753688541122,108.55,1302.6,81.07061554693665,Low
7016-BPGEU,0.26888452701975074,25.1,301.20000000000005,80.98801953834894,Low
8975-SKGRX,0.05808431273994792,116.1,1393.1999999999998,80.92306450929543,Low
9933-QRGTX,0.06915059625734617,97.2,1166.4,80.65725547456857,Low
2212-LYASK,0.14657468305871668,45.85,550.2,80.64539061890592,Low
8079-XRJRS,0.0748644736267965,89.75,1077.0,80.62903809605983,Low
8099-MZPUJ,0.05995358913553977,111.8,1341.6,80.43373518424015,Low
1150-FTQGN,0.07113952803476409,94.15,1129.8000000000002,80.37343877367648,Low
2801-NISEI,0.121705898711437,54.95,659.4000000000001,80.25286961032157,Low
4023-RTIQM,0.13266943341645215,50.4,604.8,80.23847333027025,Low
1376-HHBDV,0.1369122537697815,48.8,585.5999999999999,80.17581580758403,Low
0699-NDKJM,0.11363322415816889,58.75,705.0,80.11142303150906,Low
5084-OOVCJ,0.12038358362725263,55.35,664.2,79.9587762452212,Low
0401-WDBXM,0.06308954186194751,105.55,1266.6,79.90921372234271,Low
8017-UVSZU,0.11764418179875147,56.6,679.2,79.903928277712,Low
8100-HZZLJ,0.1041005222105464,63.95,767.4000000000001,79.88674074437331,Low
6289-CPNLD,0.09006633458159928,73.9,886.8000000000001,79.87082550696225,Low
6137-MFAJN,0.14826625214172925,44.8,537.5999999999999,79.70793715139364,Low
6993-YGFJV,0.05896213649029892,112.55,1350.6,79.63426154379772,Low
7049-GKVZY,0.08306223163996544,79.85,958.1999999999999,79.59023035741488,Low
0862-PRCBS,0.0637999262320231,103.75,1245.0,79.43090815886876,Low
7156-MXBJE,0.077771850813053,85.1,1021.1999999999999,79.42061405028973,Low
1353-GHZOS,0.11075890036361587,59.75,717.0,79.41413156071258,Low
5914-XRFQB,0.05713199699507012,115.8,1389.6,79.39062302434944,Low
8606-CIQUL,0.0570560554056177,115.75,1389.0,79.25086095840298,Low
1696-HXOWK,0.06898779418304678,95.65,1147.8000000000002,79.18419016330111,Low
9259-PACGQ,0.10499633602866952,62.65,751.8,78.93624542635374,Low
2323-ARSVR,0.059201517718077,111.05,1332.6,78.8919425111094,Low
9298-WGMRW,0.05687582771169305,115.5,1386.0,78.82989720840656,Low
0373-AIVNJ,0.16593019200189493,39.55,474.59999999999997,78.75046912409933,Low
9402-ROUMJ,0.0654545263333105,100.25,1203.0,78.74179517897254,Low
9239-GZHZE,0.05773027554714364,113.65,1363.8000000000002,78.7325497911945,Low
2878-RMWXY,0.0637539139085037,102.65,1231.8000000000002,78.53207115249486,Low
3244-CQPHU,0.059425960168121364,110.1,1321.1999999999998,78.51357857412194,Low
0997-YTLNY,0.13400714230582136,48.8,585.5999999999999,78.47458253428898,Low
3580-HYCSP,0.059202237253528966,110.3,1323.6,78.36008122877094,Low
3407-JMJQQ,0.059714140966975755,109.0,1308.0,78.10609638480429,Low
0107-WESLM,0.32789624514730664,19.85,238.20000000000002,78.10488559408844,Low
9386-LDCZR,0.07174104437128168,90.65,1087.8000000000002,78.03990806708022,Low
4422-QVIJA,0.12967544488112218,50.15,601.8,78.03868272945932,Low
2434-EEVDB,0.06869718403408959,94.6,1135.1999999999998,77.98504331549849,Low
1320-GVNHT,0.05994006416102326,108.4,1300.8000000000002,77.97003546065906,Low
8901-UPRHR,0.05940227557782304,109.2,1310.4,77.84074191717932,Low
6266-QHOJZ,0.07203134869427345,89.85,1078.1999999999998,77.66420016216563,Low
9633-DENPU,0.11026904002886342,58.6,703.2,77.54118894829676,Low
7997-EASSD,0.07936405499772926,81.2,974.4000000000001,77.3323351897874,Low
2930-UOTMB,0.09865787126123503,65.25,783.0,77.24911319754703,Low
6614-FHDBO,0.05887495319797315,109.2,1310.4,77.14973867062402,Low
1810-MVMAI,0.09507083278474411,67.6,811.1999999999999,77.12145955498441,Low
2250-IVBWA,0.07925479044882239,81.05,972.5999999999999,77.08320919052464,Low
0396-UKGAI,0.11607071578940677,55.3,663.5999999999999,77.02452699785032,Low
1090-PYKCI,0.0610613729684508,105.1,1261.1999999999998,77.01060358781014,Low
8591-TKMZH,0.057654715429033325,111.1,1333.1999999999998,76.86526660998722,Low
4926-UMJZD,0.13008466162950244,49.2,590.4000000000001,76.80198422605825,Low
5038-ETMLM,0.056299815767789155,113.65,1363.8000000000002,76.78168874411087,Low
7459-IMVYU,0.09146164985960313,69.95,839.4000000000001,76.77290889215088,Low
6907-CQGPN,0.18565448653134453,34.3,411.59999999999997,76.41538665630141,Low
1208-DNHLN,0.13133425204046772,48.35,580.2,76.20013303387938,Low
7654-YWJUF,0.07525943727146689,84.25,1011.0,76.08729108145303,Low
4501-UYKBC,0.09168451871831902,69.1,829.1999999999999,76.02480292123013,Low
7610-TVOPG,0.2402476387002073,26.35,316.20000000000005,75.96630335700556,Low
9115-YQHGA,0.12379612434154937,51.1,613.2,75.91178344623808,Low
6981-TDRFT,0.11645342157628547,54.3,651.5999999999999,75.8810494991076,Low
8713-IGZSO,0.25442125612636635,24.85,298.20000000000005,75.86841857688246,Low
9637-CDTKZ,0.055372677572654634,114.1,1369.1999999999998,75.81627013247872,Low
4430-YHXGG,0.2480045987527247,25.45,305.4,75.74060445908212,Low
2233-TXSIU,0.14159948629932606,44.45,533.4000000000001,75.52916599206053,Low
3126-WQMGH,0.1205074113328574,52.15,625.8,75.41353801210215,Low
7622-NXQZR,0.2075369547770797,30.1,361.20000000000005,74.9623480654812,Low
4853-RULSV,0.06002501018572704,104.0,1248.0,74.91121271178734,Low
2792-VPPET,0.30447706953902776,20.5,246.0,74.90135910660082,Low
4759-PXTAN,0.07790913501509883,80.1,961.1999999999999,74.886260576513,Low
2202-OUTMO,0.10254332466524164,60.85,730.2,74.87713567055945,Low
6982-UQZLY,0.2991121694368573,20.85,250.20000000000002,74.8378647931017,Low
0128-MKWSG,0.13605368059715983,45.8,549.5999999999999,74.77510285619903,Low
4186-ZBUEW,0.08806107241190096,70.7,848.4000000000001,74.71101383425679,Low
3845-FXCYS,0.31673027181837177,19.65,235.79999999999998,74.68499809477206,Low
4504-YOULA,0.10431808499585071,59.45,713.4000000000001,74.42052183603991,Low
6784-XYJAE,0.110887621349604,55.8,669.5999999999999,74.25035125569484,Low
6933-VLYFX,0.10317397880519032,59.95,719.4000000000001,74.22336035245392,Low
0607-MVMGC,0.0785302704758563,78.75,945.0,74.2111055996842,Low
4785-QRJHC,0.10319202518911946,59.9,718.8,74.17442770593907,Low
9357-UJRUN,0.10569521701460603,58.35,700.2,74.00779095362715,Low
3195-TQDZX,0.30430427939510774,20.25,243.0,73.94593989301119,Low
9277-JOOMO,0.25045360297321134,24.6,295.20000000000005,73.933903597692,Low
4137-JOPHL,0.06861288432763804,89.7,1076.4,73.8549086902696,Low
9027-YFHQJ,0.2456463445189817,25.05,300.6,73.84129116240591,Low
7176-WRTNX,0.053510068960593786,114.95,1379.4,73.81178912424308,Low
8085-MSNLK,0.05397097742849728,113.95,1367.4,73.79991453572718,Low
9691-HKOVS,0.06817507104928561,90.15,1081.8000000000002,73.75179186111718,Low
6727-IOTLZ,0.07491327902017107,81.95,983.4000000000001,73.66971858843624,Low
2363-BJLSL,0.07606447235066717,80.4,964.8000000000001,73.38700292392369,Low
3963-RYFNS,0.052479200574221965,116.45,1397.4,73.33443488241778,Low
3280-MRDOF,0.08836693137528037,69.1,829.1999999999999,73.27385949638249,Low
2150-UWTFY,0.09977789719056264,61.15,733.8,73.21702095843486,Low
7105-BENQF,0.09397590990824105,64.85,778.1999999999999,73.13205309059317,Low
5504-WSIUR,0.06746153267942562,90.25,1083.0,73.06083989181795,Low
8318-LCNBW,0.11447858465626287,53.15,637.8,73.01444129376445,Low
3766-EJLFL,0.055701695538487014,109.05,1308.6,72.8912387816641,Low
6158-DWPZT,0.2515709803733531,24.1,289.20000000000005,72.75432752397373,Low
8847-GEOOQ,0.10055537509292006,60.2,722.4000000000001,72.64120296712547,Low
3396-DKDEL,0.05253636883094964,115.15,1381.8000000000002,72.59475445060623,Low
1150-WFARN,0.05559763635618401,108.75,1305.0,72.55491544482014,Low
8919-FYFQZ,0.19907638441954287,30.35,364.20000000000005,72.50361920559752,Low
1334-PDUKM,0.06988228133705135,86.45,1037.4,72.49587865905707,Low
6435-VWCCY,0.06512322413121192,92.7,1112.4,72.44307452356016,Low
1360-RCYRT,0.1987781927876795,30.35,364.20000000000005,72.39501781327289,Low
0289-IVARM,0.09952193963557354,60.55,726.5999999999999,72.31264133920773,Low
1741-WTPON,0.051986255104818906,115.85,1390.1999999999998,72.27129184671924,Low
9845-PEEKO,0.0759213118671455,79.2,950.4000000000001,72.15561479853508,Low
3705-RHRFR,0.06056619408826523,99.15,1189.8000000000002,72.06165772621799,Low
6919-ELBGL,0.05215714557803914,114.95,1379.4,71.9455666103472,Low
7771-ZONAT,0.10564073371453346,56.75,681.0,71.94133965959729,Low
8231-BSWXX,0.07583585783176673,79.05,948.5999999999999,71.93789473921392,Low
0080-EMYVY,0.11642869393898403,51.45,617.4000000000001,71.88307563792875,Low
8406-LNMHF,0.0721243094695057,82.95,995.4000000000001,71.79253764594597,Low
9591-YVTEB,0.1333781951024368,44.85,538.2,71.78414460413148,Low
2450-ZKEED,0.11109112885864471,53.8,645.5999999999999,71.72043279114101,Low
9060-HJJRW,0.10558342488158341,56.4,676.8,71.45886195985565,Low
2812-ENYMO,0.10889160179898653,54.55,654.5999999999999,71.28044253761658,Low
6999-CHVCF,0.05816674032503253,102.1,1225.1999999999998,71.26589024622984,Low
3229-USWAR,0.0742346304275991,79.95,959.4000000000001,71.22070443223859,Low
5989-AXPUC,0.050016323281233024,118.6,1423.1999999999998,71.18323129385084,Low
1697-BCSHV,0.08867064989258729,66.8,801.5999999999999,71.07839295389796,Low
8746-OQQRW,0.23417840169440307,25.25,303.0,70.95605571340413,Low
8319-QBEHW,0.14797627540262576,39.95,479.40000000000003,70.93982642801879,Low
3351-NQLDI,0.0626178953399296,94.35,1132.1999999999998,70.8959811038683,Low
3345-JHUEO,0.29199470574494035,20.2,242.39999999999998,70.77951667257354,Low
6933-FHBZC,0.1050227207380701,56.05,672.5999999999999,70.63828196842594,Low
5018-HEKFO,0.23996303092858992,24.5,294.0,70.54913109300544,Low
4884-TVUQF,0.057993296010236145,101.3,1215.6,70.49665063004305,Low
3137-NYQQI,0.09064947422858743,64.8,777.5999999999999,70.48903116014958,Low
3863-QSTYI,0.09085887145885257,64.65,775.8000000000001,70.48831247777784,Low
0675-NCDYU,0.05035931734665814,116.4,1396.8000000000002,70.3418944698121,Low
4826-DXMUP,0.08111431517758153,72.1,865.1999999999999,70.18010549164353,Low
1814-DKOLC,0.22962209874455713,25.45,305.4,70.12658895658774,Low
2946-KIQSP,0.17453872454231298,33.45,401.40000000000003,70.05984403128444,Low
4510-PYUSH,0.10199428508788644,57.15,685.8,69.94768071327252,Low
4396-KLSEH,0.2936227959728586,19.85,238.20000000000002,69.94095000073493,Low
0303-UNCIP,0.08952157643736172,65.0,780.0,69.82682962114214,Low
9057-MSWCO,0.18919747977390858,30.75,369.0,69.81387003657227,Low
2233-FAGXV,0.23924697160828243,24.3,291.6,69.76441692097517,Low
6865-JZNKO,0.10500260873963445,55.3,663.5999999999999,69.67973115962141,Low
9412-ARGBX,0.06074515212827598,95.5,1146.0,69.61394433900426,Low
6770-XUAGN,0.27607458165536947,21.0,252.0,69.57079457715311,Low
2038-YSEZE,0.08576319806337075,67.45,809.4000000000001,69.41673251249229,Low
1371-WEPDS,0.10353949694101311,55.8,669.5999999999999,69.33004715170237,Low
8644-XYTSV,0.14379094471485804,40.15,481.79999999999995,69.27847716361859,Low
4091-TVOCN,0.07329805975010402,78.75,945.0,69.2666664638483,Low
9053-JZFKV,0.04967210971941631,116.2,1394.4,69.2627897927541,Low
0254-FNMCI,0.05243910788566704,109.9,1318.8000000000002,69.1566954796177,Low
4011-ARPHK,0.1144388180730631,50.35,604.2,69.14393387974472,Low
7078-NVFAM,0.16382787816148847,35.15,421.79999999999995,69.10259900851582,Low
8550-XSXUQ,0.08153599194045887,70.55,846.5999999999999,69.02837077679247,Low
7569-NMZYQ,0.04837717444846884,118.75,1425.0,68.93747358906809,Low
9137-NOQKA,0.2977995473201661,19.2,230.39999999999998,68.61301570256627,Low
5998-DZLYR,0.060596644361227366,94.35,1132.1999999999998,68.60752074578161,Low
6481-OGDOO,0.06302179178476064,90.6,1087.1999999999998,68.51729202839175,Low
2636-SJDOU,0.06762101980274879,84.3,1011.5999999999999,68.40542363246067,Low
0017-IUDMW,0.04879254326411194,116.8,1401.6,68.3876286389793,Low
5172-RKOCB,0.05222570080884682,108.95,1307.4,68.27988123748634,Low
2080-SRCDE,0.22395507664125444,25.4,304.79999999999995,68.26150736025434,Low
7602-MVRMB,0.05149902209078251,110.45,1325.4,68.25680387912314,Low
3795-CAWEX,0.04878740315779222,116.55,1398.6,68.23406205648818,Low
8220-OCUFY,0.09433705503664243,60.25,723.0,68.20569079149247,Low
4376-KFVRS,0.049836069560583375,114.05,1368.6,68.20564480061441,Low
0727-BNRLG,0.05819917165283506,97.65,1171.8000000000002,68.19778934279213,Low
4353-HYOJD,0.11397300475198112,49.85,598.2,68.17865144263511,Low
4626-OZDTJ,0.07209105394275706,78.65,943.8000000000001,68.03953671117411,Low
4815-YOSUK,0.05401666894730712,104.9,1258.8000000000002,67.99618287087021,Low
2794-XIMMO,0.093703312614891,60.45,725.4000000000001,67.97238297084193,Low
0112-QWPNC,0.06706150128096883,84.35,1012.1999999999999,67.87965159659664,Low
0020-INWCK,0.05894076898318461,95.75,1149.0,67.72294356167912,Low
0568-ONFPC,0.21772456763929518,25.9,310.79999999999995,67.66879562229293,Low
1096-ADRUX,0.07592686367451569,74.25,891.0,67.65083553399349,Low
6445-TNRXS,0.04909296730350537,114.7,1376.4,67.5715601965448,Low
9052-DHNKM,0.09137549262829643,61.55,738.5999999999999,67.48993885525974,Low
1841-YSJGV,0.05109863763998938,109.95,1319.4,67.41954250220199,Low
9730-DRTMJ,0.07716552375904653,72.8,873.5999999999999,67.41180155590304,Low
5397-TUPSH,0.07909148275767286,70.95,851.4000000000001,67.33848841988268,Low
7929-SKFGK,0.049044462240982564,114.3,1371.6,67.26938440973169,Low
5815-HGGHV,0.08725766269283701,64.15,769.8000000000001,67.17094874094593,Low
6797-LNAQX,0.05692019760748983,98.3,1179.6,67.143065097795,Low
8620-RJPZN,0.26985892255727484,20.7,248.39999999999998,67.03295636322706,Low
9680-NIAUV,0.05091900956469309,109.7,1316.4,67.02978419096199,Low
9039-RBEEE,0.1139827962709579,48.95,587.4000000000001,66.95349452956069,Low
4429-WYGFR,0.11351669733516982,49.15,589.8,66.95214808828315,Low
6341-JVQGF,0.06870377131128101,81.15,973.8000000000001,66.90373250292545,Low
8671-KKKOS,0.12235885382598068,45.55,546.5999999999999,66.88134950128102,Low
3696-XRIEN,0.06752529597526347,82.5,990.0,66.85004301551083,Low
1925-LFCZZ,0.11117014438785265,50.05,600.5999999999999,66.76878871934429,Low
2320-JRSDE,0.27953437925782937,19.9,238.79999999999998,66.75280976676964,Low
3528-HFRIQ,0.10619730192698054,52.3,627.5999999999999,66.64942668937297,Low
5829-NVSQN,0.08060273526399173,68.75,825.0,66.49725659279318,Low
1877-HKBQX,0.10134439969893166,54.6,655.2,66.40085068274003,Low
6007-TCTST,0.04775118851980526,115.8,1389.6,66.3550515671214,Low
3391-JSQEW,0.11022637316075841,50.15,601.8,66.3342313681444,Low
0447-BEMNG,0.12163028278928835,45.3,543.5999999999999,66.11822172425714,Low
9817-APLHW,0.22009065375559092,25.0,300.0,66.02719612667728,Low
1488-PBLJN,0.04701032218825217,116.85,1402.1999999999998,65.91787377236719,Low
6211-WWLTF,0.055035313725311556,99.7,1196.4,65.84424934096275,Low
8454-AATJP,0.0476854232053554,115.05,1380.6,65.83449527731365,Low
3617-XLSGQ,0.05017192058039204,109.25,1311.0,65.77538788089397,Low
4795-WRNVT,0.08418967171830043,65.1,781.1999999999999,65.76897154633629,Low
3870-SPZSI,0.0484758423791838,113.05,1356.6,65.76232777160074,Low
1576-PFZIW,0.05197293383179562,105.35,1264.1999999999998,65.70418295015601,Low
4198-VFOEA,0.1629494556663471,33.6,403.20000000000005,65.70122052467116,Low
5088-QZLRL,0.26506304341954895,20.65,247.79999999999998,65.68262215936423,Low
8467-WYNSR,0.09933452704773806,55.1,661.2,65.6799892839644,Low
5701-SVCWR,0.22779273022900576,24.0,288.0,65.60430630595366,Low
0285-INHLN,0.0996769705114317,54.75,657.0,65.48776962601063,Low
9853-JFZDU,0.09599107930074392,56.85,682.2,65.4851142989675,Low
8434-PNQZX,0.06953203305109212,78.45,941.4000000000001,65.45745591429814,Low
7893-IXHRQ,0.2653685548206684,20.55,246.60000000000002,65.43988561877683,Low
1136-XGEQU,0.06471888167126695,84.15,1009.8000000000001,65.35312671164537,Low
4304-TSPVK,0.04730827235823132,114.9,1378.8000000000002,65.22864592752936,Low
8865-TNMNX,0.10961871285893532,49.55,594.5999999999999,65.17928666592293,Low
5214-NLTIT,0.05977020699287454,90.8,1089.6,65.12561753943609,Low
4634-JLRJT,0.2665409945678541,20.35,244.20000000000002,65.08931087346997,Low
9143-CANJF,0.09825719165101798,55.15,661.8,65.0266094346437,Low
6893-ODYYE,0.06013110519927079,90.1,1081.1999999999998,65.01375094145156,Low
5640-CAXOA,0.1341844045659423,40.35,484.20000000000005,64.97208869082927,Low
8073-IJDCM,0.2666942647175066,20.3,243.60000000000002,64.96672288518462,Low
0670-KDOMA,0.26684759093717286,20.25,243.0,64.843964597733,Low
2876-VBBBL,0.26684759093717286,20.25,243.0,64.843964597733,Low
2223-GDSHL,0.04653853071931145,116.05,1392.6,64.80955787971313,Low
0013-SMEOE,0.04918132297837895,109.7,1316.4,64.74229356873805,Low
7839-QRKXN,0.2670009732104958,20.2,242.39999999999998,64.72103590622417,Low
2480-JZOSN,0.26116217973080846,20.65,247.79999999999998,64.71598813729433,Low
3892-NXAZG,0.04726900693197648,114.05,1368.6,64.692362887103,Low
5619-PTMIK,0.10149933720271646,53.1,637.2,64.67537766557093,Low
1156-ZFYDO,0.27280346963725577,19.75,237.0,64.65442230402962,Low
6035-BXTTY,0.09858078888778976,54.65,655.8,64.64928135261252,Low
3508-CFVZL,0.04837350341380816,111.3,1335.6,64.60765115948217,Low
4897-QSUYC,0.2671544115210719,20.15,241.79999999999998,64.59793670579518,Low
7854-EKTJL,0.27450615565319864,19.6,235.20000000000002,64.56384780963232,Low
4628-CTTLA,0.1368879740177056,39.3,471.59999999999997,64.55636854674997,Low
5855-EIBDE,0.050374524786099786,106.65,1279.8000000000002,64.46931682125052,Low
6427-FEFIG,0.06835031443918027,78.6,943.1999999999999,64.46801657903482,Low
2346-DJQTB,0.22244878201113677,24.15,289.79999999999995,64.46565702682743,Low
0533-UCAAU,0.07532581353410342,71.1,853.1999999999999,64.26798410729704,Low
3115-JPJDD,0.06587592825636393,81.25,975.0,64.22903004995483,Low
5996-DAOQL,0.26132874549542245,20.45,245.39999999999998,64.13007414457667,Low
8262-COGGB,0.26132874549542245,20.45,245.39999999999998,64.13007414457667,Low
7605-SNLQG,0.10635118762453866,50.25,603.0,64.1297661375968,Low
9170-GYZJC,0.06685280662741176,79.9,958.8000000000001,64.0984709943624,Low
1325-USMEC,0.05367709731757907,99.35,1192.1999999999998,63.99383542201775,Low
4800-VHZKI,0.2679224430553757,19.9,238.79999999999998,63.97987940162371,Low
5143-WMWOG,0.26720634034566676,19.95,239.39999999999998,63.96919787875262,Low
0743-HRVFF,0.09491792389457158,56.15,673.8,63.95569712016233,Low
2081-KJSQF,0.2619344508327481,20.25,243.0,63.65007155235778,Low
6345-HOVES,0.2115941781122741,25.05,300.6,63.6052099405496,Low
8305-VHZBZ,0.26208601859807606,20.2,242.39999999999998,63.52965090817363,Low
5356-RHIPP,0.26208601859807606,20.2,242.39999999999998,63.52965090817363,Low
0761-AETCS,0.27420524139401237,19.3,231.60000000000002,63.50593390685327,Low
7030-FZTFM,0.047707467046569585,110.9,1330.8000000000002,63.48909714557481,Low
4132-POCZS,0.13235074171196173,39.9,478.79999999999995,63.36953513168727,Low
3726-TBHQT,0.0463178825265399,114.0,1368.0,63.362863296306585,Low
1000-AJSLD,0.26238932374167656,20.1,241.20000000000002,63.28830488649239,Low
1240-KNSEZ,0.26238932374167656,20.1,241.20000000000002,63.28830488649239,Low
4588-YBNIB,0.2688459266582064,19.6,235.20000000000002,63.23256195001015,Low
4661-NJEUX,0.26254106108997943,20.05,240.60000000000002,63.16737929824906,Low
3258-SYSWS,0.04624591972633717,113.8,1365.6,63.15342797828603,Low
6859-QNXIQ,0.04651037768979767,113.1,1357.1999999999998,63.123884600593385,Low
1622-HSHSF,0.2690000361194306,19.55,234.60000000000002,63.10740847361842,Low
6942-LBFDP,0.25556049805433745,20.55,246.60000000000002,63.02121882019962,Low
8566-YPRGL,0.2691542014004315,19.5,234.0,62.982083127700975,Low
3594-IVHJZ,0.2563883580541864,20.45,245.39999999999998,62.91770306649734,Low
2832-SCUCO,0.26327841981851263,19.9,238.79999999999998,62.870886652660815,Low
0134-XWXCE,0.06993204345662765,74.85,898.1999999999999,62.81296143274295,Low
2369-FEVNO,0.2629966120601166,19.9,238.79999999999998,62.80359095995584,Low
7298-IZWLY,0.2694626993534969,19.4,232.79999999999998,62.73091640949408,Low
7617-EYGLW,0.2687439911149389,19.45,233.39999999999998,62.72484752622673,Low
7017-VFHAY,0.04538845876490726,115.1,1381.1999999999998,62.690539246089905,Low
9495-REDIY,0.12845767864783442,40.65,487.79999999999995,62.66165564441362,Low
9114-AAFQH,0.07953715083412777,65.65,787.8000000000001,62.65936742712586,Low
5446-DKWYW,0.08007573705401502,65.2,782.4000000000001,62.65125667106136,Low
7359-WWYJV,0.04555413907420251,114.45,1373.4,62.564054604509735,Low
5982-PSMKW,0.05722504042769027,91.1,1093.1999999999998,62.558414195550995,Low
0019-EFAEP,0.05143436313606411,101.3,1215.6,62.52361182819953,Low
9220-ZNKJI,0.05867398514304243,88.8,1065.6,62.52299856842601,Low
9553-DLCLU,0.05855545353498401,88.95,1067.4,62.50209110324194,Low
9802-CAQUT,0.047515408414905425,109.55,1314.6,62.46375590223467,Low
0496-AHOOK,0.06994510701981915,74.4,892.8000000000001,62.446991547294544,Low
2465-BLLEU,0.26345267109955633,19.75,237.0,62.438283050594855,Low
0572-ZJKLT,0.05217323286483572,99.65,1195.8000000000002,62.38875185977056,Low
3810-DVDQQ,0.04420765834820911,117.6,1411.1999999999998,62.38584746099269,Low
8992-CEUEN,0.2756114860846005,18.85,226.20000000000002,62.34331815233664,Low
3520-FJGCV,0.04605499316718091,112.6,1351.1999999999998,62.22950676749484,Low
9959-WOFKT,0.048576233041181874,106.7,1280.4,62.19700878592928,Low
8659-HDIYE,0.06941879780609318,74.65,895.8000000000001,62.185359074698276,Low
2330-PQGDQ,0.061499896457316294,84.2,1010.4000000000001,62.13949538047239,Low
5965-GGPRW,0.04918006311800467,105.25,1263.0,62.1144197180399,Low
3209-ZPKFI,0.09540600405804978,54.25,651.0,62.109308641790406,Low
4232-JGKIY,0.2695149118489237,19.2,230.39999999999998,62.09623568999201,Low
7989-CHGTL,0.2639092377956422,19.6,235.20000000000002,62.071452729535046,Low
0384-LPITE,0.0833504362569811,62.05,744.5999999999999,62.062734836948124,Low
8404-VLQFB,0.20473433318612183,25.25,303.0,62.03450295539491,Low
6121-VZNQB,0.27038953110400454,19.1,229.20000000000002,61.973280529037844,Low
0871-OPBXW,0.2574195139254567,20.05,240.60000000000002,61.935135050464886,Low
4986-MXSFP,0.2576703381276097,20.0,240.0,61.84088115062633,Low
3258-ZKPAI,0.04419035851531211,116.6,1399.1999999999998,61.8311496346247,Low
5906-BFOZT,0.2642138974190336,19.5,234.0,61.82605199605386,Low
6250-CGGUN,0.060862806834116656,84.4,1012.8000000000001,61.64185076159335,Low
1352-HNSAW,0.04439796867560274,115.6,1387.1999999999998,61.58886214679612,Low
0377-JBKKT,0.08850354272869751,57.95,695.4000000000001,61.54536361353625,Low
5092-STPKP,0.0909013068641766,56.35,676.2,61.46746370155623,Low
3882-IYOIJ,0.04444096377569056,115.25,1383.0,61.46185290178005,Low
5269-NRGDP,0.06998574924199284,73.15,877.8000000000001,61.43349068462132,Low
9972-NKTFD,0.0936108937450611,54.65,655.8,61.39002411801106,Low
1536-YHDOE,0.08235844498656333,62.1,745.2,61.373513203987,Low
2955-PSXOE,0.25311507137225375,20.2,242.39999999999998,61.3550933006343,Low
4667-OHGKG,0.26482389248847354,19.3,231.60000000000002,61.33321350033048,Low
5297-MDOIR,0.06297614857782967,81.15,973.8000000000001,61.326173485090536,Low
8513-OLYGY,0.04406037339491834,115.8,1389.6,61.226294869578524,Low
4003-OCTMP,0.07968050245471402,64.0,768.0,61.19462588522036,Low
7853-WNZSY,0.2581729334568042,19.75,237.0,61.186985229262596,Low
4057-FKCZK,0.061783908368547844,82.5,990.0,61.16606928486237,Low
1183-CANVH,0.0849014641519218,60.0,720.0,61.1290541893837,Low
2519-TWKFS,0.09244198118135755,55.1,661.2,61.12263795711361,Low
3744-ZBHON,0.2518094744929936,20.2,242.39999999999998,61.038616617101646,Low
4223-BKEOR,0.0781347662149673,64.85,778.1999999999999,60.80447506848755,Low
3134-DSHVC,0.05166868515739661,98.0,1176.0,60.762373745098415,Low
6718-BDGHG,0.07806387204108962,64.85,778.1999999999999,60.74930522237594,Low
6176-YJWAS,0.051651843997815035,97.95,1175.4,60.7115774350318,Low
5375-XLDOF,0.044230562103775545,114.35,1372.1999999999998,60.69317731880079,Low
4686-GEFRM,0.05122380476078285,98.7,1184.4,60.669474358671216,Low
0667-NSRGI,0.0726080966338839,69.55,834.5999999999999,60.5987174506395,Low
2150-WLKUW,0.07902644005351722,63.9,766.8,60.597474233037005,Low
5049-MUBWG,0.06728663198307296,75.0,900.0,60.55796878476566,Low
7814-LEEVE,0.2485006890670808,20.3,243.60000000000002,60.53476785674089,Low
6992-TKNYO,0.07309025234651051,69.0,828.0,60.5187289429107,Low
4682-BLBUC,0.0708925990671744,70.95,851.4000000000001,60.3579588457923,Low
0266-GMEAO,0.04397784803275789,114.3,1371.6,60.320016361730715,Low
6502-KUGLL,0.08454154797336746,59.45,713.4000000000001,60.31194032420036,Low
9318-NKNFC,0.2661996714214757,18.85,226.20000000000002,60.21436567553781,Low
1493-AMTIE,0.2483691170981041,20.2,242.39999999999998,60.20467398458043,Low
8003-EWNDZ,0.23655253053781874,21.2,254.39999999999998,60.178963768821085,Low
3007-FDPEA,0.24198916916543295,20.7,248.39999999999998,60.11010962069354,Low
9578-FOMUK,0.2019752612430033,24.8,297.6,60.107837745917784,Low
6258-NGCNG,0.21276365322130622,23.5,282.0,59.99935020840835,Low
1725-IQNIY,0.04553457391661889,109.75,1317.0,59.969033848187074,Low
8024-XNAFQ,0.04651603919557818,107.4,1288.8000000000002,59.94987131526117,Low
9589-ABEPT,0.05402358285731322,92.45,1109.4,59.933762821903294,Low
3896-RCYYE,0.09350376496793131,53.4,640.8,59.91721259145038,Low
1555-DJEQW,0.04372001432850433,114.2,1370.4,59.91390763578234,Low
0268-QKIWO,0.252750725605203,19.75,237.0,59.901921968433115,Low
7765-LWVVH,0.05248640820176935,95.1,1141.1999999999998,59.897489039859174,Low
2640-LYMOV,0.2538030057807265,19.65,235.79999999999998,59.846748763095306,Low
4778-IZARL,0.04523364301573801,110.1,1321.1999999999998,59.76268915239305,Low
2927-CVULT,0.047859975547393636,104.05,1248.6,59.75796546847569,Low
7657-DYEPJ,0.07097226357349869,70.15,841.8000000000001,59.7444514761712,Low
3099-OONVS,0.09166965565439412,54.3,651.5999999999999,59.731947624403205,Low
3186-AJIEK,0.047107916968690405,105.65,1267.8000000000002,59.7234171329057,Low
3097-PYWXL,0.24945032967145056,19.95,239.39999999999998,59.71840892334526,Low
4526-RMTLL,0.06525897896398702,76.15,913.8000000000001,59.63365497729135,Low
2393-DIVAI,0.24796425244196382,20.0,240.0,59.51142058607132,Low
0489-WMEMG,0.10025674542589405,49.45,593.4000000000001,59.49235273572554,Low
4693-VWVBO,0.25348436312969785,19.55,234.60000000000002,59.46743159022712,Low
0661-KBKPA,0.06290630418206491,78.75,945.0,59.44645745205135,Low
0906-QVPMS,0.042853952128353134,115.15,1381.8000000000002,59.215591050958366,Low
2205-LPVGL,0.05490979109548195,89.85,1078.1999999999998,59.203736759148626,Low
7636-XUHWW,0.247610250228915,19.9,238.79999999999998,59.1293277546649,Low
1098-TDVUQ,0.25594096183876924,19.25,231.0,59.122362184755694,Low
9139-TWBAS,0.10284756654572205,47.85,574.2,59.05507271055361,Low
2391-IPLOP,0.07057050486312302,69.65,835.8000000000001,58.98282796459823,Low
7291-CDTMJ,0.24998226341887825,19.65,235.79999999999998,58.94581771417149,Low
0463-WZZKO,0.23641017571764048,20.75,249.0,58.86613375369248,Low
5028-HTLJB,0.2440098744332835,20.05,240.60000000000002,58.70877578864802,Low
0670-ANMUU,0.050025332515351024,97.65,1171.8000000000002,58.61968464148834,Low
4104-PVRPS,0.091120787870734,53.6,643.2,58.608890758456106,Low
1087-UDSIH,0.2490454558817266,19.6,235.20000000000002,58.5754912233821,Low
0557-ASKVU,0.08960519246445642,54.4,652.8,58.49426964079714,Low
5624-RYAMH,0.24969306841789182,19.5,234.0,58.428178009786684,Low
0305-SQECB,0.1348762833411608,36.05,432.59999999999997,58.34748017338616,Low
0076-LVEPS,0.10785479893459073,45.0,540.0,58.241591424678994,Low
7083-YNSKY,0.1909746606785718,25.4,304.79999999999995,58.20907657482868,Low
5524-KHNJP,0.0648617047595199,74.75,897.0,58.18094916928935,Low
9711-FJTBX,0.05646924399003786,85.85,1030.1999999999998,58.174615158536994,Low
8226-BXGES,0.05418515281156556,89.45,1073.4,58.162343027934476,Low
8707-RMEZH,0.05545917557031532,87.3,1047.6,58.099032327462325,Low
5066-GFJMM,0.24308436175584117,19.9,238.79999999999998,58.04854558729487,Low
8879-ZKJOF,0.060515321851751465,79.85,958.1999999999999,57.98578139834825,Low
8670-ERCJH,0.042584643890082534,113.4,1360.8000000000002,57.94918340562432,Low
1449-XQEMT,0.24366934713108357,19.8,237.60000000000002,57.89583687834546,Low
8480-PPONV,0.041715160776312536,115.55,1386.6,57.84224193243496,Low
7526-IVLYU,0.24469648511865624,19.65,235.79999999999998,57.69943119097914,Low
7925-PNRGI,0.05911895117468198,81.3,975.5999999999999,57.67644876601973,Low
6469-QJKZW,0.23846410520917702,20.15,241.79999999999998,57.660620639579,Low
0378-CJKPV,0.04284289587111825,112.1,1345.1999999999998,57.632263525828265,Low
7470-DYNOE,0.07856466754984444,61.1,733.2,57.60361424754595,Low
6184-DYUOB,0.24451245508667374,19.6,235.20000000000002,57.50932943638567,Low
9625-QNLUX,0.046407566471214586,103.25,1239.0,57.498974857834874,Low
9839-ETQOE,0.11844974579659362,40.45,485.40000000000003,57.49550660966655,Low
0895-UADGO,0.10710798157782234,44.55,534.5999999999999,57.259926951503815,Low
4390-KYULV,0.23197233190103378,20.55,246.60000000000002,57.20437704679494,Low
9473-CBZOP,0.08062627007915824,59.0,708.0,57.08339921604403,Low
7989-AWGEH,0.12101045514295139,39.2,470.40000000000003,56.92331809924434,Low
7005-CYUIL,0.04769783986674509,99.4,1192.8000000000002,56.89398339305355,Low
2632-IVXVF,0.04239048755624633,111.75,1341.0,56.84564381292633,Low
4160-AMJTL,0.24097578605233566,19.65,235.79999999999998,56.822090351140744,Low
9917-KWRBE,0.06031610206416664,78.35,940.1999999999999,56.70919916072947,Low
3205-MXZRA,0.07942887674869772,59.45,713.4000000000001,56.66456067252096,Low
1222-LRYKO,0.17899369167297824,26.35,316.20000000000005,56.597805306995724,Low
7976-CICYS,0.2271738507209887,20.7,248.39999999999998,56.42998451909359,Low
9351-LZYGF,0.07078011332729968,66.4,796.8000000000001,56.39759429919239,Low
3682-YEUWS,0.1923010618000916,24.4,292.79999999999995,56.305750895066815,Low
1936-UAFEH,0.04252493029114732,110.25,1323.0,56.2604827751879,Low
9039-ZVJDC,0.24544436440399645,19.1,229.20000000000002,56.25584832139599,Low
8624-GIOUT,0.07844719200118146,59.75,717.0,56.2466366648471,Low
5712-VBOXD,0.23235986222176108,20.15,241.79999999999998,56.184614685221824,Low
5887-IKKYO,0.049551540230662175,94.35,1132.1999999999998,56.10225384915571,Low
4378-MYPGO,0.04440958875110116,105.25,1263.0,56.089310592640764,Low
2732-ISEZX,0.22794414261448942,20.5,246.0,56.0742590831644,Low
8915-NNTRC,0.04330604161735537,107.7,1292.4,55.968728186270084,Low
5671-RQRLP,0.06162793941907503,75.65,907.8000000000001,55.94584340463632,Low
9411-TPQQV,0.08543221024415192,54.55,654.5999999999999,55.923924825821835,Low
3224-DFQNQ,0.052354129725578555,89.0,1068.0,55.9142105469179,Low
6635-MYYYZ,0.05454209635684927,85.35,1024.1999999999998,55.86201508868501,Low
9894-QMIMJ,0.08341724842748466,55.8,669.5999999999999,55.85618954704372,Low
1898-JSNDC,0.07929600719180752,58.6,703.2,55.76095225727905,Low
5144-PQCDZ,0.23279985302026002,19.95,239.39999999999998,55.73228481305024,Low
5018-LXQQG,0.07002445926638043,66.3,795.5999999999999,55.71145979233226,Low
4522-XRWWI,0.05756513033904647,80.45,965.4000000000001,55.57337682931547,Low
8559-CIZFV,0.05971656724296551,77.5,930.0,55.53640753595792,Low
7102-JJVTX,0.09518120017663112,48.6,583.2,55.509675943011274,Low
2908-ZTPNF,0.1323866396644957,34.85,418.20000000000005,55.36409270769211,Low
7971-HLVXI,0.05459265920641059,84.5,1014.0,55.35695643530034,Low
9938-ZREHM,0.06387352414023101,72.1,865.1999999999999,55.263373086127864,Low
0690-SRQID,0.23411939990575506,19.65,235.79999999999998,55.20535449777704,Low
9938-TKDGL,0.046178046366725595,99.55,1194.6,55.16429418969039,Low
6549-YMFAW,0.21603743848831602,21.25,255.0,55.08954681452059,Low
7445-WMRBW,0.06208467671961982,73.85,886.1999999999999,55.01944050892708,Low
8267-KFGYD,0.2177161415939115,21.05,252.60000000000002,54.99509736662205,Low
9822-BIIGN,0.06377289132430566,71.85,862.1999999999999,54.98498689981634,Low
9739-JLPQJ,0.03899083143098755,117.5,1410.0,54.97707231769244,Low
7901-IIDQV,0.08347479397101715,54.6,655.2,54.69268500981044,Low
5393-HJZSM,0.05965009243265586,76.3,915.5999999999999,54.6156246313397,Low
6244-BESBM,0.04779855762219604,95.2,1142.4,54.605072227596764,Low
5955-EPOAZ,0.21697514337161233,20.95,251.39999999999998,54.547551043623336,Low
0628-CNQRM,0.06730402234260632,67.5,810.0,54.51625809751112,Low
2522-WLNSF,0.07075245281105001,64.2,770.4000000000001,54.50768964563294,Low
9362-MWODR,0.07062650069161173,64.1,769.1999999999999,54.32590433198774,Low
6440-DKQGE,0.07017743698321267,64.5,774.0,54.317336225006606,Low
8221-EQDGL,0.07419018849038103,61.0,732.0,54.30721797495892,Low
9013-AQORL,0.09923437180659322,45.55,546.5999999999999,54.24150762948385,Low
0813-TAXXS,0.05797856007818987,77.8,933.5999999999999,54.128783688998055,Low
5012-YSPJJ,0.08292234943500681,54.35,652.2,54.08195630151145,Low
4255-DDUOU,0.21957741133943207,20.5,246.0,54.01604318950029,Low
2190-PHBHR,0.047618226877775754,94.45,1133.4,53.970498343271046,Low
6990-YNRIO,0.04138773938526872,108.65,1303.8000000000002,53.96133461051336,Low
3807-XHCJH,0.22480174859373872,20.0,240.0,53.95241966249729,Low
8548-AWOFC,0.07031943595564032,63.85,766.2,53.878751829211616,Low
7032-LMBHI,0.06918330879076134,64.65,775.8000000000001,53.67241095987266,Low
7931-PXHFC,0.07178656319556938,62.3,747.5999999999999,53.66763464500766,Low
5868-YTYKS,0.21985976161989246,20.25,243.0,53.42592207363387,Low
5624-BQSSA,0.21228448077302292,20.95,251.39999999999998,53.36831846633796,Low
1855-CFULU,0.22150402033673333,20.05,240.60000000000002,53.293867293018046,Low
7434-SHXLS,0.2124155871584398,20.9,250.79999999999998,53.2738292593367,Low
0426-TIRNE,0.2124155871584398,20.9,250.79999999999998,53.2738292593367,Low
7243-LCGGZ,0.2124155871584398,20.9,250.79999999999998,53.2738292593367,Low
3354-OADJP,0.08182567885837497,54.25,651.0,53.2685169368021,Low
3259-KNMRR,0.05565755577192244,79.75,957.0,53.264280873729774,Low
5447-VYTKW,0.08295878910676555,53.45,641.4000000000001,53.20976733307943,Low
9928-BZVLZ,0.08889705261413945,49.85,598.2,53.178216873778226,Low
3655-SNQYZ,0.039022716969158114,113.25,1359.0,53.031872361085874,Low
3694-GLTJM,0.22486145929124474,19.65,235.79999999999998,53.0223321008755,Low
2724-FJDYW,0.08049404944529585,54.85,658.2,52.981183344893736,Low
5160-UXJED,0.09886466521682748,44.6,535.2,52.91236882404607,Low
3915-ODIYG,0.06145170853246999,71.75,861.0,52.90992104645667,Low
7136-IHZJA,0.061768424384708295,71.35,856.1999999999999,52.88612495818724,Low
6620-HVDUJ,0.07286822083273223,60.45,725.4000000000001,52.858607392063966,Low
3679-XASPY,0.22630791332762346,19.45,233.39999999999998,52.82026697066731,Low
0621-JFHOL,0.14867267446244706,29.6,355.20000000000005,52.8085339690612,Low
0868-VJRDR,0.042274594323548756,104.05,1248.6,52.78405847238297,Low
2111-DWYHN,0.207703559471722,21.1,253.20000000000002,52.590541258240016,Low
2002-MZHWP,0.21346656663256514,20.5,246.0,52.51277539161102,Low
9753-OYLBX,0.21346656663256514,20.5,246.0,52.51277539161102,Low
3450-WXOAT,0.09664754299053441,45.2,542.4000000000001,52.42162731806587,Low
9374-YOLBJ,0.22685737656374852,19.25,231.0,52.40405398622591,Low
9103-CXVOK,0.22110422685246411,19.75,237.0,52.401701764033994,Low
3727-JEZTU,0.21372990270390144,20.4,244.79999999999998,52.321080181915065,Low
1963-VAUKV,0.21372990270390144,20.4,244.79999999999998,52.321080181915065,Low
1730-VFMWO,0.08681859625172504,50.2,602.4000000000001,52.29952238203917,Low
0454-OKRCT,0.054054402564810276,80.6,967.1999999999999,52.281418160684495,Low
2592-YKDIF,0.2138616594168545,20.35,244.20000000000002,52.22501722959587,Low
0303-WMMRN,0.22602377077411775,19.25,231.0,52.2114910488212,Low
4808-YNLEU,0.06998377594120817,62.15,745.8,52.193900096953044,Low
7853-GVUDZ,0.21584765832922376,20.15,241.79999999999998,52.1919637840063,Low
4013-GUXND,0.20847858819288345,20.8,249.60000000000002,52.03625561294371,Low
2055-SIFSS,0.0839077643739993,51.65,619.8,52.00603235900476,Low
2834-JKOOW,0.09438771484276108,45.9,550.8,51.9887533353928,Low
4576-CSAJH,0.07853032001662252,55.15,661.8,51.971365787000785,Low
1455-HFBXA,0.0472584828552128,91.6,1099.1999999999998,51.9465243544499,Low
8974-OVACP,0.21438927743403574,20.15,241.79999999999998,51.839327283549835,Low
1725-MIMXW,0.22201849755893802,19.45,233.39999999999998,51.81911733025613,Low
9629-NHXFW,0.22254684004501304,19.4,232.79999999999998,51.80890436247903,Low
1264-FUHCX,0.07660116338688441,56.3,675.5999999999999,51.7517459841791,Low
7541-YLXCL,0.06592547634518865,65.4,784.8000000000001,51.73831383570406,Low
1338-CECEE,0.06293357351050105,68.5,822.0,51.73139742563186,Low
3230-JCNZS,0.04349028169669498,99.0,1188.0,51.66645465567363,Low
5049-GLYVG,0.2089964563041112,20.6,247.20000000000002,51.66392399837629,Low
3976-NLDEZ,0.2089964563041112,20.6,247.20000000000002,51.66392399837629,Low
6968-URWQU,0.0763627650667196,56.35,676.2,51.6365017381158,Low
5574-NXZIU,0.03935531563122437,109.2,1310.4,51.57120560315642,Low
1724-IQWNM,0.22242494251270697,19.3,231.60000000000002,51.51361668594294,Low
4745-LSPLO,0.2092557450669042,20.5,246.0,51.476913286458434,Low
0723-VSOBE,0.12535150742877715,34.2,410.40000000000003,51.444258648770145,Low
4654-GGUII,0.10651592359733858,40.2,482.40000000000003,51.383281543356134,Low
2668-TZSPS,0.20938547812732092,20.45,245.39999999999998,51.38319633244455,Low
0673-IGUQO,0.20938547812732092,20.45,245.39999999999998,51.38319633244455,Low
6654-QGBZZ,0.2150501300161273,19.9,238.79999999999998,51.353971047851196,Low
3900-AQPHZ,0.2150501300161273,19.9,238.79999999999998,51.353971047851196,Low
7878-RTCZG,0.2150501300161273,19.9,238.79999999999998,51.353971047851196,Low
9258-CNWAC,0.037632022720791296,113.65,1363.8000000000002,51.322552586615174,Low
3308-MHOOC,0.2226962007936846,19.2,230.39999999999998,51.30920466286493,Low
6579-JPICP,0.20951527030783695,20.4,244.79999999999998,51.28933817135848,Low
6586-PSJOX,0.07739429198381766,55.2,662.4000000000001,51.26597901008082,Low
2746-DIJLO,0.07587918709402881,56.3,675.5999999999999,51.26397880072586,Low
6211-WHMYA,0.0974160070756939,43.85,526.2,51.260302923230135,Low
1135-LMECX,0.21518247786474545,19.85,238.20000000000002,51.25646622738237,Low
3590-TCXTB,0.20964512160897167,20.35,244.20000000000002,51.19533869691089,Low
2292-XQWSV,0.0707410402714253,60.3,723.5999999999999,51.18821674040334,Low
9122-UMROB,0.2097750320312089,20.3,243.60000000000002,51.10119780280249,Low
2676-ISHSF,0.2097750320312089,20.3,243.60000000000002,51.10119780280249,Low
6124-ACRHJ,0.2154473508859166,19.75,237.0,51.061022159962235,Low
3090-QFUVD,0.20942310154126847,20.3,243.60000000000002,51.015467535453006,Low
8203-XJZRC,0.20990500157499623,20.25,243.0,51.00691538272408,Low
4211-MMAZN,0.20990500157499623,20.25,243.0,51.00691538272408,Low
5203-XEHAX,0.0660355908073065,64.35,772.1999999999999,50.992683221402075,Low
4776-XSKYQ,0.14047291277257162,30.25,363.0,50.9916673364435,Low
1423-BMPBQ,0.22363371295522536,19.0,228.0,50.98848655379138,Low
7746-QYVCO,0.07607507235962974,55.85,670.2,50.98551349542385,Low
4786-UKSNZ,0.21003503024074557,20.2,242.39999999999998,50.91249133035672,Low
8048-DSDFQ,0.21003503024074557,20.2,242.39999999999998,50.91249133035672,Low
3247-MHJKM,0.21003503024074557,20.2,242.39999999999998,50.91249133035672,Low
6380-ARCEH,0.21003503024074557,20.2,242.39999999999998,50.91249133035672,Low
0020-JDNXP,0.06922747680096042,61.25,735.0,50.88219544870591,Low
6374-NTQLP,0.04072817007759122,104.1,1249.1999999999998,50.87763006092695,Low
8329-IBCTI,0.2157124603314923,19.65,235.79999999999998,50.86499814616588,Low
7721-DVEKZ,0.2157124603314923,19.65,235.79999999999998,50.86499814616588,Low
0970-QXPXW,0.2157124603314923,19.65,235.79999999999998,50.86499814616588,Low
2700-LUEVA,0.20412274349888063,20.75,249.0,50.82656313122128,Low
1934-SJVJK,0.21016511802883275,20.15,241.79999999999998,50.81792553937176,Low
1066-JKSGK,0.21016511802883275,20.15,241.79999999999998,50.81792553937176,Low
2054-PJOCK,0.05254596185626775,80.55,966.5999999999999,50.7909267302684,Low
5915-DGNVC,0.05890488612694744,71.8,861.5999999999999,50.752449886977914,Low
3148-BLQJT,0.2102952649395977,20.1,241.20000000000002,50.723217903430964,Low
2866-IKBTM,0.21597780619193907,19.55,234.60000000000002,50.66839333262891,Low
8605-ITULD,0.21597780619193907,19.55,234.60000000000002,50.66839333262891,Low
2839-RFSQE,0.20444396687940924,20.65,247.79999999999998,50.66121499271761,Low
3030-ZKIWL,0.2104254709733441,20.05,240.60000000000002,50.628368316186595,Low
7096-UCLNH,0.2104254709733441,20.05,240.60000000000002,50.628368316186595,Low
8749-CLJXC,0.2104254709733441,20.05,240.60000000000002,50.628368316186595,Low
1905-OEILC,0.21611056777459642,19.5,234.0,50.56987285925556,Low
7551-JOHTI,0.21611056777459642,19.5,234.0,50.56987285925556,Low
4877-EVATK,0.21055573613033968,20.0,240.0,50.53337667128152,Low
7698-YFGEZ,0.21055573613033968,20.0,240.0,50.53337667128152,Low
9708-KFDBY,0.2046325888599151,20.55,246.60000000000002,50.462396412855064,Low
4486-EFAEB,0.20608658336568342,20.4,244.79999999999998,50.4499956079193,Low
6286-SUUWT,0.2106860604108162,19.95,239.39999999999998,50.43824286234939,Low
2868-LLSKM,0.050219079184274165,83.65,1003.8000000000001,50.40991168517441,Low
1137-DGOWI,0.05978079365090051,70.25,843.0,50.39520904770913,Low
2542-HYGIQ,0.21033300833806792,19.95,239.39999999999998,50.353722196133454,Low
9818-XQCUV,0.20555965201295193,20.35,244.20000000000002,50.197667021562864,Low
4892-VLANZ,0.21107738799490536,19.8,237.60000000000002,50.151987387589514,Low
8562-GHPPI,0.21072385523265355,19.8,237.60000000000002,50.06798800327849,Low
3930-ZGWVE,0.21120794877089874,19.75,237.0,50.056283858703004,Low
7239-HZZCX,0.21120794877089874,19.75,237.0,50.056283858703004,Low
2342-CKIAO,0.20548230081663463,20.3,243.60000000000002,50.0554884789322,Low
1708-PBBOA,0.07609270412713773,54.75,657.0,49.992906611529484,Low
6615-ZGEDR,0.2113385686709886,19.7,236.39999999999998,49.9604376338217,Low
2710-WYVXG,0.05850530069007513,71.1,853.1999999999999,49.9167225487721,Low
0816-TSPHQ,0.20038325958855954,20.75,249.0,49.895431637551326,Low
7302-ZHMHP,0.2170415535707989,19.15,229.79999999999998,49.876149010569584,Low
3785-NRHYR,0.21146924769518913,19.65,235.79999999999998,49.86444860652559,Low
6141-OOXUQ,0.21146924769518913,19.65,235.79999999999998,49.86444860652559,Low
6569-KTMDU,0.21717478791223832,19.1,229.20000000000002,49.77646138948503,Low
9788-YTFGE,0.20772353933228638,19.95,239.39999999999998,49.72901531614935,Low
1614-JBEBI,0.19999104091910624,20.7,248.39999999999998,49.677774564305984,Low
1029-QFBEN,0.21173078311579835,19.55,234.60000000000002,49.6720417189663,Low
7601-WFVZV,0.21173078311579835,19.55,234.60000000000002,49.6720417189663,Low
8006-PYCSW,0.2059337239663369,20.1,241.20000000000002,49.67121422068047,Low
0635-WKOLD,0.058457424295067235,70.75,849.0,49.630353226512085,Low
2576-HXMPA,0.21137644919929602,19.55,234.60000000000002,49.58891498215485,Low
9570-KYEUA,0.04158328396340647,99.25,1191.0,49.52569120041711,Low
7356-AYNJP,0.1726422147951366,23.9,286.79999999999995,49.51378720324517,Low
5055-BRMNE,0.03866900430203293,106.7,1280.4,49.51179310832297,Low
8393-JMVMB,0.21199255503211406,19.45,233.39999999999998,49.47906234449542,Low
6728-WYQBC,0.19644754559625555,20.95,251.39999999999998,49.38691296289864,Low
5766-ZJYBB,0.21212352967581108,19.4,232.79999999999998,49.382357708528815,Low
4781-ZXYGU,0.20422714363642888,20.15,241.79999999999998,49.3821233312885,Low
1796-JANOW,0.20624227141599522,19.95,239.39999999999998,49.37439977698925,Low
4134-BSXLX,0.0675002060302558,60.9,730.8,49.32915056691094,Low
2220-IAHLS,0.21176871506804043,19.4,232.79999999999998,49.29975686783981,Low
6726-NNFWD,0.04588808706460504,89.45,1073.4,49.25627265514705,Low
8739-QOTTN,0.20165815043074067,20.35,244.20000000000002,49.244920335186876,Low
7375-WMVMT,0.04289340196013375,95.5,1146.0,49.15583864631328,Low
1114-CENIM,0.07440744489640448,55.0,660.0,49.108913631626955,Low
8785-EPNCG,0.17666604947826633,23.15,277.79999999999995,49.07782854506238,Low
3407-QGWLG,0.20394191404360243,20.05,240.60000000000002,49.06842451889075,Low
4195-SMMNX,0.20086107678909745,20.35,244.20000000000002,49.0502749518976,Low
1663-MHLHE,0.21264801948233725,19.2,230.39999999999998,48.9941036887305,Low
5562-YJQGT,0.2006149035036327,20.35,244.20000000000002,48.99015943558711,Low
8295-FHIVV,0.21026285849363063,19.4,232.79999999999998,48.94919345731721,Low
4056-QHXHZ,0.03796242114230878,107.45,1289.4,48.948745820892945,Low
5067-DGXLL,0.20129749280251721,20.25,243.0,48.91529075101168,Low
6447-GORXK,0.16300440930471144,25.0,300.0,48.901322791413435,Low
4541-RMRLG,0.21147640874107293,19.25,231.0,48.85105041918785,Low
9441-QHEVC,0.2129106191203776,19.1,229.20000000000002,48.799113902390545,Low
8348-JLBUG,0.05060846780732094,80.3,963.5999999999999,48.76631957913445,Low
7021-XSNYE,0.08184840015701586,49.65,595.8,48.765276813550045,Low
3214-IYUUQ,0.04335269930617275,93.7,1124.4,48.745775099860644,Low
1015-OWJKI,0.21304200762176922,19.05,228.60000000000002,48.70140294233645,Low
5919-VCZYM,0.202107347859412,20.05,240.60000000000002,48.62702789497453,Low
2308-STERM,0.20885802979368867,19.4,232.79999999999998,48.62214933597072,Low
0188-GWFLE,0.2016570598544904,20.05,240.60000000000002,48.518688600990394,Low
2654-VBVPB,0.2031173500843551,19.9,238.79999999999998,48.504423200144,Low
7614-QVWQL,0.07800262146977129,51.8,621.5999999999999,48.48642950560983,Low
2789-CZANW,0.03663138449039216,110.3,1323.6,48.48530051148306,Low
0883-EIBTI,0.20708582489749844,19.5,234.0,48.458083026014634,Low
9700-ZCLOT,0.20173577525041125,20.0,240.0,48.4165860600987,Low
1051-GEJLJ,0.20688195106007698,19.5,234.0,48.41037654805801,Low
9975-SKRNR,0.2134365278497935,18.9,226.79999999999998,48.40740451633316,Low
7730-CLDSV,0.040889482859054756,98.65,1183.8000000000002,48.404969808549026,Low
2680-XKKNJ,0.069271993793074,58.2,698.4000000000001,48.37956046508289,Low
8150-QUDFX,0.20307034628180237,19.85,238.20000000000002,48.371356484325325,Low
7663-YJHSN,0.03876056095083371,103.95,1247.4,48.349923730069975,Low
0396-HUJBP,0.20826853330554979,19.3,231.60000000000002,48.234992313565336,Low
9770-LXDBK,0.19702327157438904,20.4,244.79999999999998,48.23129688141043,Low
2621-UDNLU,0.19271873763718328,20.85,250.20000000000002,48.21822815682326,Low
3441-CGZJH,0.06645572462798195,60.4,724.8,48.16710921036132,Low
7926-IJOOU,0.207840541542874,19.3,231.60000000000002,48.13586942132962,Low
8317-BVKSO,0.20002600616989794,20.05,240.60000000000002,48.126257084477444,Low
4508-OEBEY,0.053112514291443716,75.5,906.0,48.119937948048005,Low
5730-RIITO,0.11984308903763703,33.45,401.40000000000003,48.105015939707506,Low
7310-EGVHZ,0.198310225238926,20.2,242.39999999999998,48.070398597915656,Low
3936-QQFLL,0.20271122262970137,19.75,237.0,48.042559763239225,Low
8109-YUOHE,0.07128642102804297,56.1,673.2,47.99001863607853,Low
5322-TEUJK,0.03481798132409,114.6,1375.1999999999998,47.881687916888566,Low
3160-TYXLT,0.08611862593513704,46.3,555.5999999999999,47.84750856956213,Low
1937-OTUKY,0.04057333308804687,98.2,1178.4,47.811615710954435,Low
1349-WXNGG,0.19868435218318,20.05,240.60000000000002,47.80345513527311,Low
6869-FGJJC,0.05003845280114279,79.6,955.1999999999999,47.796730115651584,Low
4393-GEADV,0.03464618423923926,114.75,1377.0,47.70779569743246,Low
6394-HHHZM,0.1920387336892762,20.7,248.39999999999998,47.7024214484162,Low
6663-JOCQO,0.052814584974737094,75.25,903.0,47.691570232187594,Low
4404-HIBDJ,0.05345051300884328,74.3,891.5999999999999,47.656477398684665,Low
1386-ZIKUV,0.20949404641872857,18.95,227.39999999999998,47.638946155618875,Low
4237-CLSMM,0.1983203937426477,20.0,240.0,47.59689449823545,Low
9987-LUTYD,0.07191827047683441,55.15,661.8,47.59551140156901,Low
5781-BKHOP,0.03938469280947726,100.65,1207.8000000000002,47.56883197528664,Low
9101-NTIXF,0.20418667290389228,19.4,232.79999999999998,47.53465745202612,Low
6734-CKRSM,0.19805915983561873,20.0,240.0,47.534198360548494,Low
7140-ADSMJ,0.19351459349284272,20.45,245.39999999999998,47.4884812431436,Low
0366-NQSHS,0.2041021392882804,19.35,232.20000000000002,47.39251674273871,Low
0178-CIIKR,0.19790997971319138,19.95,239.39999999999998,47.379649143338014,Low
0137-UDEUO,0.19844774769763202,19.85,238.20000000000002,47.27025350157595,Low
6743-HHQPF,0.15693622087754566,25.1,301.20000000000005,47.26918972831676,Low
3717-OFRTN,0.19943419785514524,19.75,237.0,47.26590489166942,Low
0030-FNXPP,0.1981244252434806,19.85,238.20000000000002,47.19323809299708,Low
4785-NKHCX,0.1960184510050245,20.05,240.60000000000002,47.1620393118089,Low
4328-VUFWD,0.06626381463902799,59.3,711.5999999999999,47.15333049713231,Low
1194-SPVSP,0.19968461814999156,19.65,235.79999999999998,47.085632959768006,Low
3259-QMXUN,0.045508527853396485,86.1,1033.1999999999998,47.019410978129244,Low
8207-DMRVL,0.03420475100850749,114.55,1374.6,47.01785073629439,Low
3847-BAERP,0.18674986239766006,20.9,250.79999999999998,46.83686548933314,Low
1544-JJMYL,0.05625847803548296,69.35,832.1999999999999,46.81830542112891,Low
2364-UFROM,0.05537830074122588,70.4,844.8000000000001,46.783588466187624,Low
6231-WFGFH,0.1901248101269159,20.5,246.0,46.77070329122131,Low
4730-AWNAU,0.06397072142724869,60.7,728.4000000000001,46.59627348760795,Low
3301-VKTGC,0.04538350141393698,85.5,1026.0,46.563472450699344,Low
9541-PWTWO,0.04788428789721682,80.95,971.4000000000001,46.51479726335642,Low
8350-NYMVI,0.09431217606778505,41.1,493.20000000000005,46.51476523663159,Low
7872-RDDLZ,0.07059192432049521,54.9,658.8,46.50595974234224,Low
2200-DSAAL,0.04801045247517376,80.65,967.8000000000001,46.464515905473164,Low
2790-XUYMV,0.045307338156105645,85.45,1025.4,46.458144545270734,Low
9388-ZEYVT,0.08761948271770802,44.15,529.8,46.4208019438417,Low
8792-AOROI,0.059056287729899605,65.5,786.0,46.41824215570109,Low
7508-KBIMB,0.06874919911126087,56.25,675.0,46.40570940010109,Low
3941-XTSKM,0.08563149688897917,45.1,541.2,46.34376611631553,Low
6776-TLWOI,0.19449885520286467,19.85,238.20000000000002,46.32962730932237,Low
7696-AMHOD,0.049455915118011194,78.0,936.0,46.290736550458476,Low
1301-LOPVR,0.06956905862635962,55.35,664.2,46.207768739628065,Low
2408-PSJVE,0.06217918772678515,61.9,742.8,46.18670064345601,Low
8016-ZMGMO,0.05427765820878874,70.85,850.1999999999999,46.14686500911218,Low
5687-DKDTV,0.1888355676139347,20.35,244.20000000000002,46.11364561132285,Low
7951-VRDVK,0.0447516320885722,85.85,1030.1999999999998,46.10313137764707,Low
1097-FSPVW,0.07040260763238318,54.55,654.5999999999999,46.085546956158026,Low
1385-TQOZW,0.18778061988691597,20.45,245.39999999999998,46.08136412024918,Low
7017-VFULY,0.19096728910484878,20.1,241.20000000000002,46.06131013208953,Low
9931-KGHOA,0.06973385113785785,55.0,660.0,46.02434175098618,Low
9555-SAHUZ,0.07027924221487739,54.5,654.0,45.96262440852981,Low
3800-LYTRK,0.06862508025230796,55.7,668.4000000000001,45.869003640642646,Low
4397-FRLTA,0.18965967772819403,20.15,241.79999999999998,45.85971007467732,Low
2303-PJYHN,0.19201155410798704,19.85,238.20000000000002,45.737152188522515,Low
9367-OIUXP,0.18394663266966568,20.7,248.39999999999998,45.69234355514495,Low
1336-EZFZY,0.18984819542157677,20.05,240.60000000000002,45.677475818431375,Low
3417-TSCIC,0.1531119930212273,24.85,298.20000000000005,45.65799631892999,Low
1784-BXEFA,0.18479459716975807,20.55,246.60000000000002,45.570347662062346,Low
9512-PHSMG,0.18439085627088164,20.55,246.60000000000002,45.470785156399415,Low
6937-GCDGQ,0.07739469703369771,48.95,587.4000000000001,45.46164503759404,Low
9618-LFJRU,0.18468566968307565,20.45,245.39999999999998,45.32186334022676,Low
3806-YAZOV,0.2007451384556488,18.8,225.60000000000002,45.28810323559438,Low
3410-YOQBQ,0.04759580610337657,79.2,950.4000000000001,45.235054120649096,Low
7266-GSSJX,0.18428437643113751,20.45,245.39999999999998,45.22338597620114,Low
7874-ECPQJ,0.18793652445562004,20.05,240.60000000000002,45.21752778402219,Low
8466-PZBLH,0.03597881325604055,104.6,1255.1999999999998,45.16060639898209,Low
6806-YDEUL,0.19290720084122875,19.5,234.0,45.14028499684753,Low
0840-DCNZE,0.04319436489008731,86.95,1043.4,45.0690003263171,Low
7136-RVDTZ,0.08298892940810527,45.25,543.0,45.062988668601164,Low
1729-VLAZJ,0.0929375123512119,40.25,483.0,44.88881846563535,Low
8313-AFGBW,0.050810612518084886,73.6,883.1999999999999,44.87593297597257,Low
8044-BGWPI,0.17661281556454778,21.15,253.79999999999998,44.824332590282225,Low
9426-SXNHE,0.19844229675351924,18.75,225.0,44.649516769541826,Low
4936-YPJNK,0.18693563102044503,19.9,238.79999999999998,44.64022868768227,Low
3981-QSVQI,0.1887610386331621,19.7,236.39999999999998,44.62310953287952,Low
0278-YXOOG,0.17644715201253505,21.05,252.60000000000002,44.57055059836636,Low
4860-YZGZM,0.18559700032401005,20.0,240.0,44.54328007776241,Low
8659-IOOPU,0.03692896548906173,100.45,1205.4,44.51417500051501,Low
9986-BONCE,0.17698965163678046,20.95,251.39999999999998,44.495198421486606,Low
7838-LAZFO,0.04697883511507854,78.8,945.5999999999999,44.42318648481827,Low
7707-PYBBH,0.05975826448789948,61.9,742.8,44.38843886161173,Low
3082-YVEKW,0.04794018857103843,77.15,925.8000000000001,44.38302657906738,Low
7721-JXEAW,0.08991626387098263,41.05,492.59999999999997,44.29275158284604,Low
5555-RNPGT,0.14870500008083265,24.8,297.6,44.2546080240558,Low
7816-VGHTO,0.09093478850152237,40.55,486.59999999999997,44.24886808484078,Low
6941-KXRRV,0.06254154362316239,58.95,707.4000000000001,44.24188795902508,Low
2040-XBAVJ,0.03220809031637345,114.45,1373.4,44.2345912405073,Low
4558-CGYCZ,0.18648469759425434,19.75,237.0,44.19687332983828,Low
5702-SKUOB,0.18791112068694538,19.6,235.20000000000002,44.19669558556956,Low
5202-IVJNU,0.12235426123654614,30.1,361.20000000000005,44.19435915864047,Low
3969-JQABI,0.05642225651393808,65.25,783.0,44.178626850413515,Low
3977-QCRSL,0.1824729812140118,20.15,241.79999999999998,44.121966857548045,Low
5149-QYTTU,0.03862560702779877,95.15,1141.8000000000002,44.10271810434064,Low
9025-ZRPVR,0.19363288077227742,18.95,227.39999999999998,44.03211708761588,Low
9308-ANMVE,0.06604803132740877,55.3,663.5999999999999,43.82947358886845,Low
8383-SGHJU,0.06145357906670104,59.4,712.8,43.8041111587445,Low
7710-JSYOA,0.03910162532762715,93.3,1119.6,43.77817971681135,Low
8410-BGQXN,0.18804996996963982,19.4,232.79999999999998,43.77803300893215,Low
3363-EWLGO,0.1825632113936455,19.95,239.39999999999998,43.70563280763873,Low
8208-EUMTE,0.06624099388553194,54.85,658.2,43.59982217545713,Low
0197-PNKNK,0.043019379306096714,84.45,1013.4000000000001,43.59583898879841,Low
5753-QQWPW,0.06064081441601939,59.9,718.8,43.58861740223473,Low
3675-YDUPJ,0.18294867269322423,19.85,238.20000000000002,43.578373835526016,Low
2664-XJZNO,0.034594396839967505,104.9,1258.8000000000002,43.5474267421511,Low
1925-GMVBW,0.1764991636863862,20.55,246.60000000000002,43.52469376506284,Low
1530-ZTDOZ,0.0892133419420199,40.65,487.79999999999995,43.5182681993173,Low
5696-CEIQJ,0.035122117150618554,103.15,1237.8000000000002,43.47415660903565,Low
4365-MSDYN,0.18526447264430276,19.55,234.60000000000002,43.463045282353434,Low
6968-MHOMU,0.08041528837096582,45.0,540.0,43.42425572032154,Low
9199-PWQVC,0.04536352977271595,79.7,956.4000000000001,43.385679874625545,Low
0458-HEUZG,0.10198627939201309,35.4,424.79999999999995,43.32377148572716,Low
2439-QKJUL,0.17812924990067913,20.25,243.0,43.28540772586503,Low
4717-GHADL,0.04531399981687815,79.6,955.1999999999999,43.283932625082,Low
6621-YOBKI,0.17712234980752226,20.35,244.20000000000002,43.253277822996935,Low
2245-ADZFJ,0.04473360412294976,80.55,966.5999999999999,43.23950174524323,Low
8883-ANODQ,0.04268383745205471,84.4,1012.8000000000001,43.230190571441014,Low
9074-KGVOX,0.09122754609434891,39.45,473.40000000000003,43.187120321064775,Low
5533-RJFTJ,0.11916111255562206,30.2,362.4,43.18398719015743,Low
2546-KZAAT,0.047693369560569104,75.4,904.8000000000001,43.15296077840293,Low
4906-ZHGPK,0.05085844910424997,70.7,848.4000000000001,43.14830822004568,Low
1641-BYBTK,0.17789699767833012,20.2,242.39999999999998,43.122232237227216,Low
9742-XOKTS,0.040119738176629886,89.55,1074.6,43.112670644606474,Low
3645-DEYGF,0.17309028581758953,20.75,249.0,43.09948116857979,Low
8670-MEFCP,0.03857162461033125,92.9,1114.8000000000002,42.999647115597284,Low
7576-ASEJU,0.04793869443023193,74.7,896.4000000000001,42.97224568725991,Low
1125-SNVCK,0.08174553464516925,43.8,525.5999999999999,42.96545300950095,Low
7808-DVWEP,0.1789866622914212,20.0,240.0,42.95679894994109,Low
9027-TMATR,0.045414625489387794,78.8,945.5999999999999,42.9440698627651,Low
5222-JCXZT,0.1883391180300104,19.0,228.0,42.94131891084238,Low
8439-LTUGF,0.17879133700465677,20.0,240.0,42.90992088111763,Low
7234-KMNRQ,0.18808055553394332,19.0,228.0,42.88236666173908,Low
3803-KMQFW,0.17386567688739343,20.55,246.60000000000002,42.87527592043122,Low
2928-HLDBA,0.1725109277250265,20.7,248.39999999999998,42.85171444689658,Low
5294-CDGWY,0.06020067016410404,59.3,711.5999999999999,42.83879688877643,Low
6377-KSLXC,0.1787071460133627,19.95,239.39999999999998,42.78249075559903,Low
8639-NHQEI,0.03712128847765965,95.9,1150.8000000000002,42.71917878009073,Low
0320-DWVTU,0.035762718798030675,99.5,1194.0,42.700686244848626,Low
1140-UKVZG,0.14326034283026448,24.8,297.6,42.634278026286715,Low
0980-FEXWF,0.07048740690076569,50.35,604.2,42.58849124944263,Low
8097-VBQTZ,0.050747657729131264,69.9,838.8000000000001,42.56713530319531,Low
4140-WJAWW,0.17867558727221838,19.85,238.20000000000002,42.56052488824242,Low
0930-EHUZA,0.04639711311749705,76.35,916.1999999999999,42.50903503825079,Low
6339-TBELP,0.04091538818522645,86.4,1036.8000000000002,42.42107447044279,Low
9754-CLVZW,0.0909853840651386,38.85,466.20000000000005,42.417386051167625,Low
1866-NXPSP,0.046719082994091034,75.55,906.5999999999999,42.355520642442926,Low
5975-BAICR,0.05525923695027348,63.7,764.4000000000001,42.24016072478906,Low
5850-BDWCY,0.1741412722312594,20.2,242.39999999999998,42.21184438885727,Low
2933-XEUJM,0.04431662967906657,79.2,950.4000000000001,42.11852484698487,Low
9962-BFPDU,0.17499446446487107,20.05,240.60000000000002,42.103668150247984,Low
5382-TEMLV,0.06892502738067019,50.9,610.8,42.09940672411335,Low
5777-KJIRB,0.06978315803786828,50.25,603.0,42.079244296834574,Low
3831-YCPUO,0.03201283809346397,109.5,1314.0,42.064869254811654,Low
0661-WCQNQ,0.06230988942603064,56.25,675.0,42.059175362570684,Low
8690-UPCZI,0.05072792641237628,69.05,828.5999999999999,42.03315982529498,Low
2812-SFXMJ,0.17466663909157304,20.05,240.60000000000002,42.02479336543248,Low
9777-IQHWP,0.03748715987021117,93.4,1120.8000000000002,42.01560878253269,Low
7706-DZNKK,0.1711383569253205,20.45,245.39999999999998,41.997352789473645,Low
9200-NLNPD,0.0647296873036691,54.05,648.5999999999999,41.98367518515977,Low
2159-TURXX,0.17397868554632695,20.05,240.60000000000002,41.85927174244627,Low
6490-FGZAT,0.16889630331180275,20.65,247.79999999999998,41.85250396066472,Low
9715-SBVSU,0.05671283093650695,61.4,736.8,41.78601383401831,Low
6972-SNKKW,0.17395591301752322,20.0,240.0,41.74941912420557,Low
4291-HPAXL,0.17511909940757986,19.85,238.20000000000002,41.713369478885525,Low
5307-UVGNB,0.07135060149768295,48.7,584.4000000000001,41.69729151524592,Low
6849-WLEYG,0.17534567555272634,19.75,237.0,41.55692510599614,Low
8883-GRDWQ,0.064124821708895,54.0,648.0,41.55288446736396,Low
5062-CJJKH,0.06439438204030874,53.65,643.8,41.45710315755077,Low
6670-MFRPK,0.04360957698611013,79.2,950.4000000000001,41.44654196759907,Low
8166-ZZTFS,0.04287546528609718,80.55,966.5999999999999,41.443424745541535,Low
0181-RITDD,0.031796806584442006,108.15,1297.8000000000002,41.26589558528884,Low
5944-UGLLK,0.06263424552917078,54.9,658.8,41.26344095461771,Low
0927-CNGRH,0.17579952018718567,19.55,234.60000000000002,41.24256743591376,Low
4903-UYAVB,0.1776093625123113,19.35,232.20000000000002,41.24089397535869,Low
0114-RSRRW,0.17226725654600988,19.95,239.39999999999998,41.240781217114765,Low
7472-EQOAV,0.039632703586955705,86.7,1040.4,41.23386481186872,Low
3530-CRZSB,0.1663689842604986,20.65,247.79999999999998,41.226234299751546,Low
3675-EQOZA,0.16621554171801134,20.65,247.79999999999998,41.18821123772321,Low
6682-QJDGB,0.06208556234945482,55.25,663.0,41.16272783768855,Low
4760-XOHVN,0.17635662152777523,19.45,233.39999999999998,41.16163546458274,Low
4139-JPIAM,0.07696494892785177,44.45,533.4000000000001,41.053103758116144,Low
9837-FWLCH,0.17812383631837525,19.2,230.39999999999998,41.03973188775365,Low
9092-GDZKO,0.13753083327755855,24.85,298.20000000000005,41.01169448336797,Low
5515-IDEJJ,0.17171138332215563,19.9,238.79999999999998,41.00467833733076,Low
5236-XMZJY,0.0570441162130536,59.65,715.8,40.83217838530376,Low
2410-CIYFZ,0.16669219429622154,20.4,244.79999999999998,40.80624916371503,Low
7037-MTYVW,0.03978672801357347,85.4,1024.8000000000002,40.7734388683101,Low
5510-BOIUJ,0.1764820190964012,19.25,231.0,40.76734641126868,Low
5020-ZSTTY,0.04117744407920175,82.45,989.4000000000001,40.740963171962214,Low
6671-NGWON,0.1668063988404721,20.35,244.20000000000002,40.73412259684329,Low
8680-CGLTP,0.05775445072777549,58.75,705.0,40.71688776308172,Low
0247-SLUJI,0.17215778512380672,19.7,236.39999999999998,40.69810040326791,Low
5701-GUXDC,0.09576544133908421,35.4,424.79999999999995,40.68115948084297,Low
0842-IWYCP,0.07530519806797296,44.95,539.4000000000001,40.61962383786462,Low
9970-QBCDA,0.1716301729259114,19.7,236.39999999999998,40.57337287968545,Low
1036-GUDCL,0.042761616962638624,79.05,948.5999999999999,40.56366985075899,Low
8809-XKHMD,0.03354696844211107,100.55,1206.6,40.47777212225122,Low
5716-EZXZN,0.034029690989641356,99.05,1188.6,40.447690710287716,Low
1383-EZRWL,0.16809191414358954,20.05,240.60000000000002,40.44291454294765,Low
6371-NZYEG,0.0524189029731032,64.25,771.0,40.41497419226257,Low
5641-DMBFJ,0.03991906278375681,84.3,1011.5999999999999,40.382123912048385,Low
0750-EKNGL,0.162051890464396,20.75,249.0,40.3509207256346,Low
3026-ATZYV,0.04464605807284671,75.1,901.1999999999999,40.23502753524945,Low
2984-TBYKU,0.031956286061315384,104.9,1258.8000000000002,40.226572893983814,Low
3315-IKYZQ,0.06595950227826206,50.8,609.5999999999999,40.20891258882854,Low
4973-RLZVI,0.044866484541486035,74.65,895.8000000000001,40.191396852263196,Low
6171-ZTVYB,0.05049473439644776,66.25,795.0,40.143313845175975,Low
8035-BUYVG,0.07892492857106036,42.35,508.20000000000005,40.10964869981288,Low
6434-TTGJP,0.06223773299980354,53.7,644.4000000000001,40.10599514507341,Low
4513-CXYIX,0.0414023985757358,80.7,968.4000000000001,40.09408278074255,Low
6131-JLWZM,0.1643249361688931,20.3,243.60000000000002,40.02955445074236,Low
8630-QSGXK,0.044352654559913766,75.2,902.4000000000001,40.02383547486619,Low
3373-YZZYM,0.17327781024660618,19.2,230.39999999999998,39.923207480818064,Low
1755-RMCXH,0.16362932378050304,20.3,243.60000000000002,39.860103272930544,Low
2316-ESMLS,0.10003424455792802,33.15,397.79999999999995,39.793622485143764,Low
9796-MVYXX,0.08332932473732436,39.7,476.40000000000003,39.69809030486133,Low
0074-HDKDG,0.053696626088297936,61.6,739.2,39.69254600446984,Low
7764-BDPEE,0.15858656973017674,20.85,250.20000000000002,39.67835974649022,Low
9146-JRIOX,0.12871358575487868,25.55,306.6,39.46358539244581,Low
1661-CZBAU,0.046299190271144375,70.95,851.4000000000001,39.41913059685233,Low
7492-TAFJD,0.08517244338173213,38.55,462.59999999999997,39.40077230838928,Low
2453-SAFNS,0.04547591848565098,72.1,865.1999999999999,39.345764673785226,Low
7968-QUXNS,0.17278356975829035,18.95,227.39999999999998,39.29098376303522,Low
3156-QLHBO,0.16949986603401196,19.25,231.0,39.154469053856765,Low
3285-UCQVC,0.11402798537439014,28.6,343.20000000000005,39.1344045804907,Low
2320-YKQBO,0.16890614888163744,19.3,231.60000000000002,39.11866408098724,Low
2887-JPYLU,0.07210684327166438,45.2,542.4000000000001,39.110751790550765,Low
1599-MMYRQ,0.039930266719408254,81.45,977.4000000000001,39.02784269154963,Low
1053-MXTTK,0.029880965738117205,108.65,1303.8000000000002,38.958803129357214,Low
7787-BNTZM,0.16096469862849092,20.15,241.79999999999998,38.9212641283691,Low
6194-HBGQN,0.039948598128667925,81.15,973.8000000000001,38.901944857696826,Low
3256-EZDBI,0.10997437558285832,29.45,353.4,38.86494433098213,Low
1452-UZOSF,0.030507774801945508,106.1,1273.1999999999998,38.842498877837016,Low
4369-NYSCF,0.042695362851490726,75.75,909.0,38.81008483200507,Low
4797-MIWUM,0.1596596046529351,20.25,243.0,38.797283930663234,Low
1099-BTKWT,0.059309772515119076,54.4,652.8,38.71741949786973,Low
5499-ECUTN,0.048807023824232854,66.05,792.5999999999999,38.68444708308696,Low
3506-LCJDC,0.16158182707068064,19.95,239.39999999999998,38.68268940072094,Low
6112-KTHFQ,0.16670035778228645,19.3,231.60000000000002,38.60780286237755,Low
4115-BNPJY,0.042499341918817775,75.55,906.5999999999999,38.52990338360019,Low
6519-ZHPXP,0.029623894090613796,108.3,1299.6,38.49921276016168,Low
0983-TATYJ,0.062350024558255474,51.45,617.4000000000001,38.49490516226693,Low
3392-EHMNK,0.034069185266630775,94.1,1129.1999999999998,38.47092400307947,Low
7521-YXVZY,0.16041772497244572,19.95,239.39999999999998,38.4040033584035,Low
5161-UBZXI,0.030085644307427845,106.35,1276.1999999999998,38.395299265139414,Low
4072-IPYLT,0.06248519149397073,51.05,612.5999999999999,38.27842830920646,Low
1303-SRDOK,0.04618531221597456,69.05,828.5999999999999,38.26914970215651,Low
9207-ZPANB,0.047235958270809814,67.45,809.4000000000001,38.23278462439347,Low
8053-WWDRO,0.16335184758300986,19.5,234.0,38.224332334424304,Low
1465-WCZVT,0.16147082848987473,19.65,235.79999999999998,38.07482135791246,Low
1298-PHBTI,0.03727798755598308,84.8,1017.5999999999999,37.934080136968376,Low
4895-TMWIR,0.1583962926312166,19.95,239.39999999999998,37.92007245591325,Low
7219-TLZHO,0.15140071554002765,20.85,250.20000000000002,37.88045902811492,Low
3621-CHYVB,0.06321365849326636,49.9,598.8,37.8523387057679,Low
0866-QLSIR,0.04890813723512937,64.4,772.8000000000001,37.79620845530798,Low
6674-KVJHG,0.12489491585892107,25.2,302.4,37.76822255573773,Low
4106-HADHQ,0.03933539646769014,80.0,960.0,37.76198060898253,Low
1735-XMJVH,0.16261382414364772,19.35,232.20000000000002,37.758929966155,Low
1009-IRMNA,0.15722156731401196,20.0,240.0,37.73317615536287,Low
4830-FAXFM,0.13035776706362304,24.1,289.20000000000005,37.699466234799786,Low
5724-BIDBU,0.05671166698569179,55.35,664.2,37.667889211896494,Low
7785-RDVIG,0.16197896213058752,19.3,231.60000000000002,37.514327629444075,Low
0254-KCJGT,0.038353405663179775,81.4,976.8000000000001,37.46360665179401,Low
9929-PLVPA,0.1530279670637752,20.4,244.79999999999998,37.46124633721217,Low
1402-PTHGN,0.05073934686522434,61.5,738.0,37.445637986535566,Low
0031-PVLZI,0.15297097836950108,20.35,244.20000000000002,37.355512917832165,Low
2483-XSSMZ,0.06503061484536629,47.85,574.2,37.34057904420933,Low
6979-TNDEU,0.16165691354960923,19.2,230.39999999999998,37.245752881829965,Low
1702-CCFNJ,0.05058240487352633,61.35,736.2,37.23876646789009,Low
1042-HFUCW,0.056671190432451654,54.75,657.0,37.232972114120734,Low
5345-BMKWB,0.15309564112115326,20.25,243.0,37.20224079244024,Low
6278-FEPBZ,0.15297111152956214,20.25,243.0,37.1719801016836,Low
7100-FQPRV,0.043046172360235085,71.9,862.8000000000001,37.140237512410835,Low
1247-QBVSH,0.061619703992268376,50.2,602.4000000000001,37.11970968494248,Low
5688-KZTSN,0.1544382594956529,20.0,240.0,37.0651822789567,Low
0253-ZTEOB,0.03872384010961815,79.65,955.8000000000001,37.01224637677303,Low
6469-MRVET,0.15234585247523097,20.2,242.39999999999998,36.928634639995984,Low
1904-WAJAA,0.0478077573127915,64.35,772.1999999999999,36.91715019693759,Low
5204-HMGYF,0.03524062131779584,87.2,1046.4,36.87578614694157,Low
3893-JRNFS,0.07691664476087809,39.9,478.79999999999995,36.827689511508424,Low
6463-HHXJR,0.030510201303540332,100.5,1206.0,36.79530277206964,Low
0117-LFRMW,0.07607619516638629,40.2,482.40000000000003,36.69915654826475,Low
3841-NFECX,0.0316354792243445,96.35,1156.1999999999998,36.57694107918711,Low
3397-AVTKU,0.05078456971788662,60.0,720.0,36.564890196878366,Low
6286-ZHAOK,0.11918554872954931,25.55,306.6,36.542289240479825,Low
4568-TTZRT,0.1492498130021523,20.4,244.79999999999998,36.536354222926875,Low
8570-KLJYJ,0.05581965438195464,54.45,653.4000000000001,36.472562173169166,Low
1474-JUWSM,0.04436220891989736,68.4,820.8000000000001,36.41250108145176,Low
3039-MJSLN,0.15011670417379974,20.2,242.39999999999998,36.38828909172906,Low
4083-EUGRJ,0.14942429059267034,20.25,243.0,36.310102614018895,Low
4135-FRWKJ,0.039660590163465154,76.25,915.0,36.28943999957062,Low
6416-JNVRK,0.05417304539371726,55.65,667.8,36.17675971392438,Low
9546-KDTRB,0.12156887021246869,24.7,296.4,36.03301313097572,Low
9194-GFVOI,0.03550560349965471,84.35,1012.1999999999999,35.93877186235049,Low
0310-VQXAM,0.15025080104593316,19.85,238.20000000000002,35.78974080914128,Low
0022-TCJCI,0.047392548483517975,62.7,752.4000000000001,35.658153478998926,Low
9174-IHETN,0.04221358355729083,70.35,844.1999999999999,35.63670723906492,Low
7845-URHJN,0.14723040359387132,20.15,241.79999999999998,35.60031158899808,Low
6352-GIGGQ,0.033317144725287746,88.8,1065.6,35.50274941926662,Low
0248-PGHBZ,0.03197848781066632,92.45,1109.4,35.47693437715321,Low
7191-ADRGF,0.05435023447056087,54.3,651.5999999999999,35.41461278101746,Low
4385-ZKVNW,0.05371973282784079,54.9,658.8,35.39055998698151,Low
9294-TDIPC,0.1459271815447633,20.2,242.39999999999998,35.37274880645062,Low
5327-XOKKY,0.04007232763825052,73.45,881.4000000000001,35.319749580354014,Low
4664-NJCMS,0.04942446754802148,59.55,714.5999999999999,35.31872450981615,Low
2791-SFVEW,0.14605107570137973,20.15,241.79999999999998,35.31515010459362,Low
1991-VOPLL,0.15431510875956012,19.05,228.60000000000002,35.27643386243545,Low
2639-UGMAZ,0.05206441499219119,56.45,677.4000000000001,35.26843471571031,Low
4957-TIALW,0.044767629027149765,65.6,787.1999999999999,35.241077570172294,Low
9364-YKUVW,0.1481990908441438,19.8,237.60000000000002,35.212103984568564,Low
2739-CCZMB,0.14370942332267253,20.35,244.20000000000002,35.09384117539663,Low
9330-DHBFL,0.044065112842423745,66.25,795.0,35.03176470972688,Low
1452-XRSJV,0.057113774189395033,51.05,612.5999999999999,34.98789806842339,Low
7094-MSZAO,0.1452052108669114,20.05,240.60000000000002,34.936373734578886,Low
5396-IZEPB,0.14716220557264248,19.7,236.39999999999998,34.78914539737268,Low
9575-IWCAZ,0.11514069410811092,25.1,301.20000000000005,34.68037706536302,Low
7841-FCRQD,0.05376484517710358,53.75,645.0,34.67832513923181,Low
0620-XEFWH,0.15312091047045587,18.85,226.20000000000002,34.63594994841712,Low
0853-TWRVK,0.027309360993207812,105.6,1267.1999999999998,34.606422250592935,Low
9705-ZJBCG,0.053135681158980354,54.15,649.8,34.52756561710543,Low
3648-GZPHF,0.07935779964793836,36.25,435.0,34.520642846853185,Low
8871-JLMHM,0.031872639774165226,90.2,1082.4,34.498945291556446,Low
7758-UJWYS,0.07073085720018733,40.55,486.59999999999997,34.417635113611155,Low
2877-VDUER,0.06986910963302519,40.9,490.79999999999995,34.29175900788876,Low
0679-TDGAK,0.0377825235581092,75.5,906.0,34.23096634364694,Low
7753-USQYQ,0.04442890117594733,64.2,770.4000000000001,34.22802546594983,Low
1063-DHQJF,0.030739621008436975,92.15,1105.8000000000002,33.99187291112961,Low
4445-KWOKW,0.04703521967874577,60.15,721.8,33.95002156411869,Low
0787-LHDYT,0.13701055711437912,20.6,247.20000000000002,33.86900971867452,Low
4182-BGSIQ,0.14246130411639188,19.8,237.60000000000002,33.84880585805471,Low
8777-PVYGU,0.04381947916367106,64.3,771.5999999999999,33.81111012268858,Low
1257-SXUXQ,0.14464999005801177,19.45,233.39999999999998,33.76130767953995,Low
7740-KKCXF,0.09360669268773629,30.05,360.6,33.75457338319771,Low
7727-SHVZV,0.1439594328440152,19.5,234.0,33.68650728549955,Low
2332-EFBJY,0.14248572186598565,19.7,236.39999999999998,33.683624649119004,Low
2057-BOYKM,0.02905277190409046,96.6,1159.1999999999998,33.67797319122165,Low
0487-CRLZF,0.03768080163779687,74.45,893.4000000000001,33.664028183207726,Low
0380-ZCSBI,0.14014495407635857,20.0,240.0,33.63478897832606,Low
0014-BMAQU,0.033100606561265775,84.65,1015.8000000000001,33.62359614493378,Low
6164-HXUGH,0.1411407572881782,19.85,238.20000000000002,33.61972838604405,Low
4578-PHJYZ,0.04073688224678149,68.75,825.0,33.60792785359473,Low
8944-AILEF,0.14383311290854472,19.45,233.39999999999998,33.57064855285434,Low
7109-CQYUZ,0.03130764723432784,89.25,1071.0,33.53049018796512,Low
0942-KOWSM,0.03457609054642222,80.8,969.5999999999999,33.52497739381098,Low
9297-FVVDH,0.03298670550202843,84.5,1014.0,33.448519379056826,Low
4946-EDSEW,0.14467627713037098,19.25,231.0,33.420220017115696,Low
2428-ZMCTB,0.1409860511388371,19.75,237.0,33.41369411990439,Low
7570-WELNY,0.032873920932167566,84.7,1016.4000000000001,33.413053235455116,Low
3077-RSNTJ,0.14121316145251822,19.7,236.39999999999998,33.382791367375305,Low
5863-OOKCL,0.147533982339568,18.85,226.20000000000002,33.37218680521028,Low
9932-WBWIK,0.1364607841123474,20.35,244.20000000000002,33.32372348023524,Low
7623-HKYRK,0.14086827199119278,19.7,236.39999999999998,33.30125949871797,Low
7801-CEDNV,0.05697230647021884,48.7,584.4000000000001,33.2946159011959,Low
1345-GKDZZ,0.14179804080476135,19.55,234.60000000000002,33.265820372797016,Low
3012-VFFMN,0.13421760841905636,20.65,247.79999999999998,33.259123366242164,Low
4139-SUGLD,0.07828553171183894,35.4,424.79999999999995,33.25569387118918,Low
9931-DCEZH,0.05080372646724162,54.4,652.8,33.16467263781533,Low
4719-UMSIY,0.1405613129338654,19.65,235.79999999999998,33.14435758980546,Low
2371-JUNGC,0.1363839163504075,20.25,243.0,33.14129167314902,Low
3340-QBBFM,0.0508828476701267,54.1,649.2,33.033144707446255,Low
5774-XZTQC,0.1342933114800731,20.45,245.39999999999998,32.95557863720993,Low
7812-FZHPE,0.11394059335824577,24.1,289.20000000000005,32.95161959920468,Low
1539-LNKHM,0.13441895061933182,20.4,244.79999999999998,32.905759111612426,Low
4598-ZADCK,0.051109857817142876,53.6,643.2,32.8738605479863,Low
1984-GPTEH,0.10852937278133204,25.15,301.79999999999995,32.754164705406005,Low
6838-HVLXG,0.13388690095674677,20.3,243.60000000000002,32.61484907306352,Low
3724-UCSHY,0.13881160520750987,19.55,234.60000000000002,32.56520258168182,Low
7322-OCWHC,0.02913148704137594,93.05,1116.6,32.52821843040037,Low
4163-KIUHY,0.10584040356348148,25.6,307.20000000000005,32.51417197470152,Low
7777-UNYHB,0.13474672556924197,20.1,241.20000000000002,32.50091020730117,Low
2321-OMBXY,0.03363507743730818,80.3,963.5999999999999,32.41076061859016,Low
4020-KIUDI,0.13558831139818986,19.85,238.20000000000002,32.29713577504883,Low
3752-CQSJI,0.13137935828148528,20.45,245.39999999999998,32.240494522276485,Low
9256-JTBNZ,0.13221970808425365,20.3,243.60000000000002,32.20872088932419,Low
9367-TCUYN,0.1334265838074097,20.1,241.20000000000002,32.182492014347226,Low
8942-DBMHZ,0.13101720194654823,20.45,245.39999999999998,32.151621357682934,Low
2634-HCZGT,0.04461596493351004,60.05,720.5999999999999,32.15026433108733,Low
2599-CIPQE,0.02447715034171385,109.3,1311.6,32.10423038819189,Low
4732-RRJZC,0.13152155217868783,20.25,243.0,31.959737179421143,Low
1322-AGOQM,0.0876338653175227,30.3,363.6,31.863673429451254,Low
5756-OZRIO,0.041432793761639955,64.05,768.5999999999999,31.845245285196466,Low
3011-WQKSZ,0.13229610709266737,20.0,240.0,31.75106570224017,Low
6202-JVYEU,0.13285893854098413,19.9,238.79999999999998,31.726714523587006,Low
7691-KGKGP,0.04063123839703309,65.0,780.0,31.692365949685808,Low
3658-QQJYD,0.03554288054719279,74.3,891.5999999999999,31.69003229587709,Low
1563-IWQEX,0.13405055406970845,19.7,236.39999999999998,31.689550982079073,Low
8608-OZTLB,0.035657407389783055,74.05,888.5999999999999,31.68517220656122,Low
4174-LPGTI,0.03966500616227541,66.5,798.0,31.652674917495776,Low
2717-HVIZY,0.13147379853440042,20.05,240.60000000000002,31.632595927376745,Low
3750-RNQKR,0.13545425230976268,19.45,233.39999999999998,31.615022489098607,Low
4694-PHWFW,0.1319158267666895,19.95,239.39999999999998,31.580648927945465,Low
5791-KAJFD,0.03825715134548031,68.75,825.0,31.562149860021254,Low
8788-DOXSU,0.042782420069282595,61.35,736.2,31.49641765500585,Low
6252-DFGTK,0.03853644284280081,68.1,817.1999999999999,31.49198109113682,Low
8904-OPDCK,0.1049774982768087,24.95,299.4,31.430262984076524,Low
6867-ACCZI,0.04984968167825058,52.5,630.0,31.405299457297865,Low
1850-AKQEP,0.12860382947911225,20.35,244.20000000000002,31.405055158799215,Low
6075-QMNRR,0.05260031423203896,49.75,597.0,31.40238759652726,Low
2055-BFOCC,0.031129126862804377,84.0,1008.0,31.37815987770681,Low
1237-WIYYZ,0.13374099008495968,19.55,234.60000000000002,31.375636273931544,Low
3585-YNADK,0.03503430598815442,74.6,895.1999999999999,31.362710720595835,Low
1179-INLAT,0.13432986258155313,19.45,233.39999999999998,31.3525899265345,Low
6161-ERDGD,0.030547654746441475,85.45,1025.4,31.32356517700109,Low
7619-PLRLP,0.035194880966016785,74.1,889.1999999999999,31.295288154982124,Low
1642-HMARX,0.028408889860152723,91.7,1100.4,31.26114240211206,Low
9224-VTYID,0.028745574682119662,90.5,1086.0,31.217694104781952,Low
5061-PBXFW,0.042369163497941814,61.4,736.8,31.217599665283526,Low
2586-CWXVV,0.0853962663639642,30.4,364.79999999999995,31.152557969574136,Low
1045-LTCYT,0.12327665225358468,21.05,252.60000000000002,31.13968235925549,Low
8582-KRHPJ,0.07409499603604784,35.0,420.0,31.119898335140093,Low
5668-MEISB,0.02438013937406123,106.1,1273.1999999999998,31.040793451054753,Low
3133-PZNSR,0.02646180164176639,97.75,1173.0,31.039693325791976,Low
5539-HIVAK,0.10064526253798947,25.7,308.4,31.03899896671595,Low
7531-GQHME,0.1289976865412909,20.05,240.60000000000002,31.036843381834593,Low
6478-HRRCZ,0.036666690380396494,70.5,846.0,31.020020061815433,Low
7639-LIAYI,0.032376365322315595,79.75,957.0,30.984181613456023,Low
5844-QVTAT,0.04405601121702495,58.45,701.4000000000001,30.900886267621306,Low
9225-BZLNZ,0.03020120643275792,85.25,1023.0,30.895834180711354,Low
1431-AIDJQ,0.03132230654829873,82.1,985.1999999999999,30.858736411383905,Low
0594-UFTUL,0.12951390101686586,19.85,238.20000000000002,30.85021122221745,Low
2193-SFWQW,0.022920682344160323,111.95,1343.4,30.79164466114498,Low
5872-OEQNH,0.05760471968916511,44.45,533.4000000000001,30.726357482200676,Low
4403-BWPAY,0.102911576083246,24.8,297.6,30.62648504237401,Low
2338-BQEZT,0.050199229357794514,50.55,606.5999999999999,30.450852528438148,Low
0083-PIVIK,0.03119987755005938,81.25,975.0,30.419880611307896,Low
6754-LZUKA,0.03132100538237358,80.9,970.8000000000001,30.406432025208275,Low
0810-DHDBD,0.03419945086964701,74.0,888.0,30.369112372246548,Low
5575-GNVDE,0.04439591127836412,56.95,683.4000000000001,30.340165767634044,Low
6719-FGEDO,0.026054196743595583,97.0,1164.0,30.327085009545257,Low
2023-VQFDL,0.132973895083275,19.0,228.0,30.318048078986703,Low
2039-JONDJ,0.045540529078311826,55.45,665.4000000000001,30.302668048708693,Low
9209-NWPGU,0.03855961470700407,65.4,784.8000000000001,30.2615856220568,Low
8738-JOKAR,0.03721554963057934,67.7,812.4000000000001,30.233912519882658,Low
4086-ATNFV,0.041259144660186986,60.8,729.5999999999999,30.102671944072423,Low
5073-RZGBK,0.03132360359305165,80.05,960.5999999999999,30.08945361148541,Low
8106-GWQOK,0.04164635930614834,60.0,720.0,29.985378700426804,Low
8735-NBLWT,0.12235362927068089,20.4,244.79999999999998,29.95216844546268,Low
8265-HKSOW,0.023224226222766157,107.45,1289.4,29.945317291634684,Low
6543-JXSOO,0.04320714839769976,57.75,693.0,29.942553839605935,Low
7311-MQJCH,0.12748105335100038,19.55,234.60000000000002,29.90705511614469,Low
2088-IEBAU,0.028242828627603356,88.15,1057.8000000000002,29.875264122278836,Low
9500-IWPXQ,0.031320789209530665,79.4,952.8000000000001,29.842447958840822,Low
1206-EHBDD,0.030915474218676374,80.3,963.5999999999999,29.790150957116552,Low
7839-NUIAA,0.04137827228763007,59.8,717.5999999999999,29.693048193603335,Low
2904-GGUAZ,0.029406510856575516,84.05,1008.5999999999999,29.659406849942062,Low
4355-HBJHH,0.030967746765811374,79.7,956.4000000000001,29.617553006822,Low
7973-DZRKH,0.02709119034849872,90.95,1091.4,29.567325146351507,Low
2882-DDZPG,0.1265754924579256,19.45,233.39999999999998,29.54271993967983,Low
5616-PRTNT,0.12674970770142513,19.4,232.79999999999998,29.507331952891768,Low
5862-BRIXZ,0.04038168716149082,60.75,729.0,29.43824994072681,Low
9867-XOBQA,0.046074431501926694,53.15,637.8,29.386272411928843,Low
6901-GOGZG,0.028809713680602714,84.95,1019.4000000000001,29.368622126006407,Low
6967-PEJLL,0.06076873186450769,40.2,482.40000000000003,29.31483625143851,Low
4770-QAZXN,0.12529712300129395,19.45,233.39999999999998,29.244348508502004,Low
2466-NEJOJ,0.12397392096617502,19.65,235.79999999999998,29.233050563824065,Low
4942-VZZOM,0.03682266651558119,66.15,793.8000000000001,29.229832680068352,Low
9350-ZXYJC,0.09606683725189957,25.3,303.6,29.165891789676714,Low
8963-MQVYN,0.11823881607240386,20.55,246.60000000000002,29.157692043454794,Low
7833-PKIHD,0.031596302410135134,76.4,916.8000000000001,28.967490049611893,Low
1395-OFUWC,0.08237152689627315,29.3,351.6,28.961828856729642,Low
4116-IQRFR,0.10011687344254051,24.1,289.20000000000005,28.953799799582722,Low
2325-ZUSFD,0.034305810146540085,70.1,841.1999999999999,28.858047495269517,Low
7520-HQWJU,0.035535292349840104,67.45,809.4000000000001,28.762265627960584,Low
3061-BCKYI,0.12024903892276068,19.9,238.79999999999998,28.715470494755248,Low
1159-WFSGR,0.11728566428777222,20.4,244.79999999999998,28.711530617646638,Low
6752-APNJL,0.04389331528557008,54.5,654.0,28.70622819676283,Low
0516-QREYC,0.11775676908450677,20.3,243.60000000000002,28.685548948985854,Low
8756-RDDLT,0.05310208823926974,44.95,539.4000000000001,28.643266396262103,Low
5232-NXPAY,0.032058964483010995,74.45,893.4000000000001,28.641478869122025,Low
6061-GWWAV,0.0339880085702787,70.2,842.4000000000001,28.631498419602778,Low
9958-MEKUC,0.022931952511159898,103.95,1247.4,28.605317562420858,Low
0142-GVYSN,0.1172781404323842,20.3,243.60000000000002,28.568955009328793,Low
6848-YLDFR,0.031655935481615716,75.2,902.4000000000001,28.566316178610023,Low
4024-CSNBY,0.025179548082709495,94.25,1131.0,28.478068881544438,Low
9955-QOPOY,0.038992832665955435,60.8,729.5999999999999,28.44917071308108,Low
6691-CCIHA,0.02788414280899781,84.95,1019.4000000000001,28.42509517949237,Low
4801-KFYKL,0.12161752006250093,19.45,233.39999999999998,28.385529182587714,Low
7995-ZHHNZ,0.04212440152964843,56.1,673.2,28.358147109759322,Low
7247-XOZPB,0.030484571752947755,77.4,928.8000000000001,28.314070244137877,Low
6556-DBKZF,0.03100756718331881,76.05,912.5999999999999,28.297505811496745,Low
0347-UBKUZ,0.11802563164956294,19.9,238.79999999999998,28.184520837915628,Low
4854-SSLTN,0.03946712025026889,59.5,714.0,28.179523858691987,Low
6950-TWMYB,0.029333338482246982,79.95,959.4000000000001,28.142404939867756,Low
6736-DHUQI,0.027594199116247702,84.8,1017.5999999999999,28.07985702069366,Low
2282-YGNOR,0.040324655753788824,58.0,696.0,28.06596040463702,Low
6648-INWPS,0.11573437358258144,20.15,241.79999999999998,27.98457153226819,Low
9530-GRMJG,0.027713673626433535,84.1,1009.1999999999999,27.96863942379672,Low
6437-UDQJM,0.0276820241338759,84.1,1009.1999999999999,27.936698755907557,Low
8311-UEUAB,0.030788859914542614,75.5,906.0,27.894707082575607,Low
4881-GQJTW,0.11841831063556775,19.6,235.20000000000002,27.851986661485537,Low
8815-LMFLX,0.09112232108955005,25.4,304.79999999999995,27.77408346809485,Low
2167-FQSTQ,0.025023784045250106,92.4,1108.8000000000002,27.74637174937332,Low
5129-HHMZC,0.026736664807123327,86.45,1037.4,27.73661607090974,Low
6040-CGACY,0.11784462207040326,19.6,235.20000000000002,27.71705511095885,Low
0945-TSONX,0.027036102358768896,85.3,1023.5999999999999,27.67415437443584,Low
3486-KHMLI,0.09308150714671834,24.7,296.4,27.589358718287315,Low
9289-LBQVU,0.032756450839475065,70.15,841.8000000000001,27.574380316670112,Low
7998-ZLXWN,0.11232418861896147,20.45,245.39999999999998,27.564355887093143,Low
6242-FEGFD,0.023626169095981617,96.6,1159.1999999999998,27.387455216061888,Low
3181-MIZBN,0.1155008526877467,19.75,237.0,27.373702086995966,Low
8138-EALND,0.1153854749233218,19.75,237.0,27.346357556827265,Low
2999-AANRQ,0.03197000389102289,71.05,852.5999999999999,27.257625317486113,Low
5762-TJXGK,0.03864389208142822,58.75,705.0,27.24394391740689,Low
4994-OBRSZ,0.029806777200897652,76.1,913.1999999999999,27.219548939859735,Low
8571-ZCMCX,0.03778708193531491,60.0,720.0,27.206698993426734,Low
1154-HYWWO,0.032030892514443084,70.6,847.1999999999999,27.13657213823618,Low
7173-TETGO,0.02869121199697959,78.5,942.0,27.027121701154773,Low
6861-OKBCE,0.11186999163550396,20.1,241.20000000000002,26.983041982483556,Low
7690-KPNCU,0.03074500431058391,73.05,876.5999999999999,26.95107077865785,Low
3623-FQBOX,0.11254120879438499,19.95,239.39999999999998,26.942365385375766,Low
6013-BHCAW,0.027662048682984323,81.0,972.0,26.887511319860764,Low
8457-XIGKN,0.11428532721593454,19.6,235.20000000000002,26.879908961187805,Low
7994-XIRTR,0.03430534207207295,65.25,783.0,26.861082842433117,Low
6870-ECSHE,0.10945284411746328,20.45,245.39999999999998,26.859727946425487,Low
6584-VQMYT,0.039734554279465414,56.2,674.4000000000001,26.79698340607148,Low
8224-UAXBZ,0.04913316765914657,45.35,544.2,26.738269840107566,Low
3318-ISQFQ,0.1142575837810893,19.5,234.0,26.736274604774895,Low
2676-SSLTO,0.03365518351396768,66.15,793.8000000000001,26.715484673387547,Low
5025-GOOKI,0.11775306490980422,18.9,226.79999999999998,26.706395121543597,Low
3727-OWVYD,0.03634244537494333,61.2,734.4000000000001,26.68989188335838,Low
9867-NNXLC,0.11080754624125813,20.05,240.60000000000002,26.660295625646707,Low
9522-ZSINC,0.11101674270585761,19.95,239.39999999999998,26.57740820378231,Low
3654-ARMGP,0.024979139256065354,88.65,1063.8000000000002,26.57280834060233,Low
6319-QSUSR,0.11234737933119773,19.7,236.39999999999998,26.558920473895142,Low
5808-TOTXO,0.10744190267298771,20.55,246.60000000000002,26.495173199158774,Low
3442-ZHHCC,0.028687666411664765,76.9,922.8000000000001,26.472978564684247,Low
3482-ABPKK,0.04061264874896359,54.3,651.5999999999999,26.46320192482467,Low
5453-YBTWV,0.021798418088322554,101.1,1213.1999999999998,26.445840824752917,Low
2348-KCJLT,0.035789584591845086,61.5,738.0,26.412713428781675,Low
0098-BOWSO,0.11343159269584477,19.4,232.79999999999998,26.40687477959266,Low
7107-UBYKY,0.08545554366197049,25.75,309.0,26.40576299154888,Low
8727-XDPUD,0.06130486614350893,35.8,429.59999999999997,26.336570495251436,Low
3739-YBWAB,0.06207390567581737,35.35,424.20000000000005,26.33175078768173,Low
9000-PLFUZ,0.04431003660454078,49.45,593.4000000000001,26.293575721134506,Low
7876-AEHIG,0.03636683471572373,60.15,721.8,26.24958129780939,Low
8996-ZROXE,0.040877851764339196,53.5,642.0,26.243580832705764,Low
6661-EIPZC,0.07410137593540969,29.5,354.0,26.23188708113503,Low
1090-ESELR,0.020656823621474422,105.5,1266.0,26.151538704786617,Low
9750-BOOHV,0.07227212011925352,30.15,361.79999999999995,26.14805305914592,Low
5577-OTWWW,0.11024644075242407,19.75,237.0,26.128406458324505,Low
9919-FZDED,0.025828261288874638,84.1,1009.1999999999999,26.065881292732282,Low
2958-NHPPS,0.10387647119837856,20.85,250.20000000000002,25.98989309383432,Low
0547-HURJB,0.10288334854100782,21.05,252.60000000000002,25.988333841458577,Low
4500-HKANN,0.03626608818720502,59.7,716.4000000000001,25.981025577313677,Low
3823-KYNQY,0.08671862062903721,24.95,299.4,25.96355501633374,Low
8398-TBIYD,0.02553612342016537,84.7,1016.4000000000001,25.95491584425608,Low
4079-ULGFR,0.10814183180841964,20.0,240.0,25.954039634020713,Low
1821-BUCWY,0.03882036514198698,55.65,667.8,25.924239841818903,Low
6036-TTFYU,0.11015453628303691,19.6,235.20000000000002,25.908346933770282,Low
4063-EIKNQ,0.10301845505629469,20.95,251.39999999999998,25.89883960115248,Low
5173-ZXXXL,0.1081667486654066,19.95,239.39999999999998,25.895119630498336,Low
6261-RCVNS,0.029192239816087713,73.9,886.8000000000001,25.887678268906587,Low
2495-TTHBQ,0.10557972553676112,20.4,244.79999999999998,25.84591681139912,Low
4054-CUMIA,0.10630404681299115,20.25,243.0,25.83188337555685,Low
0872-CASZJ,0.03114272491917488,69.1,829.1999999999999,25.823547502979807,Low
2863-IMQDR,0.023947697307288813,89.65,1075.8000000000002,25.762932763181308,Low
6476-EPYZR,0.1046790744256571,20.5,246.0,25.751052308711646,Low
8246-SHFGA,0.10169128593140214,21.1,253.20000000000002,25.748233597831025,Low
5893-PYOLZ,0.02622558885364355,81.8,981.5999999999999,25.743038018736506,Low
2223-KAGMX,0.11055203223542891,19.4,232.79999999999998,25.736513104407848,Low
1936-CZAKF,0.043148030488131005,49.65,595.8,25.70759656482845,Low
8909-BOLNL,0.10100707285947952,21.2,254.39999999999998,25.69619933545159,Low
0323-XWWTN,0.08102225199066368,26.4,316.79999999999995,25.66784943064225,Low
9906-NHHVC,0.03996582438856793,53.5,642.0,25.65805925746061,Low
2197-OMWGI,0.04027422613396505,53.0,636.0,25.614407821201773,Low
9619-GSATL,0.038476177081048314,55.45,665.4000000000001,25.60204822972955,Low
4393-OBCRR,0.10529882589941594,20.25,243.0,25.587614693558073,Low
7605-BDWDC,0.04267764433305048,49.85,598.2,25.529766840030796,Low
2188-SXWVT,0.03855710759884454,55.0,660.0,25.447691015237393,Low
4304-XUMGI,0.028164479860883083,75.15,901.8000000000001,25.398727938544365,Low
2773-MADBQ,0.03982602805765227,53.1,637.2,25.377145078336028,Low
7581-EBBOU,0.030050524707050236,70.15,841.8000000000001,25.29653169839489,Low
6064-PUPMC,0.03683719477495838,57.2,686.4000000000001,25.285050493531436,Low
9498-FIMXL,0.10964336028215636,19.2,230.39999999999998,25.261830209008824,Low
6234-RAAPL,0.021052147915474526,99.9,1198.8000000000002,25.237314921070865,Low
8573-CGOCC,0.10647240076221198,19.75,237.0,25.23395898064424,Low
1430-SFQSA,0.059035206922673084,35.6,427.20000000000005,25.219840397365942,Low
7089-RKVSZ,0.08595251412721133,24.4,292.79999999999995,25.166896136447473,Low
9640-ZSLDC,0.03455294029053959,60.6,727.2,25.126898179280392,Low
2521-NPUZR,0.020601328467717724,101.0,1212.0,24.96881010287388,Low
1744-JHKYS,0.08420079905984768,24.7,296.4,24.95711684133885,Low
8782-NUUOL,0.02631657930827761,79.0,948.0,24.948117184247177,Low
5318-YKDPV,0.026257955730939718,79.15,949.8000000000001,24.939806353246546,Low
4488-PSYCG,0.10248015162241425,20.25,243.0,24.902676844246663,Low
6047-SUHPR,0.03461817576167352,59.8,717.5999999999999,24.842002926576914,Low
9391-TTOYH,0.10606593041510831,19.5,234.0,24.819427717135344,Low
1218-VKFPE,0.10872271733581855,19.0,228.0,24.78877955256663,Low
8400-WZICQ,0.037071129100552706,55.7,668.4000000000001,24.77834269080943,Low
3824-RHKVR,0.10480292106942353,19.7,236.39999999999998,24.77541054081172,Low
4648-YPBTM,0.027910129965887504,73.9,886.8000000000001,24.75070325374904,Low
8498-XXGWA,0.0373856238765559,55.15,661.8,24.741805881504693,Low
5825-XJOCM,0.03197200679225088,64.4,772.8000000000001,24.707966849051484,Low
7779-ORAEL,0.02734972902828073,75.15,901.8000000000001,24.663985637703565,Low
6121-TNHBO,0.024750186939377507,83.0,996.0,24.651186191619995,Low
1271-UODNO,0.03811271349569157,53.85,646.2,24.628435460915895,Low
7609-YBPXG,0.023527622249252585,87.1,1045.1999999999998,24.591070774918798,Low
9795-NREXC,0.024094211512313245,85.0,1020.0,24.57609574255951,Low
6598-RFFVI,0.1059661527413659,19.3,231.60000000000002,24.541760974900342,Low
7233-IOQNP,0.06014457629981727,34.0,408.0,24.53898713032545,Low
2144-ESWKO,0.0580063771138052,35.2,422.40000000000003,24.501893692871317,Low
0056-EPFBG,0.05180474507303933,39.4,472.79999999999995,24.493283470532994,Low
2926-JEJJC,0.10073607819669983,20.2,242.39999999999998,24.418425354880036,Low
6339-RZCBJ,0.02578641817714981,78.9,946.8000000000001,24.414580730125444,Low
1057-FOGLZ,0.10352319567881292,19.65,235.79999999999998,24.410769541064084,Low
6898-RBTLU,0.025625695951246513,79.3,951.5999999999999,24.385412267206178,Low
3422-WJOYD,0.03738145673902142,54.35,652.2,24.380186085189774,Low
6837-BJYDQ,0.10362163170583817,19.6,235.20000000000002,24.37180777721314,Low
5820-PTRYM,0.02966992625924386,68.45,821.4000000000001,24.37087742934291,Low
2404-JIBFC,0.023791633929305573,85.1,1021.1999999999999,24.29601656860685,Low
8631-XVRZL,0.10045835489540143,20.15,241.79999999999998,24.290830213708066,Low
4623-ZKHLY,0.09895214561860081,20.45,245.39999999999998,24.282856534804637,Low
8060-HIWJJ,0.023362592194299637,86.55,1038.6,24.264388252999602,Low
1265-BCFEO,0.025075909581788236,80.45,965.4000000000001,24.208283110258364,Low
4737-HOBAX,0.02527362779278785,79.8,957.5999999999999,24.20202597437364,Low
2690-DVRVK,0.0981236675799917,20.55,246.60000000000002,24.197296425225957,Low
2126-GSEGL,0.0237407941094144,84.8,1017.5999999999999,24.15863208574009,Low
1023-BQXZE,0.027072651258602098,74.35,892.1999999999999,24.15421945292479,Low
5906-DVAPM,0.02680429161993384,75.0,900.0,24.123862457940458,Low
6631-HMANX,0.023502932698287463,85.45,1025.4,24.099907188823966,Low
3850-OKINF,0.03024012335089617,66.2,794.4000000000001,24.02275398995192,Low
7542-CYDDM,0.09969273236441166,20.05,240.60000000000002,23.986071406877446,Low
1094-BKOSX,0.0391336827519562,51.0,612.0,23.949813844197195,Low
8204-TIFGJ,0.0982863418954521,20.3,243.60000000000002,23.942552885732134,Low
8328-SKJNO,0.04890715582850897,40.65,487.79999999999995,23.856910613146674,Low
9926-PJHDQ,0.025880515525512095,76.8,921.5999999999999,23.851483108311946,Low
4178-EGMON,0.022583786502160468,88.0,1056.0,23.848478546281452,Low
2252-NKNSI,0.02332153186164651,85.15,1021.8000000000001,23.829941256230406,Low
5197-LQXXH,0.023828252801166114,83.3,999.5999999999999,23.818721500045644,Low
8898-KASCD,0.055631645417657395,35.55,426.59999999999997,23.732459935172642,Low
0078-XZMHT,0.023218908007785363,85.15,1021.8000000000001,23.725080202355084,Low
4712-UYOOI,0.09854568085976842,20.0,240.0,23.65096340634442,Low
3308-JSGML,0.030736417498628342,64.05,768.5999999999999,23.62401048944574,Low
6260-XLACS,0.09979250150338063,19.7,236.39999999999998,23.59094735539918,Low
8097-OMULG,0.025594461099812744,76.75,921.0,23.572498672927537,Low
1032-MAELW,0.02503443675193896,78.45,941.4000000000001,23.567418758275338,Low
4318-RAJVY,0.0989985892829789,19.8,237.60000000000002,23.52206481363579,Low
8390-FESFV,0.023192424597166413,84.5,1014.0,23.51711854152674,Low
6114-TCFID,0.04955951593476706,39.5,474.0,23.491210553079586,Low
6827-IEAUQ,0.029581230509425228,66.15,793.8000000000001,23.481580778381748,Low
5619-XZZKR,0.0980633372839554,19.95,239.39999999999998,23.47636294577892,Low
3387-PLKUI,0.10405059070222777,18.8,225.60000000000002,23.47381326242259,Low
2000-DHJUY,0.021184911839014352,92.2,1106.4,23.43898645868548,Low
0208-BPQEJ,0.10034180375527767,19.4,232.79999999999998,23.35957191422864,Low
0436-TWFFZ,0.02281640315538124,85.25,1023.0,23.34118042795501,Low
3190-FZATL,0.09742357078590647,19.95,239.39999999999998,23.323202846146007,Low
5840-NVDCG,0.02845511639386835,68.25,819.0,23.30474032657818,Low
0657-DOGUM,0.03198797410785095,60.6,727.2,23.261654771229214,Low
6034-ZRYCV,0.03573677295023521,54.2,650.4000000000001,23.243197126832985,Low
2351-BKRZW,0.02574462348525269,75.2,902.4000000000001,23.23194823309203,Low
1813-JYWTO,0.02406248877610387,80.45,965.4000000000001,23.229926664450677,Low
9967-ATRFS,0.09726251353304963,19.9,238.79999999999998,23.226288231692248,Low
6082-GLJIX,0.10008471452774655,19.25,231.0,23.11956905590945,Low
3649-JPUGY,0.02173323934898221,88.6,1063.1999999999998,23.106780075837882,Low
3230-IUALN,0.023752145977732918,81.0,972.0,23.087085890356395,Low
6963-EZQEE,0.02172507186075369,88.55,1062.6,23.085061359236867,Low
6682-VCIXC,0.03741994502297354,51.25,615.0,23.01326618912873,Low
4815-TUMEQ,0.09935073031005558,19.3,231.60000000000002,23.009629139808872,Low
8144-DGHXP,0.02374463686824198,80.6,967.1999999999999,22.96581277896364,Low
5788-YPOEG,0.022566688886170715,84.75,1017.0,22.950322597235616,Low
4227-OJHAL,0.026181379278666844,73.0,876.0,22.934888248112156,Low
2890-WFBHU,0.023911002446740676,79.85,958.1999999999999,22.911522544466916,Low
2120-SMPEX,0.09428726020627312,20.15,241.79999999999998,22.79865951787684,Low
4877-TSOFF,0.025047355296452325,75.75,909.0,22.768045964475164,Low
2511-MORQY,0.0345153034846043,54.9,658.8,22.73868193565731,Low
7503-MIOGA,0.02100101824015204,89.85,1078.1999999999998,22.643297866531928,Low
2580-ASVVY,0.04148550969901236,45.4,544.8,22.60130568402193,Low
7672-VFMXZ,0.03375927028011715,55.7,668.4000000000001,22.56469625523031,Low
5110-CHOPY,0.03507625221495751,53.6,643.2,22.561045424660673,Low
2977-CEBSX,0.02085758009160825,90.05,1080.6,22.53870104699187,Low
8189-DUKMV,0.0915996839898327,20.5,246.0,22.533522261498845,Low
8174-TBVCF,0.019802374424275106,94.8,1137.6,22.52718114505536,Low
3021-VLNRJ,0.02639872200939175,70.8,849.5999999999999,22.42835421917923,Low
1696-MZVAU,0.07401553461846944,25.25,303.0,22.42670698939624,Low
4322-RCYMT,0.024633026510304905,75.8,909.5999999999999,22.40620091377334,Low
2091-GPPIQ,0.023618185221816333,78.95,947.4000000000001,22.375868679148795,Low
8387-UGUSU,0.09292605170142942,20.05,240.60000000000002,22.35800803936392,Low
5777-ZPQNC,0.09212970042740054,20.15,241.79999999999998,22.27696156334545,Low
9548-ZMVTX,0.02050615971272122,90.45,1085.4,22.257385752187613,Low
5306-BVTKJ,0.033039114298159394,55.8,669.5999999999999,22.12299093404753,Low
9251-WNSOD,0.024540420628259688,75.1,901.1999999999999,22.115827070187628,Low
0536-ESJEP,0.0247054357737068,74.55,894.5999999999999,22.101482843158102,Low
5384-ZTTWP,0.09296589335656641,19.8,237.60000000000002,22.08869626152018,Low
8332-OSJDW,0.06959171377859324,26.4,316.79999999999995,22.046654925058338,Low
8780-RSYYU,0.09529498110381313,19.2,230.39999999999998,21.95596364631854,Low
7622-FWGEW,0.021355427581581234,85.65,1027.8000000000002,21.949108468349195,Low
7435-ZNUYY,0.08866988170008276,20.6,247.20000000000002,21.91919475626046,Low
1960-UOTYM,0.023062790138088637,79.2,950.4000000000001,21.918875747239444,Low
7471-MQPOS,0.025031565018566834,72.9,874.8000000000001,21.89761307824227,Low
2239-CFOUJ,0.08940133601617646,20.4,244.79999999999998,21.885447056759997,Low
7508-DQAKK,0.02109099791542046,86.4,1036.8000000000002,21.867146638707936,Low
9385-NXKDA,0.022041032210348848,82.65,991.8000000000001,21.86029574622399,Low
6924-TDGMT,0.08861858554013524,20.55,246.60000000000002,21.853343194197354,Low
3474-BAFSJ,0.031652234101274206,57.5,690.0,21.8400415298792,Low
7321-ZNSLA,0.04487799975082531,40.55,486.59999999999997,21.837634678751595,Low
4611-ANLQC,0.03633965759800602,50.05,600.5999999999999,21.82559835336241,Low
8999-YPYBV,0.02150409846078128,84.35,1012.1999999999999,21.76644846200281,Low
7781-EWARA,0.030039479947575123,60.35,724.2,21.754591378033904,Low
0234-TEVTT,0.04026191507911056,45.0,540.0,21.741434142719704,Low
3720-DBRWL,0.02157820714492581,83.85,1006.1999999999999,21.711992029224348,Low
2516-XSJKX,0.02297483502049869,78.45,941.4000000000001,21.628509688297466,Low
8760-ZRHKE,0.02602780848364085,69.2,830.4000000000001,21.613492164815362,Low
2129-ALKBS,0.06873296655919822,26.2,314.4,21.60964468621192,Low
2027-DNKIV,0.03045044008261592,58.75,705.0,21.467560258244223,Low
9577-WJVCQ,0.03284606807290856,54.45,653.4000000000001,21.461620878838456,Low
0383-CLDDA,0.020938906143061837,85.35,1024.1999999999998,21.44562767172393,Low
2243-FNMMI,0.09209875995194033,19.4,232.79999999999998,21.44059131681171,Low
6516-NKQBO,0.022038877763219524,81.0,972.0,21.421789185849377,Low
7138-GIRSH,0.02557643542284172,69.5,834.0,21.330747142649997,Low
9720-JJJOR,0.029471957360621675,60.3,723.5999999999999,21.32590834614584,Low
5562-BETPV,0.09036316368154217,19.65,235.79999999999998,21.30763399610764,Low
8932-CZHRQ,0.02311117529082538,76.75,921.0,21.285392442850174,Low
8345-MVDYC,0.021706246329843137,81.65,979.8000000000001,21.267780153980308,Low
3057-VJJQE,0.032062836694287736,55.25,663.0,21.257660728312768,Low
8610-ZIKJJ,0.08719461938757873,20.3,243.60000000000002,21.24060928281418,Low
2990-OGYTD,0.020540463487923603,86.15,1033.8000000000002,21.234731153815424,Low
7338-ERIVA,0.039271957271242934,45.05,540.5999999999999,21.230420100833925,Low
8741-LQOBK,0.05044075149371076,35.05,420.59999999999997,21.215380078254743,Low
6258-PVZWJ,0.019449716419589484,90.8,1089.6,21.1924110107847,Low
9018-PCIOK,0.027265506153871924,64.75,777.0,21.185298281558484,Low
8075-GXIUB,0.08869292898117756,19.85,238.20000000000002,21.126655683316496,Low
2673-ZALNP,0.08836070674774645,19.9,238.79999999999998,21.10053677136185,Low
7353-YOWFP,0.08682163407489867,20.25,243.0,21.097657080200374,Low
6103-QCKFX,0.0312528893316997,56.25,675.0,21.0957002988973,Low
2302-OUZXB,0.02138532165885972,82.15,985.8000000000001,21.081650091303914,Low
0310-SUCIN,0.020687462672786212,84.8,1017.5999999999999,21.051562015827248,Low
1226-JZNKR,0.08820793333922271,19.8,237.60000000000002,20.958204961399318,Low
1064-FBXNK,0.08788548225422568,19.85,238.20000000000002,20.93432187295656,Low
8050-DVOJX,0.021410743390828907,81.35,976.1999999999999,20.90116769812718,Low
2040-LDIWQ,0.020680396554815923,84.2,1010.4000000000001,20.89547267898601,Low
2862-JVEOY,0.09076080030985337,19.15,229.79999999999998,20.856831911204303,Low
5127-BZENZ,0.026618641535429883,65.2,782.4000000000001,20.826425137320342,Low
7244-QWYHG,0.03904414574644724,44.45,533.4000000000001,20.82614734115496,Low
7047-YXDMZ,0.08666931377806533,20.0,240.0,20.80063530673568,Low
9782-LGXMC,0.028064522482334067,61.75,741.0,20.795811159409542,Low
1282-IHQAC,0.039217103298798524,44.05,528.5999999999999,20.730160803744898,Low
8200-LGKSR,0.020759743987516618,83.2,998.4000000000001,20.726528397136594,Low
2809-ILCYT,0.0644035171320269,26.8,321.6,20.712171109659852,Low
4697-LUPSU,0.08539859062971929,20.2,242.39999999999998,20.700618368643955,Low
0956-SYCWG,0.08764832239955873,19.65,235.79999999999998,20.66747442181595,Low
2967-MXRAV,0.09146449337512289,18.8,225.60000000000002,20.634389705427726,Low
2096-XOTMO,0.08885611598718957,19.35,232.20000000000002,20.632390132225417,Low
4615-PIVVU,0.02578905907701127,66.5,798.0,20.579669143454993,Low
6598-KELSS,0.03979694014243709,43.05,516.5999999999999,20.559099277582998,Low
1866-ZSLJM,0.08355554198801726,20.5,246.0,20.554663329052246,Low
1830-GGFNM,0.018055482276143734,94.55,1134.6,20.48575019051268,Low
5857-XRECV,0.08326496246575418,20.5,246.0,20.48318076657553,Low
9236-NDUCW,0.04856067761945436,35.1,421.20000000000005,20.45375741331418,Low
4464-JCOLN,0.0858646862434675,19.85,238.20000000000002,20.452968263193963,Low
1752-OZXFY,0.028450301569920854,59.8,717.5999999999999,20.415936406575202,Low
2667-WYLWJ,0.08611814743026981,19.75,237.0,20.410000940973944,Low
6418-HNFED,0.020387242531357576,83.25,999.0,20.36685528882622,Low
3166-PNEOF,0.019577744143759356,86.45,1037.4,20.309951774735957,Low
5789-LDFXO,0.06871298678183407,24.6,295.20000000000005,20.28407369799742,Low
7325-ENZFI,0.04187971877323383,40.3,483.59999999999997,20.253031998735878,Low
9028-LIHRP,0.01678433644169853,100.2,1202.4,20.18148613749831,Low
5321-NTRKC,0.02102662157441427,79.85,958.1999999999999,20.14770879260375,Low
8821-KVZKQ,0.028726023886723108,58.4,700.8,20.131197539815552,Low
6419-ZTTLE,0.08082153255753775,20.75,249.0,20.1245616068269,Low
0565-IYCGT,0.021325693536355467,78.6,943.1999999999999,20.114394143490475,Low
8331-ZXFOE,0.023532593183962742,71.1,853.1999999999999,20.07800850455701,Low
5546-QUERU,0.08383424604857445,19.95,239.39999999999998,20.06991850402872,Low
2550-QHZGP,0.085761771964438,19.5,234.0,20.068254639678493,Low
4636-OLWOE,0.027364318825090158,61.0,732.0,20.030681379965994,Low
1498-NHTLT,0.01904577236857755,86.75,1041.0,19.82664903568923,Low
9885-MFVSU,0.03562433135730183,46.35,556.2,19.81425310093128,Low
5537-UXXVS,0.085626398086415,19.25,231.0,19.779697957961865,Low
2361-UPSND,0.02331444653684958,70.6,847.1999999999999,19.751999106018964,Low
7010-ZMVBF,0.08048487253110077,20.45,245.39999999999998,19.750987719132127,Low
7945-HLKEA,0.025408586772709955,64.75,777.0,19.742471922395634,Low
2192-OZITF,0.022293205964694297,73.55,882.5999999999999,19.675983584439184,Low
5684-FJVYR,0.018130516250656394,90.35,1084.1999999999998,19.65710571896166,Low
2987-BJXIK,0.0193302482831011,84.7,1016.4000000000001,19.64726435494396,Low
6732-VAILE,0.019048594386113903,85.95,1031.4,19.64672024983788,Low
4114-QMKVN,0.023802723833344114,68.75,825.0,19.637247162508896,Low
5961-VUSRV,0.0845153169772057,19.35,232.20000000000002,19.624456602107166,Low
0916-KNFAJ,0.023359091286159726,69.9,838.8000000000001,19.59360577083078,Low
6693-DJWTY,0.029286792175972763,55.6,667.2,19.54014773980903,Low
9229-RQABD,0.06848921297360558,23.75,285.0,19.51942569747759,Low
8668-KNZTI,0.03025173678401159,53.75,645.0,19.512370225687476,Low
3605-JISKB,0.027066984003930164,60.0,720.0,19.48822848282972,Low
3055-VTCGS,0.027702947805930515,58.55,702.5999999999999,19.46409112844678,Low
9778-OGKQZ,0.017601395407277523,92.0,1104.0,19.431940529634385,Low
3174-AKMAS,0.02516456725969451,64.2,770.4000000000001,19.386782616868654,Low
2400-XIWIO,0.017896602620938645,90.1,1081.1999999999998,19.34980675375886,Low
6461-PPAXN,0.02934413413324484,54.95,659.4000000000001,19.34952204746165,Low
3926-YZVVX,0.03211303669989764,50.05,600.5999999999999,19.28708984195852,Low
1897-OKVMW,0.017734982522608855,90.6,1087.1999999999998,19.281472998580345,Low
4859-ZSRDZ,0.02890950349446097,55.5,666.0,19.253729327311007,Low
6120-RJKLU,0.02006400081732442,79.95,959.4000000000001,19.24940238414105,Low
7401-JIXNM,0.01748618765699879,91.3,1095.6,19.15786719700787,Low
8595-SIZNC,0.06233595447909594,25.6,307.20000000000005,19.149605215978276,Low
4111-BNXIF,0.026779529753662917,59.55,714.5999999999999,19.13665196196752,Low
3108-PCCGG,0.018878475003859682,84.45,1013.4000000000001,19.131446568911404,Low
5386-THSLQ,0.03494309197154273,45.55,546.5999999999999,19.099894071645252,Low
7956-XQWGU,0.08187849114591476,19.4,232.79999999999998,19.061312738768954,Low
4981-FLTMF,0.024362438762195286,65.2,782.4000000000001,19.061172087541593,Low
9297-EONCV,0.017386174791991654,91.35,1096.1999999999998,19.058724806981246,Low
0757-WCUUZ,0.02503361663775744,63.35,760.2,19.030555368023204,Low
0016-QLJIS,0.017529974723419158,90.45,1085.4,19.027034564799155,Low
1834-ABKHQ,0.03110553366805908,50.95,611.4000000000001,19.017923284651324,Low
8565-WUXZU,0.018683953718522363,84.8,1017.5999999999999,19.012791303968356,Low
3034-ZBEQN,0.0453976626942647,34.7,416.40000000000003,18.903586745891822,Low
4560-WQAQW,0.022917246736837826,68.7,824.4000000000001,18.892978209849105,Low
7233-PAHHL,0.018740554518581812,84.0,1008.0,18.890478954730465,Low
8661-BOYNW,0.01862380233859136,84.4,1012.8000000000001,18.862187008525332,Low
7301-ABVAD,0.018107876611488924,86.6,1039.1999999999998,18.817705374659287,Low
1088-CNNKB,0.019601635203597843,80.0,960.0,18.817569795453927,Low
3372-CDXFJ,0.06394053453680144,24.5,294.0,18.798517153819624,Low
0455-ENTCR,0.01830691690823561,85.25,1023.0,18.72797599712503,Low
6131-IUNXN,0.07714389371897476,20.2,242.39999999999998,18.69967983747948,Low
1038-RQOST,0.07562792823918596,20.6,247.20000000000002,18.69522386072677,Low
4293-ETKAP,0.019596066686823715,79.4,952.8000000000001,18.671132339205638,Low
1488-SYSFC,0.07532888636346974,20.65,247.79999999999998,18.6664980408678,Low
1139-WUOAH,0.02910862780129552,53.35,640.2,18.635343518389394,Low
7564-GHCVB,0.019588117789258123,79.05,948.5999999999999,18.581288534890252,Low
2361-FJWNO,0.04296408131283703,36.0,432.0,18.560483127145595,Low
2541-YGPKE,0.024170337691457166,63.7,764.4000000000001,18.47580613134986,Low
0459-SPZHJ,0.018319368835794658,83.5,1002.0,18.356007573466247,Low
1227-UDMZR,0.016745360326801486,91.15,1093.8000000000002,18.31607512545547,Low
8645-KOMJQ,0.01857662184011507,81.95,983.4000000000001,18.26824991756916,Low
8869-TORSS,0.025186912394841134,60.35,724.2,18.24036195634395,Low
1187-WILMM,0.01698670497117764,89.4,1072.8000000000002,18.223337093079376,Low
5248-RPYWW,0.016768036329290862,90.15,1081.8000000000002,18.139661701026856,Low
0519-DRGTI,0.07424154245883662,20.35,244.20000000000002,18.129784668447904,Low
1930-QPBVZ,0.015823834449515083,95.1,1141.1999999999998,18.05815987378661,Low
2073-QBVBI,0.042283589525218455,35.45,425.40000000000003,17.987438984027932,Low
8221-HVAYI,0.021603920954185365,69.15,829.8000000000001,17.926933607783017,Low
5394-MEITZ,0.018493083121824083,80.6,967.1999999999999,17.886509995428252,Low
7665-VIGUD,0.07318032122892018,20.35,244.20000000000002,17.870634444102308,Low
8125-QPFJD,0.017515989595481472,84.9,1018.8000000000001,17.845290199876526,Low
5372-FBKBN,0.07165375919260986,20.75,249.0,17.841786038959853,Low
8752-IMQOS,0.07395526073533894,20.1,241.20000000000002,17.838008889363753,Low
0967-BMLBD,0.07422228001284227,20.0,240.0,17.813347203082145,Low
1952-DVVSW,0.07377836718440983,20.1,241.20000000000002,17.795342164879653,Low
7407-SUJIZ,0.07192215887002215,20.6,247.20000000000002,17.779157672669477,Low
5003-XZWWO,0.017591055761658154,84.2,1010.4000000000001,17.7740027415794,Low
2164-SOQXL,0.0737924096985951,20.05,240.60000000000002,17.754453773481984,Low
2225-ZRGSG,0.015687239016032254,93.9,1126.8000000000002,17.676380923265146,Low
2123-VSCOT,0.020403160515983135,72.1,865.1999999999999,17.652814478428606,Low
0221-NAUXK,0.0736325597333269,19.95,239.39999999999998,17.627634800158457,Low
5751-USDBL,0.018135219413674332,81.0,972.0,17.62743327009145,Low
3544-FBCAS,0.017534573774113774,83.6,1003.1999999999999,17.59068441019094,Low
8076-FEZKJ,0.07517005758964053,19.5,234.0,17.589793475975885,Low
2703-AMTUL,0.02732174600863524,53.65,643.8,17.589740080359366,Low
5702-KVQRD,0.017746101340392516,82.55,990.5999999999999,17.579287987792824,Low
7501-IWUNG,0.01984344774300666,73.8,885.5999999999999,17.573357321206696,Low
0707-HOVVN,0.01936668051133282,75.5,906.0,17.546212543267536,Low
3398-GCPMU,0.01630115617416713,89.55,1074.6,17.517222424759996,Low
3146-MSEGF,0.016572387022819563,88.05,1056.6,17.51038412831115,Low
2176-LVPNX,0.01623965642621568,89.85,1078.1999999999998,17.509597558745742,Low
6174-NRBTZ,0.047191188495731166,30.75,369.0,17.4135485549248,Low
1971-DTCZB,0.0159515425988396,90.95,1091.4,17.40951359237354,Low
1194-BHJYC,0.023337153077043635,62.15,745.8,17.404848764859143,Low
1568-BEKZM,0.016103053633703512,90.05,1080.6,17.400959756580015,Low
8084-OIVBS,0.07210802054845462,20.0,240.0,17.30592493162911,Low
4667-QONEA,0.01925199431873399,74.85,898.1999999999999,17.292141297086868,Low
5248-YGIJN,0.01595043562724001,90.25,1083.0,17.27432178430093,Low
2612-PHGOX,0.01890476069168141,76.1,913.1999999999999,17.263827463643462,Low
1568-LJSZU,0.015592294502201343,92.2,1106.4,17.251314637235566,Low
6064-ZATLR,0.027178765558719654,52.85,634.2,17.236773117340007,Low
9670-BPNXF,0.022959874436160918,62.55,750.5999999999999,17.233681751782385,Low
8165-CBKXO,0.025205867048800422,56.75,681.0,17.165195460233086,Low
1265-HVPZB,0.02151643255695335,66.4,796.8000000000001,17.144293461380432,Low
0487-VVUVK,0.0745944021407376,19.15,229.79999999999998,17.1417936119415,Low
7711-YIJWC,0.01681489115166001,84.9,1018.8000000000001,17.13101110531122,Low
7762-ONLJY,0.07237632013531947,19.7,236.39999999999998,17.109762079989522,Low
6322-HRPFA,0.02389755713974655,59.6,715.2,17.091532866346736,Low
4378-BZYFP,0.06928355179675331,20.5,246.0,17.043753742001314,Low
6701-YVNQG,0.016009300817105384,88.7,1064.4,17.040299789726973,Low
9442-JTWDL,0.07076873056221876,20.05,240.60000000000002,17.026956573269835,Low
0743-HNPFG,0.02030882377591396,69.75,837.0,16.998485500439987,Low
0513-RBGPE,0.022550332424515974,62.8,753.5999999999999,16.993930515115235,Low
3551-GAEGL,0.0465506582614806,30.4,364.79999999999995,16.98168013378812,Low
2753-JMMCV,0.019049468183323204,74.2,890.4000000000001,16.96164647043098,Low
2351-RRBUE,0.06840294903944671,20.65,247.79999999999998,16.950250771974893,Low
5260-UMPWX,0.06974285342626307,20.25,243.0,16.947513382581928,Low
9339-FIIJL,0.016420575755088748,85.95,1031.4,16.936181833798535,Low
7164-BPTUT,0.0157592343405692,89.55,1074.6,16.93487322237566,Low
5256-SKJGO,0.02582865019996926,54.6,655.2,16.922931611019862,Low
9313-QOLTZ,0.06739712977479952,20.9,250.79999999999998,16.90320014751972,Low
3569-VLDHH,0.01874442471175102,75.1,901.1999999999999,16.892475550230017,Low
0484-JPBRU,0.05572464048178731,25.25,303.0,16.884566065981556,Low
1623-NLDOT,0.04184799977470516,33.55,402.59999999999997,16.848004709296294,Low
4890-VMUAV,0.01963487915549316,71.5,858.0,16.846726315413132,Low
4254-QPEDE,0.02117115583327609,66.25,795.0,16.831068887454492,Low
6203-HBZPA,0.021947450975075625,63.9,766.8,16.82930540768799,Low
9467-ROOLM,0.07361840632298552,19.05,228.60000000000002,16.82916768543449,Low
0334-ZFJSR,0.021191538936124465,66.05,792.5999999999999,16.79641376077225,Low
4291-YZODP,0.06975437862556855,20.05,240.60000000000002,16.782903497311793,Low
2335-GSODA,0.034859614102572975,40.1,481.20000000000005,16.77444630615812,Low
0795-LAFGP,0.015446750204120759,90.4,1084.8000000000002,16.7566346214302,Low
3082-WQRVY,0.07081646084151712,19.65,235.79999999999998,16.698521466429735,Low
7649-PHJVR,0.07126570536168339,19.5,234.0,16.676175054633912,Low
0687-ZVTHB,0.019166837725155494,72.45,869.4000000000001,16.663648718250187,Low
0895-LNKRC,0.0713524804396223,19.45,233.39999999999998,16.653668934607843,Low
3750-YHRYO,0.06712002330613596,20.65,247.79999999999998,16.632341775260493,Low
4891-NLUBA,0.022534021808460043,61.45,737.4000000000001,16.61658768155844,Low
9702-AIUJO,0.030873952852875267,44.8,537.5999999999999,16.597837053705742,Low
6549-BTYPG,0.02271419657679788,60.8,729.5999999999999,16.57227782243173,Low
9746-YKGXB,0.03119162220837441,44.25,531.0,16.562751392646813,Low
4032-RMHCI,0.03883910423055713,35.4,424.79999999999995,16.498851477140665,Low
1429-UYJSV,0.06961622073112808,19.7,236.39999999999998,16.45727458083868,Low
0604-THJFP,0.01800734895987468,75.95,911.4000000000001,16.411897842029784,Low
0756-MPZRL,0.04056349300533728,33.7,404.40000000000003,16.403876571358396,Low
2387-KDZQY,0.06797944302795177,20.1,241.20000000000002,16.396641658341967,Low
5906-CVLHP,0.025201058523695974,54.15,649.8,16.37564782869764,Low
9871-ELEYA,0.020162560347529643,67.65,811.8000000000001,16.367966490124566,Low
0661-KQHNK,0.07152402385139643,19.0,228.0,16.307477438118386,Low
4295-YURET,0.018680705909153824,72.6,871.1999999999999,16.27463098805481,Low
3557-HTYWR,0.018296853560920628,74.05,888.5999999999999,16.25858407423407,Low
1015-JPFYW,0.06954283276737921,19.45,233.39999999999998,16.231297167906305,Low
3239-TPHPZ,0.06741370895025998,20.05,240.60000000000002,16.219738373432556,Low
8100-PNJMH,0.015179926463149246,88.85,1066.1999999999998,16.184837595009725,Low
6510-UPNKS,0.0542175002379667,24.8,297.6,16.13512807081889,Low
4872-VXRIL,0.020793891132410102,64.65,775.8000000000001,16.131900740523758,Low
6369-MCAKO,0.015086999758965436,89.05,1068.6,16.121967942430462,Low
3219-JQRSL,0.015040516808406741,89.1,1069.1999999999998,16.081320571548485,Low
5602-BVFMK,0.06938418628888668,19.3,231.60000000000002,16.069377544506157,Low
3283-WCWXT,0.05271575395609768,25.4,304.79999999999995,16.06776180581857,Low
5980-BDHPY,0.015369411700044565,87.1,1045.1999999999998,16.064109108886576,Low
5997-OPVFA,0.015016101535249324,89.05,1068.6,16.046206100567428,Low
3146-JTQHR,0.0679937770782364,19.6,235.20000000000002,15.992136368801201,Low
1525-LNLOJ,0.02104304011812381,63.3,759.5999999999999,15.984293273726843,Low
9541-ZPSEA,0.016568381340498237,80.35,964.1999999999999,15.975233288508399,Low
7579-KKLOE,0.014555397453825702,91.25,1095.0,15.938160211939143,Low
8413-YNHNV,0.014644546678822914,90.65,1087.8000000000002,15.930337877223568,Low
5039-LZRQT,0.06570580341082041,20.2,242.39999999999998,15.927086746782866,Low
2682-KEVRP,0.06616942122141672,20.05,240.60000000000002,15.920362745872865,Low
0123-CRBRT,0.015058454995284822,88.1,1057.1999999999998,15.919798621015111,Low
5993-BQHEA,0.06605373688092778,20.05,240.60000000000002,15.892529093551225,Low
7554-NEWDD,0.05151567564750406,25.7,308.4,15.88743436969025,Low
7975-JMZNT,0.014431595891690316,91.7,1100.4,15.880528119216024,Low
4849-PYRLQ,0.0180642873119026,73.25,879.0,15.878508547162385,Low
4933-IKULF,0.06393429801712268,20.65,247.79999999999998,15.842919048643,Low
4565-EVZMJ,0.02241019191746226,58.9,706.8,15.839523647262324,Low
3530-VWVGU,0.06630274545189559,19.9,238.79999999999998,15.833095613912665,Low
9479-HYNYL,0.016322085102765324,80.7,968.4000000000001,15.806307213517941,Low
8559-WNQZS,0.06435700904850689,20.45,245.39999999999998,15.793210020503588,Low
9359-UGBTK,0.01818833384124593,72.35,868.1999999999999,15.791111440969717,Low
8292-FRFZQ,0.03194016297062072,41.15,493.79999999999995,15.772052474892508,Low
0263-FJTQO,0.018581114970565166,70.5,846.0,15.71962326509813,Low
3401-URHDA,0.02185655881762439,59.9,718.8,15.71049447810841,Low
5199-FPUSP,0.03840279499349282,34.05,408.59999999999997,15.691382034341165,Low
4018-KJYUY,0.06485313081395913,20.15,241.79999999999998,15.681487030815317,Low
9127-QRZMH,0.021826077788467665,59.85,718.2,15.675489067677479,Low
4381-MHQDC,0.020036207028493264,65.0,780.0,15.628241482224746,Low
2498-XLDZR,0.017676627906145114,73.6,883.1999999999999,15.611997766707363,Low
9348-ROUAI,0.014332072085513629,90.3,1083.6,15.530233311862567,Low
4342-HFXWS,0.018471613841545775,69.7,836.4000000000001,15.449657817068887,Low
8573-JGCZW,0.06532907834058899,19.65,235.79999999999998,15.404596672710882,Low
7670-ZBPOQ,0.020994119550532236,61.05,732.5999999999999,15.380291982719914,Low
0771-CHWSK,0.01715717424970781,74.6,895.1999999999999,15.359102388338432,Low
8681-ICONS,0.06189098517673292,20.65,247.79999999999998,15.336586126794417,Low
6586-MYGKD,0.016561299569647914,76.95,923.4000000000001,15.292704022612885,Low
4701-LKOZD,0.014195806788099587,89.75,1077.0,15.288883910783255,Low
3423-HHXAO,0.06503265129768286,19.5,234.0,15.21764040365779,Low
0536-BGFMZ,0.061774183753386384,20.5,246.0,15.196449203333051,Low
4537-CIBHB,0.062450943550784836,20.25,243.0,15.175579282840715,Low
4835-YSJMR,0.025371749293847803,49.8,597.5999999999999,15.162157378003444,Low
9880-TDQAC,0.021047905798591584,60.0,720.0,15.15449217498594,Low
9483-GCPWE,0.06278457487597439,20.1,241.20000000000002,15.143639460085023,Low
2788-CJQAQ,0.06483830845673304,19.45,233.39999999999998,15.13326119380149,Low
5248-KWLAR,0.013919673753517643,90.35,1084.1999999999998,15.091710283563826,Low
6522-OIQSX,0.02287115812831764,54.95,659.4000000000001,15.081241669812654,Low
6166-YIPFO,0.019406742637689458,64.7,776.4000000000001,15.067394983902098,Low
1866-DIOQZ,0.018784036660806257,66.8,801.5999999999999,15.057283787302294,Low
9995-HOTOH,0.021233045091100165,59.0,708.0,15.032995924498916,Low
2226-ICFDO,0.014562986863333257,85.9,1030.8000000000002,15.011526858723924,Low
7677-SJJJK,0.06274896163862867,19.9,238.79999999999998,14.984452039304525,Low
5442-BXVND,0.05126496780609675,24.25,291.0,14.918105631574155,Low
8612-GXIDD,0.04885619883076858,25.4,304.79999999999995,14.891369403618262,Low
5696-JVVQY,0.0177005812450413,70.1,841.1999999999999,14.88972894332874,Low
9415-ZNBSX,0.0139220392419487,89.0,1068.0,14.868737910401212,Low
8766-PAFNE,0.015642528040429905,79.1,949.1999999999999,14.847887615976065,Low
8819-WFGGJ,0.022865259107950335,54.1,649.2,14.844126212881358,Low
6122-LJADA,0.013700092346960123,90.15,1081.8000000000002,14.820759900941463,Low
6551-ZCOTS,0.049461613620730496,24.9,298.79999999999995,14.77913014987427,Low
8510-TMWYB,0.020592902371543396,59.8,717.5999999999999,14.77746674181954,Low
4718-WXBGI,0.013338154375509576,91.95,1103.4,14.717319537937268,Low
6656-GULJQ,0.014662198827617112,83.55,1002.5999999999999,14.700320544568914,Low
8197-BFWVU,0.01311218100454333,93.25,1119.0,14.672530544083987,Low
4568-KNYWR,0.019309472386311186,63.25,759.0,14.65588954121019,Low
3911-RSNHI,0.01986716434696543,61.4,736.8,14.638126690844127,Low
2592-HODOV,0.06314544291940553,19.3,231.60000000000002,14.624484580134324,Low
5792-JALQC,0.020330729014234036,59.85,718.2,14.601529578022886,Low
8259-DZLIZ,0.022584351817764556,53.85,646.2,14.594008144639458,Low
6746-WAUWT,0.061710342003994556,19.7,236.39999999999998,14.588324849744312,Low
1431-CYWMH,0.0637558083935289,19.05,228.60000000000002,14.574577798760709,Low
2211-RMNHO,0.014203437608468475,85.3,1023.5999999999999,14.538638736028329,Low
5317-FLPJF,0.01972916752040453,61.35,736.2,14.524613128521816,Low
6229-UOLQL,0.023275957904365076,52.0,624.0,14.524197732323808,Low
1131-ALZWV,0.04919199675312923,24.6,295.20000000000005,14.52147744152375,Low
1345-ZUKID,0.062496174374563895,19.35,232.20000000000002,14.511611689773737,Low
8295-KMENE,0.01581750016989839,76.45,917.4000000000001,14.510974655864784,Low
6559-ILWKJ,0.02450061882118622,49.35,592.2,14.509266465906482,Low
1680-VDCWW,0.06106328062015563,19.8,237.60000000000002,14.50863547534898,Low
8218-FFJDS,0.013992957176039836,86.4,1036.8000000000002,14.507898000118104,Low
9830-ECLEN,0.024172911377175647,50.0,600.0,14.503746826305388,Low
7025-WCBNE,0.020278746350697822,59.6,715.2,14.503359390019083,Low
3779-OSWCF,0.012953409434255029,93.2,1118.4,14.487093111270825,Low
3556-BVQGL,0.06035320636086983,20.0,240.0,14.484769526608758,Low
6603-YRDCJ,0.019768740562159114,61.05,732.5999999999999,14.482579335837766,Low
4751-ERMAN,0.015990074870320652,75.4,904.8000000000001,14.467819742666128,Low
8469-SNFFH,0.015183312708115135,79.4,952.8000000000001,14.466660348292102,Low
3298-QEICA,0.034789624670558336,34.6,415.20000000000005,14.444652163215823,Low
6506-EYCNH,0.06154566761403996,19.55,234.60000000000002,14.438613622253778,Low
6765-MBQNU,0.04626492977379115,26.0,312.0,14.43465808942284,Low
4006-HKYHO,0.013863897595397488,86.7,1040.4,14.423999058251548,Low
3724-BSCVH,0.05877632515293024,20.45,245.39999999999998,14.42371019252908,Low
3181-VTHOE,0.023491619774584915,51.05,612.5999999999999,14.390966273910717,Low
7996-BPXHY,0.047929084963238375,25.0,300.0,14.378725488971513,Low
8414-OOEEL,0.015049880499777877,79.5,954.0,14.357585996788094,Low
3508-VLHCZ,0.013191346748173365,90.55,1086.6,14.333717376565177,Low
3967-KXAPS,0.012923443410688398,92.3,1107.6,14.314005921678469,Low
1964-SVLEA,0.060486792827030136,19.7,236.39999999999998,14.299077824309922,Low
2194-IIQOF,0.013288329476016053,89.3,1071.6,14.239773866498801,Low
6408-WHTEF,0.013261308239905782,89.4,1072.8000000000002,14.226731479770926,Low
4827-DPADN,0.014217632699462418,83.3,999.5999999999999,14.211945646382631,Low
6741-QRLUP,0.01474742118136833,80.3,963.5999999999999,14.210615050366522,Low
3549-ZTMNH,0.049272468171892715,24.0,288.0,14.190470833505103,Low
4425-OWHWB,0.06100107991062334,19.35,232.20000000000002,14.16445075524674,Low
0104-PPXDV,0.02339059109677917,50.3,603.5999999999999,14.118560786015905,Low
1498-DQNRX,0.05925324004334382,19.85,238.20000000000002,14.114121778324499,Low
1760-CAZHT,0.05643801618810811,20.8,249.60000000000002,14.086928840551787,Low
7795-CFOCW,0.027745615917773823,42.3,507.59999999999997,14.083674639861991,Low
4671-VJLCL,0.014661498947041173,79.85,958.1999999999999,14.048648291054851,Low
1951-IEYXM,0.012921589526278717,90.6,1087.1999999999998,14.04835213297022,Low
1763-KUAAW,0.05748955601381115,20.35,244.20000000000002,14.038949578572684,Low
2907-ILJBN,0.056729306981816614,20.6,247.20000000000002,14.023484685905068,Low
1265-ZFOSD,0.014348282179601192,81.3,975.5999999999999,13.99818409441892,Low
0829-DDVLK,0.058029843467002976,20.1,241.20000000000002,13.996798244241118,Low
4451-RWASJ,0.05959470381838334,19.5,234.0,13.945160693501702,Low
0203-HHYIJ,0.04592191980257009,25.3,303.6,13.941894852060281,Low
5583-EJXRD,0.02146647642264439,54.05,648.5999999999999,13.92315660772715,Low
0909-SELIE,0.014358686753161522,80.8,969.5999999999999,13.922182675865411,Low
2725-TTRIQ,0.013778425605793874,84.2,1010.4000000000001,13.921721232094132,Low
9142-XMYJH,0.05995174808783326,19.35,232.20000000000002,13.920795905994884,Low
6916-HIJSE,0.013668838051232621,84.85,1018.1999999999999,13.917610903765054,Low
6122-EFVKN,0.03241621524507707,35.75,429.0,13.906556340138062,Low
3721-CNZHX,0.05844602858323058,19.8,237.60000000000002,13.886776391375587,Low
1930-BZLHI,0.05683639405127711,20.35,244.20000000000002,13.879447427321871,Low
7817-OMJNA,0.05666184637888012,20.4,244.79999999999998,13.870819993549851,Low
8461-EFQYM,0.04760051668660272,24.25,291.0,13.851750355801393,Low
1929-ZCBHE,0.0286389047930882,40.3,483.59999999999997,13.849774357937452,Low
6481-LXPWL,0.03196405476575504,36.1,433.20000000000005,13.846828524525085,Low
5727-MYATE,0.012707326548998059,90.8,1089.6,13.845903007788284,Low
6509-TSGWN,0.04352981099046859,26.45,317.4,13.81636200837473,Low
5387-ASZNZ,0.018018657303095723,63.85,766.2,13.805895225631943,Low
6872-HXFNF,0.01967915332688317,58.35,700.2,13.779343159483597,Low
0357-NVCRI,0.05715787383191875,20.05,240.60000000000002,13.752184443959651,Low
6885-PKOAM,0.0133615327554849,85.75,1029.0,13.749017205393962,Low
1084-MNSMJ,0.013389337507751944,85.5,1026.0,13.737460282953494,Low
3938-YFPXD,0.01357846770490656,84.3,1011.5999999999999,13.735977930283475,Low
3249-VHRIP,0.026246300329248122,43.6,523.2,13.732064332262619,Low
3638-VBZTA,0.01321817089886297,86.5,1038.0,13.720461393019763,Low
4077-HWUYD,0.013057339185540614,87.55,1050.6,13.718040548328968,Low
9758-MFWGD,0.03820645426273211,29.9,358.79999999999995,13.70847578946828,Low
4723-BEGSG,0.013177321411530123,86.65,1039.8000000000002,13.701778803709024,Low
6195-MELTI,0.020861104486209547,54.65,655.8,13.68071232205622,Low
2990-IAJSV,0.012373252244792604,92.0,1104.0,13.660070478251034,Low
4547-FZJWE,0.019126852312309133,59.45,713.4000000000001,13.645096439601337,Low
6461-SZMCV,0.0128950684087561,87.95,1055.4,13.609455198601188,Low
1171-TYKUR,0.044635482721925836,25.4,304.79999999999995,13.604895133642993,Low
9110-HSGTV,0.013740094263064129,82.45,989.4000000000001,13.594449263875651,Low
3243-ZHOHY,0.056283136211298684,20.1,241.20000000000002,13.575492454165243,Low
2484-DGXPZ,0.05786364416796454,19.55,234.60000000000002,13.574810921804481,Low
9548-LIGTA,0.013894175032079945,81.05,972.5999999999999,13.513474636200952,Low
9227-YBAXE,0.013648109841245176,82.5,990.0,13.511628742832725,Low
0654-PQKDW,0.01590695392646822,70.75,849.0,13.505003883571518,Low
7029-IJEJK,0.025518508385437285,44.1,529.2,13.504394637573412,Low
5245-VDBUR,0.03173239319767796,35.45,425.40000000000003,13.498960066292206,Low
5879-HMFFH,0.01275359918580765,88.05,1056.6,13.475452899724361,Low
9253-VIFJQ,0.01666400389729531,67.05,804.5999999999999,13.407857535763807,Low
9108-EQPNQ,0.04265790931950232,26.1,313.20000000000005,13.36045719886813,Low
7873-CVMAW,0.0125700889128491,88.55,1062.6,13.356976478793452,Low
1506-YJTYT,0.015063384074001955,73.85,886.1999999999999,13.349170966380532,Low
2706-QZIHY,0.044047374613298045,25.2,302.4,13.319926083061327,Low
7269-JISCY,0.024638293888737044,45.05,540.5999999999999,13.319461676251244,Low
1915-OAKWD,0.05733139056694192,19.3,231.60000000000002,13.27795005530375,Low
3227-WLKLI,0.012085377116655992,91.55,1098.6,13.276995300358271,Low
7398-HPYZQ,0.012215481532548578,90.55,1086.6,13.273342233267284,Low
6681-ZSEXG,0.01855944170441502,59.5,714.0,13.251441376952323,Low
0839-JTCUD,0.01222633403208996,89.9,1078.8000000000002,13.18976915381865,Low
0307-BCOPK,0.05769418787741276,19.05,228.60000000000002,13.188891348776558,Low
7054-DMVAS,0.01682389827992617,65.3,783.5999999999999,13.183206692150145,Low
0946-FKYTX,0.036312399728439866,30.1,361.20000000000005,13.116038781912481,Low
5680-LQOGP,0.013241610434938761,82.45,989.4000000000001,13.101249364328412,Low
5505-OVWQW,0.05415535098974469,20.15,241.79999999999998,13.094763869320264,Low
0674-GCDXG,0.015154292275836726,71.9,862.8000000000001,13.075123375591929,Low
6508-NJYRO,0.05789821660565853,18.8,225.60000000000002,13.061837666236567,Low
3084-DOWLE,0.011813068258466938,92.0,1104.0,13.0416273573475,Low
3489-VSFRD,0.01803716032142385,60.25,723.0,13.040866912389443,Low
4782-OSFXZ,0.013129779520043561,82.7,992.4000000000001,13.029993195691231,Low
5485-ITNPC,0.012623422315230101,85.9,1030.8000000000002,13.01222372253919,Low
8580-QVLOC,0.011673655442263843,92.45,1109.4,12.95075334764751,Low
1734-ZMNTZ,0.043087245411403165,25.0,300.0,12.926173623420949,Low
6418-PIQSP,0.013288599069450669,81.0,972.0,12.91651829550605,Low
9617-UDPEU,0.055871319509703345,19.25,231.0,12.906274806741473,Low
9135-MGVPY,0.012696990983437611,84.7,1016.4000000000001,12.905221635565988,Low
9675-ICXCT,0.013302373758879276,80.8,969.5999999999999,12.897981596609345,Low
4311-QTTAI,0.05546117799875365,19.35,232.20000000000002,12.878085531310598,Low
5816-JMLGY,0.013288266700845732,80.4,964.8000000000001,12.820519712975964,Low
4702-HDRKD,0.02163340516121782,49.35,592.2,12.811302536473194,Low
2256-YLYLP,0.014604340165256085,72.95,875.4000000000001,12.784639380665178,Low
4616-EWBNJ,0.052918357008399565,20.1,241.20000000000002,12.763907710425975,Low
2885-HIJDH,0.012239377995788066,86.9,1042.8000000000002,12.763223374007797,Low
2239-CGBUZ,0.017557171672100934,60.5,726.0,12.746506633945279,Low
9891-NQDBD,0.0415596345550202,25.55,306.6,12.742183954569194,Low
9073-ZZIAY,0.012305798955140243,86.1,1033.1999999999998,12.714351480450896,Low
1577-HKTFG,0.0538618723058028,19.65,235.79999999999998,12.700629489708298,Low
1099-GODLO,0.05198113813863068,20.35,244.20000000000002,12.693793933453613,Low
0121-SNYRK,0.02986437149047269,35.4,424.79999999999995,12.686385009152797,Low
4359-INNWN,0.05260523914787233,20.05,240.60000000000002,12.656820538978083,Low
8404-VIOMB,0.016865581957406634,62.5,750.0,12.649186468054976,Low
8690-ZVLCL,0.011960350349869453,88.0,1056.0,12.630129969462143,Low
5456-ITGIC,0.016319755859535243,64.45,773.4000000000001,12.621699181764559,Low
8007-YYPWD,0.04188392055086631,25.05,300.6,12.590306517590413,Low
1133-KXCGE,0.052119651706841186,20.1,241.20000000000002,12.571259991690095,Low
7609-NRNCA,0.05349265180735274,19.55,234.60000000000002,12.549376114004955,Low
3957-HHLMR,0.01602715559278228,65.2,782.4000000000001,12.539646535792857,Low
9847-HNVGP,0.05236881416270594,19.95,239.39999999999998,12.5370941105518,Low
0191-EQUUH,0.02972845509510728,35.05,420.59999999999997,12.503788213002121,Low
6248-TKCQV,0.012875102996273355,80.6,967.1999999999999,12.452799617995588,Low
5996-EBTKM,0.014821363154462482,69.9,838.8000000000001,12.43215941396313,Low
2683-JXWQQ,0.030814654221675206,33.6,403.20000000000005,12.424468582179445,Low
2030-BTZRO,0.05071354349520271,20.4,244.79999999999998,12.414675447625623,Low
7527-QNRUS,0.04105533007011712,25.15,301.79999999999995,12.390498615161345,Low
0744-BIKKF,0.011880464617294135,86.65,1039.8000000000002,12.353307109062444,Low
5329-KRDTM,0.013308868517292065,77.35,928.1999999999999,12.353291757750494,Low
3178-CIFOT,0.052228535289838174,19.65,235.79999999999998,12.31548862134384,Low
9470-YFUYI,0.014450593046139196,71.0,852.0,12.311905275310595,Low
7196-LIWRH,0.052447434720659006,19.55,234.60000000000002,12.304168185466605,Low
8374-UULRV,0.011906280218950125,86.05,1032.6,12.294424954087898,Low
4203-QGNZA,0.05056224235888739,20.25,243.0,12.286624893209636,Low
9766-HGEDE,0.05290472895297873,19.35,232.20000000000002,12.284478062881663,Low
0269-XFESX,0.042003600372473394,24.35,292.20000000000005,12.273452028836727,Low
3891-NLXJB,0.02522128746706387,40.55,486.59999999999997,12.272678481473278,Low
9150-HEPMB,0.019399715272253374,52.7,632.4000000000001,12.268379938173036,Low
4334-HOWRP,0.015728175892920974,64.95,779.4000000000001,12.258540290942609,Low
8499-BRXTD,0.05080770867345845,20.1,241.20000000000002,12.25481933203818,Low
2274-XUATA,0.016169501357005088,63.1,757.2,12.243546427524253,Low
2171-UDMFD,0.052445363856082935,19.45,233.39999999999998,12.240747924009757,Low
7636-PEPNS,0.023111510147009025,44.1,529.2,12.230611169797177,Low
9046-JBFWA,0.053056892541768326,19.15,229.79999999999998,12.19247390609836,Low
9477-LGWQI,0.012609941854643883,80.15,961.8000000000001,12.128242075796487,Low
6762-QVYJO,0.016873307008000493,59.75,717.0,12.098161124736354,Low
8969-PRHFK,0.05129765770195262,19.65,235.79999999999998,12.095987686120427,Low
9068-VPWQQ,0.013337222729514158,75.35,904.1999999999999,12.0595167920267,Low
1088-AUUZZ,0.013241630350064116,75.85,910.1999999999999,12.052531944628358,Low
1038-ZAGBI,0.05070823860278655,19.8,237.60000000000002,12.048277492022086,Low
7279-NMVJC,0.05031294165204005,19.9,238.79999999999998,12.014730466507162,Low
9150-KPBJQ,0.05091134522567819,19.65,235.79999999999998,12.004895204214916,Low
1172-VIYBP,0.014350486026718718,69.7,836.4000000000001,12.002746512747537,Low
5656-MJEFC,0.020765635275311157,48.15,577.8,11.998384062074786,Low
4323-ELYYB,0.04986950358350234,20.0,240.0,11.96868086004056,Low
8746-BFOAJ,0.04835945739305065,20.5,246.0,11.89642651869046,Low
5197-YPYBZ,0.03924905557440084,25.25,303.0,11.892463839043454,Low
5130-YPIRV,0.013751264220997964,72.0,864.0,11.881092286942241,Low
2606-PKWJB,0.024578123269137622,40.25,483.0,11.871233538993472,Low
9560-BBZXK,0.031764692093814245,31.05,372.6,11.835524274155189,Low
1790-NESIO,0.048313453033956864,20.4,244.79999999999998,11.827133302712639,Low
4973-MGTON,0.011675014777494427,84.4,1012.8000000000001,11.824454966646357,Low
9648-BCHKM,0.03974762831889369,24.65,295.79999999999995,11.757348456728751,Low
9102-OXKFY,0.018088903909213378,54.15,649.8,11.754169760206853,Low
6147-CBCRA,0.048822954376611286,20.05,240.60000000000002,11.746802823012676,Low
3131-NWVFJ,0.04978404606565712,19.55,234.60000000000002,11.679337207003162,Low
9030-QGZNL,0.04657508380915723,20.85,250.20000000000002,11.65308596905114,Low
0993-OSGPT,0.01599055567031041,60.65,727.8,11.637926416851917,Low
5930-GBIWP,0.011889787986936556,81.5,978.0,11.62821265122395,Low
1837-YQUCE,0.016582666007907258,58.35,700.2,11.611182738736662,Low
5726-CVNYA,0.04872290177285197,19.85,238.20000000000002,11.60579520229334,Low
1178-PZGAB,0.047625830051775446,20.25,243.0,11.573076702581433,Low
0602-DDUML,0.013819735872081962,69.75,837.0,11.567118924932602,Low
3043-SUDUA,0.04835949722965362,19.9,238.79999999999998,11.548247938441284,Low
9845-QOMAD,0.04866790077805347,19.75,237.0,11.534292484398673,Low
8169-SAEJD,0.01698442814309539,56.55,678.5999999999999,11.525632937904529,Low
3569-JFODW,0.010557047211246859,90.95,1091.4,11.521961326354822,Low
4654-ULTTN,0.012819198116435037,74.8,897.5999999999999,11.506512229312088,Low
9860-LISIZ,0.047066347076576184,20.35,244.20000000000002,11.493601956099905,Low
3546-GHEAE,0.04913127908216334,19.45,233.39999999999998,11.467240537776922,Low
8388-DMKAE,0.047184059368907,20.25,243.0,11.465726426644402,Low
0422-OHQHQ,0.04642509942137405,20.55,246.60000000000002,11.448429517310842,Low
8745-PVESG,0.023151981963261424,41.1,493.20000000000005,11.418557504280535,Low
4549-ZDQYY,0.016411842220018555,57.95,695.4000000000001,11.412795079800905,Low
2845-KDHVX,0.013912630084748225,68.3,819.5999999999999,11.402791617459643,Low
9489-JMTTN,0.010574041178458875,89.75,1077.0,11.388242349200208,Low
4039-PIMHX,0.01900113923237487,49.8,597.5999999999999,11.355080805267221,Low
3050-RLLXC,0.011621956677486929,81.25,975.0,11.331407760549755,Low
6169-PGNCD,0.01266023680480219,74.3,891.5999999999999,11.287867135161632,Low
3796-ENZGF,0.013983004670065904,67.25,807.0,11.284284768743184,Low
4674-HGNUA,0.01043993716547005,89.9,1078.8000000000002,11.262604214109093,Low
3638-WEABW,0.015665776578634296,59.9,718.8,11.260560204722331,Low
5312-TSZVC,0.04774900987411748,19.65,235.79999999999998,11.259216528316902,Low
2017-CCBLH,0.04690316994415131,20.0,240.0,11.256760786596313,Low
6878-GGDWG,0.04823540241070113,19.4,232.79999999999998,11.229201681211222,Low
5377-NDTOU,0.01027110156027685,91.05,1092.6,11.222205564758486,Low
9435-JMLSX,0.010857260078940688,86.1,1033.1999999999998,11.217721113561517,Low
5003-OKNNK,0.045906878219828404,20.35,244.20000000000002,11.210459661282098,Low
5320-BRKGK,0.01231881021132762,75.8,909.5999999999999,11.205189768223601,Low
0244-LGNFY,0.010077677137236373,92.65,1111.8000000000002,11.204361441179401,Low
0336-KXKFK,0.015220787548689323,61.2,734.4000000000001,11.17814637575744,Low
9888-ZCUMM,0.01542687080336508,60.05,720.5999999999999,11.116603100904875,Low
1414-YADCW,0.010949564110169107,84.6,1015.1999999999999,11.115997484643676,Low
8316-BBQAY,0.015446171337343436,59.95,719.4000000000001,11.11197566008487,Low
7408-OFWXJ,0.010291870189653421,89.8,1077.6,11.090519316370527,Low
7110-BDTWG,0.019605685258803372,47.05,564.5999999999999,11.069369897120382,Low
7813-TKCVO,0.045317720360914096,20.35,244.20000000000002,11.066587312135223,Low
0378-XSZPU,0.015289452610267635,60.3,723.5999999999999,11.063447908789659,Low
6870-ZWMNX,0.012095150826727224,76.1,913.1999999999999,11.0452917349673,Low
2320-TZRRH,0.04706595770623071,19.5,234.0,11.013434103257987,Low
9140-CZQZZ,0.011516162118930631,79.6,955.1999999999999,11.000238056002537,Low
4092-OFQZS,0.04435427573707895,20.65,247.79999999999998,10.990989527648164,Low
1775-KWJKQ,0.010192774819885574,89.85,1078.1999999999998,10.989849810800624,Low
1407-DIGZV,0.04790831974267138,19.1,229.20000000000002,10.980586885020282,Low
3374-PZLXD,0.04643685496228497,19.7,236.39999999999998,10.977672513084165,Low
9565-FLVCG,0.013132164448268103,69.55,834.5999999999999,10.960104448524557,Low
1492-KGETH,0.01165579929151893,78.35,940.1999999999999,10.958782493886098,Low
1272-ILHFG,0.04644823239683358,19.65,235.79999999999998,10.952493199173357,Low
9534-NSXEM,0.044073736285514725,20.65,247.79999999999998,10.921471851550548,Low
5546-BYZSM,0.04432978964346861,20.45,245.39999999999998,10.878530378507197,Low
2661-GKBTK,0.011753853949114981,76.95,923.4000000000001,10.853508736612774,Low
2925-VDZHY,0.010185449334270999,88.7,1064.4,10.841392271398052,Low
9309-BZGNT,0.03030609263372679,29.8,357.6,10.837458725820701,Low
5494-WOZRZ,0.01101311390072458,82.0,984.0,10.836904078312987,Low
2725-IWWBA,0.015820997828450995,56.9,682.8,10.802577317266339,Low
8184-WMOFI,0.012563276985461473,71.4,856.8000000000001,10.76421572114339,Low
4079-WWQQQ,0.013677949781064546,65.55,786.5999999999999,10.75907529778537,Low
2405-LBMUW,0.017683286021317093,50.7,608.4000000000001,10.758511215369321,Low
2995-YWTCD,0.03583249318088109,24.9,298.79999999999995,10.706748962447268,Low
9867-JCZSP,0.042971734246952636,20.75,249.0,10.699961827491206,Low
7369-TRPFD,0.04730361445000891,18.8,225.60000000000002,10.671695419922012,Low
0730-BGQGF,0.00984636268995993,90.3,1083.6,10.66951861084058,Low
6810-VCAEX,0.02242120760072987,39.65,475.79999999999995,10.668010576427271,Low
5117-ZSMHQ,0.009886141211474648,89.9,1078.8000000000002,10.665169138938852,Low
6953-PBDIN,0.012166775983596199,72.95,875.4000000000001,10.650795696040113,Low
1177-XZBJL,0.01382061042174222,64.15,769.8000000000001,10.639105902657162,Low
6685-GBWJZ,0.012521225096061506,70.8,849.5999999999999,10.638032841613855,Low
9621-OUPYD,0.043877115587325516,20.2,242.39999999999998,10.635812818367704,Low
6463-MVYRY,0.012676155343843967,69.85,838.1999999999999,10.625153409210013,Low
5170-PTRKA,0.0247299107553876,35.8,429.59999999999997,10.623969660514513,Low
3452-FLHYD,0.042180318063982085,20.95,251.39999999999998,10.604131961285095,Low
3262-EIDHV,0.010432812065554499,84.7,1016.4000000000001,10.603910183429594,Low
0739-UUAJR,0.016414478174907987,53.8,645.5999999999999,10.597187109720595,Low
7649-SIJJF,0.010997347335589642,80.1,961.1999999999999,10.570650258968763,Low
0754-EEBDC,0.044040069701197636,19.9,238.79999999999998,10.516768644645994,Low
7253-UVNDW,0.016060227142535993,54.35,652.2,10.474480142361976,Low
3717-FDJFU,0.042620203333761715,20.45,245.39999999999998,10.458997898105125,Low
0298-XACET,0.017356249344883515,50.2,602.4000000000001,10.455404605357831,Low
2824-DXNKN,0.012187627902631571,71.45,857.4000000000001,10.449672163716311,Low
2550-AEVRU,0.016287914116726147,53.45,641.4000000000001,10.447068114468152,Low
4291-TPNFG,0.010544648446148282,82.3,987.5999999999999,10.413894805416042,Low
7131-ZQZNK,0.014481644145779344,59.85,718.2,10.400716825498725,Low
0556-FJEGU,0.012362722020861939,70.1,841.1999999999999,10.399521763949062,Low
7524-VRLPL,0.011677631339877245,74.1,889.1999999999999,10.383749787418846,Low
0428-AXXLJ,0.044363260127199516,19.5,234.0,10.381002869764687,Low
0363-SVHYR,0.00987636174385047,86.85,1042.1999999999998,10.293144209440957,Low
0238-WHBIQ,0.009538222343166779,89.7,1076.4,10.266942530184721,Low
9046-DQMTP,0.04113252985543809,20.75,249.0,10.241999934004085,Low
0214-JHPFW,0.014748849368171847,57.8,693.5999999999999,10.229801921763992,Low
7771-CFQRQ,0.013356215428732731,63.8,765.5999999999999,10.225518532237778,Low
6332-FBZRI,0.012284620041165673,69.35,832.1999999999999,10.223260798258073,Low
6368-TZZDT,0.043424523359569964,19.5,234.0,10.161338466139371,Low
4188-PCPIG,0.012034545669853137,70.35,844.1999999999999,10.159563454490018,Low
8232-CTLKO,0.014152145174014382,59.75,717.0,10.147088089768312,Low
4707-YNOQA,0.032978579066493346,25.6,307.20000000000005,10.131019489226757,Low
0379-DJQHR,0.010370428940701684,81.35,976.1999999999999,10.123612731912983,Low
5847-MXBEO,0.041511070766898944,20.3,243.60000000000002,10.112096838816583,Low
6094-ZIVKX,0.015456763338454256,54.45,653.4000000000001,10.099449165346012,Low
1354-YZFNB,0.043031227051721785,19.55,234.60000000000002,10.095125866333932,Low
4950-HKQTE,0.03203191851459347,26.25,315.0,10.090054332096944,Low
7103-ZGVNT,0.011407783307681683,73.7,884.4000000000001,10.089043557313682,Low
9968-FFVVH,0.0121770355949843,68.8,825.5999999999999,10.053360587219037,Low
0361-HJRDX,0.012992425557834697,64.35,772.1999999999999,10.032751015759953,Low
8908-NMQTX,0.01269443420341616,65.6,787.1999999999999,9.9930586049292,Low
0114-IGABW,0.014291853655509505,58.25,699.0,9.990005705201144,Low
0412-UCCNP,0.014061164304631743,59.2,710.4000000000001,9.989051122010391,Low
2378-YIZKA,0.009781539573109413,85.0,1020.0,9.9771703645716,Low
5917-HBSDW,0.04294898944059255,19.35,232.20000000000002,9.97275534810559,Low
8722-PRFDV,0.010713165463116245,77.55,930.5999999999999,9.969671779975977,Low
2192-CKRLV,0.01679848617619727,49.2,590.4000000000001,9.91782623842687,Low
3745-HRPHI,0.015088575244909485,54.65,655.8,9.895087645611639,Low
8204-YJCLA,0.012723251850428432,64.8,777.5999999999999,9.893600638893147,Low
6023-GSSXW,0.013375837020466548,61.45,737.4000000000001,9.863342218892035,Low
3125-RAHBV,0.04033931572418403,20.3,243.60000000000002,9.826657310411232,Low
7153-CHRBV,0.013808943012232877,59.3,711.5999999999999,9.826443847504914,Low
5676-CFLYY,0.011133914997901598,73.35,880.1999999999999,9.800071981152986,Low
8181-YHCMF,0.01351798479320989,60.3,723.5999999999999,9.781613796366676,Low
2587-YNLES,0.04054771605830791,20.1,241.20000000000002,9.780109113263869,Low
9746-UGFAC,0.03906440806900219,20.85,250.20000000000002,9.773914898864348,Low
7349-ALMUX,0.012415700231346492,65.6,787.1999999999999,9.773639222115959,Low
8672-OAUPW,0.016983229896006383,47.85,574.2,9.751770606286867,Low
7665-NKLAV,0.019982507620230846,40.65,487.79999999999995,9.747467217148605,Low
2649-HWLYB,0.010659897963205937,76.15,913.8000000000001,9.741014758777586,Low
8626-PTQGE,0.013504742876861962,60.05,720.5999999999999,9.731517717066728,Low
0042-JVWOJ,0.04135954156864491,19.6,235.20000000000002,9.727764176945284,Low
8022-BECSI,0.04130697452841598,19.6,235.20000000000002,9.71540040908344,Low
4967-WPNCF,0.012679368475964532,63.7,764.4000000000001,9.69210926302729,Low
6698-OXETB,0.03958460423565071,20.4,244.79999999999998,9.690311116887292,Low
6439-PKTRR,0.009999993637517163,80.7,968.4000000000001,9.683993838571622,Low
7284-ZZLOH,0.015071104026728588,53.3,639.5999999999999,9.639478135495605,Low
1682-VCOIO,0.03924940814679085,20.45,245.39999999999998,9.631804759222474,Low
5186-PEIZU,0.04157986945885043,19.25,231.0,9.604949844994449,Low
9489-DEDVP,0.01156122261688475,69.2,830.4000000000001,9.600439261061098,Low
0420-TXVSG,0.012099112734791504,66.1,793.1999999999999,9.59701622123662,Low
8146-QQKZH,0.009733245195802012,81.85,982.1999999999999,9.559993431316736,Low
4115-UMJFQ,0.022169787439196818,35.75,429.0,9.510838811415434,Low
1027-LKKQQ,0.009848534374029744,80.45,965.4000000000001,9.507775084688316,Low
6518-KZXCB,0.031371683571522146,25.25,303.0,9.50562012217121,Low
1972-XMUWV,0.013204722871907978,59.8,717.5999999999999,9.475709132881164,Low
1401-FTHFQ,0.03942761389174172,20.0,240.0,9.462627334018013,Low
5736-YEJAX,0.009900941894398487,79.45,953.4000000000001,9.439558002119519,Low
7560-QJAVJ,0.009857403760201684,79.6,955.1999999999999,9.415792071744647,Low
7359-SSBJK,0.0111489107913742,70.2,842.4000000000001,9.391842450653627,Low
0516-VRYBW,0.038819622636447046,20.15,241.79999999999998,9.386584753492896,Low
9313-CDOGY,0.039904996555320975,19.6,235.20000000000002,9.385655189811494,Low
5126-RCXYW,0.01700037852219033,46.0,552.0,9.384208944249062,Low
5458-CQJTA,0.010453539189911997,74.8,897.5999999999999,9.383096776865008,Low
8314-HTWVE,0.03901055428754683,19.85,238.20000000000002,9.292314031293655,Low
6695-AMZUF,0.008933438163918653,86.45,1037.4,9.267548751249212,Low
6527-PZFPV,0.037106966882817866,20.8,249.60000000000002,9.26189893395134,Low
3523-BRGUW,0.03986404634183201,19.3,231.60000000000002,9.232513132768293,Low
6016-LVTJQ,0.03722265582361579,20.65,247.79999999999998,9.223774113091991,Low
8884-MRNSU,0.038619286483922266,19.9,238.79999999999998,9.222285612360636,Low
1982-FEBTD,0.030014930866124133,25.6,307.20000000000005,9.220586762073335,Low
7244-KXYZN,0.037565243494248696,20.45,245.39999999999998,9.21851075348863,Low
8606-OEGQZ,0.030271973875981878,25.3,303.6,9.1905712687481,Low
2234-EOFPT,0.009647742644259093,79.35,952.1999999999999,9.186580545863508,Low
2829-HYVZP,0.03854534303508632,19.8,237.60000000000002,9.15837350513651,Low
1093-YSWCA,0.0389667568268627,19.55,234.60000000000002,9.141601151581991,Low
2581-VKIRT,0.011627178119440288,65.5,786.0,9.138962001880065,Low
1092-WPIVQ,0.03025608916469466,25.1,301.20000000000005,9.113134056406032,Low
4676-WLUHT,0.01643752390870568,46.2,554.4000000000001,9.11296325498643,Low
9453-PATOS,0.008906887804356814,85.1,1021.1999999999999,9.095713825809177,Low
8205-VSLRB,0.009787627372671807,77.3,927.5999999999999,9.079003150890367,Low
5707-ZMDJP,0.010801795549058132,69.7,836.4000000000001,9.034621797232223,Low
1069-QJOEE,0.03773510969325118,19.9,238.79999999999998,9.01114419474838,Low
3778-FOAQW,0.037108833885660025,20.15,241.79999999999998,8.972916033552593,Low
2061-VVFST,0.03834207162711069,19.5,234.0,8.9720447607439,Low
8336-TAVKX,0.009514629976795733,78.45,941.4000000000001,8.957072660155504,Low
7639-OPLNG,0.009411190109595114,79.25,951.0,8.950041794224953,Low
5474-LAMUQ,0.037089620785499565,20.1,241.20000000000002,8.946016533462496,Low
1022-RKXDR,0.029992277736919235,24.85,298.20000000000005,8.943697221149318,Low
8631-NBHFZ,0.009378714774452446,79.4,952.8000000000001,8.936039437098291,Low
8748-HFWBO,0.037346437705046205,19.9,238.79999999999998,8.918329323965033,Low
7781-HVGMK,0.0113937742887767,65.2,782.4000000000001,8.91448900353889,Low
3594-BDSOA,0.0362843018531187,20.4,244.79999999999998,8.882397093643457,Low
3129-AAQOU,0.028879042279230015,25.6,307.20000000000005,8.871641788179462,Low
7101-HRBLJ,0.008828289871982913,83.7,1004.4000000000001,8.867134347419638,Low
3506-OVLKD,0.028191083221720727,26.2,314.4,8.863276564908997,Low
5148-ORICT,0.00993088589624906,74.35,892.1999999999999,8.86033639663341,Low
1561-BWHIN,0.037256661270088184,19.8,237.60000000000002,8.852182717772953,Low
4803-LBYPN,0.03538088460514472,20.8,249.60000000000002,8.831068797444123,Low
9347-AERRL,0.03811871111979585,19.3,231.60000000000002,8.82829349534472,Low
0859-YGKFW,0.03662020486344761,20.05,240.60000000000002,8.810821290145496,Low
2085-JVGAD,0.03576521898173495,20.35,244.20000000000002,8.733866475339676,Low
3566-CAAYU,0.01459639172997413,49.85,598.2,8.731561532870526,Low
2229-DPMBI,0.03729844617445239,19.5,234.0,8.72783640482186,Low
4685-TFLLS,0.03672191172463452,19.8,237.60000000000002,8.725126225773163,Low
2430-RRYUW,0.013267614010254919,54.8,657.5999999999999,8.724782973143633,Low
0224-NIJLP,0.036075257150660275,20.15,241.79999999999998,8.722997179029655,Low
7137-NAXML,0.03596432184205956,20.15,241.79999999999998,8.69617302141,Low
2005-DWQZJ,0.03800408921430988,19.05,228.60000000000002,8.68773479439124,Low
7319-ZNRTR,0.03685601464119648,19.6,235.20000000000002,8.668534643609412,Low
3902-MIVLE,0.009522326650680892,75.7,908.4000000000001,8.650081529478523,Low
6504-VBLFL,0.012279478864348065,58.6,703.2,8.63492953740956,Low
9242-TKFSV,0.011027714570488081,65.1,781.1999999999999,8.614850622465289,Low
6754-WKSHP,0.028200853603240674,25.35,304.20000000000005,8.578699666105814,Low
5057-RKGLH,0.035119847372285275,20.35,244.20000000000002,8.576266728312065,Low
2138-VFAPZ,0.036264219304924204,19.7,236.39999999999998,8.572861443684081,Low
5014-GSOUQ,0.03579022730852704,19.95,239.39999999999998,8.568180417661372,Low
5766-FTRTS,0.008452286814918305,84.45,1013.4000000000001,8.56554745823821,Low
5063-IUOKK,0.036139014153064454,19.75,237.0,8.564946354276275,Low
6061-PQHMK,0.035833085815388604,19.9,238.79999999999998,8.556940892714799,Low
4915-BFSXL,0.010339936464552401,68.95,827.4000000000001,8.555263430770658,Low
5915-ANOEI,0.008992778234938784,79.15,949.8000000000001,8.541340767544858,Low
5275-PMFUT,0.010963206956496673,64.8,777.5999999999999,8.524989729371812,Low
9055-MOJJJ,0.0107917552096634,65.8,789.5999999999999,8.521169913550219,Low
5647-URDKA,0.035945040458423644,19.7,236.39999999999998,8.497407564371349,Low
8763-KIAFH,0.03429899837955098,20.55,246.60000000000002,8.458133000397272,Low
3352-RICWQ,0.03565449958592739,19.75,237.0,8.450116401864792,Low
1839-UMACK,0.028082404888362313,25.05,300.6,8.441570909441712,Low
3078-ZKNTS,0.03555824063046557,19.75,237.0,8.42730302942034,Low
5469-NUJUR,0.035201615371090386,19.95,239.39999999999998,8.427266719839038,Low
1535-VTJOQ,0.02791215540896147,25.15,301.79999999999995,8.423888502424571,Low
7277-KAMWT,0.03508997591388612,20.0,240.0,8.42159421933267,Low
5995-WWKKG,0.035433694415423114,19.8,237.60000000000002,8.419045793104532,Low
0617-AQNWT,0.014653742497820425,47.85,574.2,8.414178942248489,Low
8039-EQPIM,0.011631791947166271,60.25,723.0,8.409785577801214,Low
6115-ZTBFQ,0.010667480772390462,65.5,786.0,8.384639887098903,Low
1245-HARPS,0.0341824026738223,20.4,244.79999999999998,8.367852174551698,Low
0979-MOZQI,0.017812612042157068,39.0,468.0,8.336302435729507,Low
0277-ORXQS,0.013725993967695565,50.55,606.5999999999999,8.326187940804129,Low
6479-OAUSD,0.03479587351268244,19.9,238.79999999999998,8.309254594828566,Low
2535-PBCGC,0.010689430504404523,64.55,774.5999999999999,8.280032868711743,Low
0301-FIDRB,0.010806604094812513,63.8,765.5999999999999,8.27353609498846,Low
8148-WOCMK,0.03500691344053873,19.6,235.20000000000002,8.23362604121471,Low
8515-OCTJS,0.027688967255685235,24.75,297.0,8.223623274938515,Low
3908-MKIMJ,0.016311669343406457,41.95,503.40000000000003,8.211294347470812,Low
1534-OULXE,0.013765976302307312,49.7,596.4000000000001,8.210028266696082,Low
9424-CMPOG,0.034738419229688934,19.6,235.20000000000002,8.170476202822838,Low
3161-ONRWK,0.010304460328657202,65.85,790.1999999999999,8.14258455170492,Low
1221-GHZEP,0.0104167137660525,65.1,781.1999999999999,8.137536794040212,Low
7337-CINUD,0.03476246293051287,19.5,234.0,8.13441632574001,Low
3740-RLMVT,0.01111257749866939,60.95,731.4000000000001,8.127739182526794,Low
1494-EJZDW,0.033612619492018464,20.15,241.79999999999998,8.127531393170065,Low
3812-LRZIR,0.027576078702396645,24.5,294.0,8.107367138504614,Low
2466-FCCPT,0.034249022901160144,19.7,236.39999999999998,8.096469013834257,Low
0017-DINOC,0.014884007069249692,45.2,542.4000000000001,8.073085434361035,Low
7898-PDWQE,0.008352803063197339,80.4,964.8000000000001,8.058784395372793,Low
9717-IOAAF,0.025876113684289256,25.85,310.20000000000005,8.026770464866528,Low
9178-JHUVJ,0.027734782464233408,24.1,289.20000000000005,8.020899088656304,Low
5360-XGYAZ,0.010173732294438265,65.65,787.8000000000001,8.014866301558467,Low
5495-GPSRW,0.033881309922129135,19.7,236.39999999999998,8.009541665591327,Low
4452-ROHMO,0.033857291204777054,19.6,235.20000000000002,7.963234891363563,Low
3985-HOYPM,0.03420018042542487,19.4,232.79999999999998,7.96180200303891,Low
3933-DQPWX,0.016706180364112956,39.7,476.40000000000003,7.958824325463413,Low
1222-KJNZD,0.032455716304595615,20.4,244.79999999999998,7.945159351365006,Low
5214-CHIWJ,0.03256597021606468,20.3,243.60000000000002,7.933070344633356,Low
8779-YIQQA,0.033378070461884075,19.8,237.60000000000002,7.930629541743657,Low
9823-EALYC,0.008170364555062867,80.85,970.1999999999999,7.926887691321992,Low
3500-NSDOA,0.009327408881955825,70.8,849.5999999999999,7.924566586109668,Low
1699-UOTXU,0.01075481541724314,61.4,736.8,7.924147999424745,Low
9443-JUBUO,0.010108844203468421,65.25,783.0,7.915225011315774,Low
8908-SLFCJ,0.03155812936745702,20.85,250.20000000000002,7.895843967737747,Low
2160-GPFXD,0.009947916315549622,65.65,787.8000000000001,7.836968473389993,Low
7998-WNZEM,0.008100868980469519,80.6,967.1999999999999,7.835160477910118,Low
2251-PYLPB,0.008202983207208173,79.55,954.5999999999999,7.830567769600921,Low
6100-FJZDG,0.0325033169810427,20.05,240.60000000000002,7.820298065638875,Low
5468-BPMMO,0.03320866838582225,19.6,235.20000000000002,7.810678804345394,Low
6365-HITVU,0.007445800039540588,87.25,1047.0,7.7957526413989955,Low
9488-FVZCC,0.008153982553712602,79.5,954.0,7.778899356241823,Low
1335-MXCSE,0.011720877783948504,55.25,663.0,7.770941970757859,Low
9803-FTJCG,0.009685889642330836,66.85,802.1999999999999,7.770020671077796,Low
6177-PEVRA,0.011662774581926643,55.5,666.0,7.767407871563144,Low
1439-LCGVL,0.033707890750142466,19.2,230.39999999999998,7.766298028832823,Low
7633-MVPUY,0.010828739781073777,59.75,717.0,7.764206423029898,Low
6701-DHKWQ,0.012579412963165938,51.35,616.2,7.751434267902852,Low
2749-CTKAJ,0.03205644167883103,20.15,241.79999999999998,7.751247597941343,Low
1122-YJBCS,0.01201598212459584,53.65,643.8,7.735889291814801,Low
4632-XJMEX,0.010249321951439067,62.85,754.2,7.730038615775345,Low
4632-PAOYU,0.03228749385505584,19.95,239.39999999999998,7.729626028900367,Low
8050-XGRVL,0.011745686804433978,54.75,657.0,7.716916230513124,Low
5397-NSKQG,0.012628430602665516,50.9,610.8,7.713445412108096,Low
4795-UXVCJ,0.03243011575055889,19.8,237.60000000000002,7.7053955023327925,Low
3487-EARAT,0.00865925695360247,74.1,889.1999999999999,7.699811283143316,Low
6374-AFWOX,0.00974885950045212,65.65,787.8000000000001,7.68015151445618,Low
4837-PZTIC,0.015273287581477094,41.9,502.79999999999995,7.679408995966682,Low
8966-OIQHG,0.030646691382721223,20.75,249.0,7.631026154297585,Low
5158-RIVOP,0.030423890244386635,20.9,250.79999999999998,7.630311673292168,Low
0230-WEQUW,0.011210234646071005,56.6,679.2,7.613991371611427,Low
6152-ONASV,0.010865534127936017,58.25,699.0,7.595008355427276,Low
1998-VHJHK,0.03302760102012327,19.15,229.79999999999998,7.589742714424326,Low
1897-RCFUM,0.026119346000427368,24.2,290.4,7.585058078524107,Low
6288-CHQJB,0.009034822155390636,69.95,839.4000000000001,7.5838297172349005,Low
2137-DQMEV,0.014034640098705886,44.8,537.5999999999999,7.545022517064283,Low
8277-RVRSV,0.026003459375607337,24.15,289.79999999999995,7.535802527051005,Low
9801-NOSHQ,0.03159071759418192,19.8,237.60000000000002,7.505954500377626,Low
5338-YHWYT,0.010172979802725307,61.45,737.4000000000001,7.501555306529642,Low
4709-LKHYG,0.031198988135479166,20.0,240.0,7.487757152515,Low
5876-QMYLD,0.031063955007415812,20.05,240.60000000000002,7.473987574784245,Low
9184-GALIL,0.03044390988517395,20.45,245.39999999999998,7.470935485821687,Low
1552-TKMXS,0.030470557523726332,20.35,244.20000000000002,7.4409101472939705,Low
6072-NUQCB,0.030465371254426447,20.25,243.0,7.4030852148256265,Low
9065-ZCPQX,0.007818259162165789,78.85,946.1999999999999,7.397636819241269,Low
6119-SPUDB,0.016102435149981213,38.25,459.0,7.391017733841377,Low
4883-KCPZJ,0.024385429487424157,25.25,303.0,7.3887851346895195,Low
0486-LGCCH,0.03130292889578879,19.65,235.79999999999998,7.381230633626997,Low
9674-EHPPG,0.015214452159047188,40.4,484.79999999999995,7.375966406706076,Low
1872-EBWSC,0.03001210061411673,20.35,244.20000000000002,7.328954969967306,Low
5498-IBWPI,0.012357107762032438,49.4,592.8,7.325293481332829,Low
3547-LQRIK,0.02259449383851301,26.9,322.79999999999995,7.2935026110719985,Low
2235-EZAIK,0.007670220173759726,79.2,950.4000000000001,7.289777253141245,Low
7168-HDQHG,0.031621666416218275,19.2,230.39999999999998,7.28563194229669,Low
8194-PEEBY,0.030506533558281194,19.9,238.79999999999998,7.284960213717548,Low
9227-UAQFT,0.030729066641800317,19.75,237.0,7.282788794106676,Low
2150-OEGBV,0.030165314959179148,20.1,241.20000000000002,7.275873968154011,Low
2808-CHTDM,0.024133189165257776,25.1,301.20000000000005,7.268916576575643,Low
0023-UYUPN,0.024014455559062214,25.2,302.4,7.261971361060413,Low
6625-IUTTT,0.00922760790167956,65.55,786.5999999999999,7.258436375461141,Low
6082-OQFBA,0.030701872773192328,19.65,235.79999999999998,7.23950159991875,Low
2296-DKZFP,0.008480618166802251,71.0,852.0,7.2254866781155185,Low
0835-DUUIQ,0.02855343465307219,21.05,252.60000000000002,7.212597593366036,Low
4716-MRVEN,0.03001183559714737,20.0,240.0,7.202840543315369,Low
1843-TLSGD,0.028543029875588325,20.85,250.20000000000002,7.141466074872199,Low
3525-DVKFN,0.03060711063510604,19.4,232.79999999999998,7.125335355852686,Low
0440-EKDCF,0.009811770841120546,60.15,721.8,7.082136193120809,Low
4825-XJGDM,0.01348877592054145,43.7,524.4000000000001,7.073514092731938,Low
3389-KTRXV,0.0247144037560775,23.85,286.20000000000005,7.073262354989382,Low
9581-GVBXT,0.016925296727056074,34.8,417.59999999999997,7.068003913218616,Low
5442-PPTJY,0.02986458244598572,19.7,236.39999999999998,7.059987290231024,Low
8468-FZTOE,0.007883228529052452,74.35,892.1999999999999,7.033416493620597,Low
1834-WULEG,0.02878197125061053,20.25,243.0,6.994019013898359,Low
5781-RFZRP,0.007913520036096492,73.5,882.0,6.979724671837106,Low
7469-LKBCI,0.03068694296047963,18.95,227.39999999999998,6.978210829213068,Low
4102-HLENU,0.008811890186443665,65.65,787.8000000000001,6.94200708888032,Low
5176-OLSKT,0.008642375451271927,66.9,802.8000000000001,6.9380990122811035,Low
5181-OABFK,0.009404115154153417,61.3,735.5999999999999,6.9176671073952525,Low
3486-HOOGQ,0.0072151103557879185,79.7,956.4000000000001,6.900531544275566,Low
7632-YUTXB,0.028658236684796588,20.05,240.60000000000002,6.89517174636206,Low
6828-HMKWP,0.02729514735167143,21.05,252.60000000000002,6.894754221032204,Low
5917-RYRMG,0.02900820598943823,19.8,237.60000000000002,6.8923497430905245,Low
3889-VWBID,0.006903408010588457,82.85,994.1999999999999,6.863368244127043,Low
3266-FTKHB,0.029850845736029398,19.15,229.79999999999998,6.8597243501395555,Low
6609-MXJHJ,0.02275851452426305,25.1,301.20000000000005,6.8548645747080315,Low
9481-WHGWY,0.0075692580603762055,75.35,904.1999999999999,6.844123138192164,Low
9755-JHNMN,0.008445794306036647,67.4,808.8000000000001,6.830958434722441,Low
2451-YMUXS,0.008816247199038242,64.55,774.5999999999999,6.829065080375021,Low
0854-UYHZD,0.029063179923781646,19.55,234.60000000000002,6.818222010119175,Low
0064-SUDOG,0.027982937510048805,20.3,243.60000000000002,6.8166435774478895,Low
6447-EGDIV,0.027106429808662277,20.95,251.39999999999998,6.814556453897696,Low
5696-EXCYS,0.029156978005329348,19.45,233.39999999999998,6.805238666443869,Low
1328-EUZHC,0.028096849379554284,20.1,241.20000000000002,6.776960070348494,Low
3896-ZVNET,0.022675891784097964,24.7,296.4,6.721134324806636,Low
0254-WWRKD,0.01107364416727151,50.55,606.5999999999999,6.7172725518668965,Low
0973-KYVNF,0.007888211266990975,70.65,847.8000000000001,6.687625512154949,Low
6997-UVGOX,0.006517755517501146,85.45,1025.4,6.683306507645676,Low
6479-VDGRK,0.006521960537038852,85.3,1023.5999999999999,6.675878805712968,Low
7018-FPXHH,0.009295648787550825,59.8,717.5999999999999,6.670557569946471,Low
8873-TMKGR,0.029078699002008823,19.1,229.20000000000002,6.664837811260423,Low
6823-SIDFQ,0.030396007713456272,18.25,219.0,6.656725689246923,Low
7026-YMSBE,0.02803113400435196,19.7,236.39999999999998,6.626560078628803,Low
3533-UVMOM,0.007774167786002792,70.95,851.4000000000001,6.618926453002778,Low
5614-DNZCE,0.0084913459756364,64.9,778.8000000000001,6.613060245825629,Low
2333-KWEWW,0.027469152870187856,20.05,240.60000000000002,6.609078180567199,Low
2996-XAUVF,0.013664923974831841,40.05,480.59999999999997,6.567362462304183,Low
7722-VJRQD,0.008974687360237321,60.95,731.4000000000001,6.564086335277578,Low
4573-JKNAE,0.028232281105653227,19.35,232.20000000000002,6.55553567273268,Low
3460-TJBWI,0.022550214036672893,24.2,290.4,6.548582156249807,Low
6384-VMJHP,0.007460156214250559,73.0,876.0,6.5350968436834895,Low
6016-NXBNJ,0.028391543431694942,19.15,229.79999999999998,6.524376680603497,Low
1459-QNFQT,0.00909418325539904,59.5,714.0,6.493246844354914,Low
9610-WCESF,0.012289406612535827,43.9,526.8,6.474059403483873,Low
7305-ZWMAJ,0.025978692439807584,20.7,248.39999999999998,6.453107202048203,Low
3704-IEAXF,0.010004783516115712,53.65,643.8,6.441079627675295,Low
5115-GZDEL,0.007986000219036914,67.2,806.4000000000001,6.439910576631368,Low
7197-VOJMM,0.007753711230813858,69.2,830.4000000000001,6.438681806067828,Low
3458-IDMFK,0.025791086189713455,20.75,249.0,6.42198046123865,Low
4584-LBNMK,0.02160172172727826,24.7,296.4,6.402750319965276,Low
1676-MQAOA,0.007077236897189601,75.1,901.1999999999999,6.378005891747268,Low
3982-JGSFD,0.026101461665992753,20.35,244.20000000000002,6.373976938835431,Low
2580-ATZSQ,0.008657717366563813,61.35,736.2,6.373811525264279,Low
3950-VPYJB,0.008859625448954257,59.6,715.2,6.336404121092085,Low
4163-NCJAK,0.021413258150551447,24.45,293.4,6.282649941371794,Low
3865-ZFZIB,0.02658775112620725,19.65,235.79999999999998,6.269391715559669,Low
0071-NDAFP,0.020461688118837973,25.5,306.0,6.26127656436442,Low
7473-ZBDSN,0.027715095996342403,18.8,225.60000000000002,6.252525656774846,Low
0219-QAERP,0.02626217384374646,19.8,237.60000000000002,6.23989250527416,Low
0164-XAIRP,0.026325333781659035,19.55,234.60000000000002,6.175923305177211,Low
5148-HKFIR,0.026120009114895575,19.7,236.39999999999998,6.174770154761314,Low
6388-TABGU,0.009151488651547326,56.15,673.8,6.166273053412588,Low
3470-OBUET,0.006929026071940935,74.0,888.0,6.15297515188355,Low
7162-WPHPM,0.007161207696338012,71.6,859.1999999999999,6.152909652693619,Low
8990-YOZLV,0.007630934436443768,66.9,802.8000000000001,6.126114165577057,Low
5519-TEEUH,0.025332842832954363,20.15,241.79999999999998,6.125481397008365,Low
0988-AADSA,0.006295685895312744,80.85,970.1999999999999,6.108074455632424,Low
4900-MSOMT,0.0063240111984549105,80.2,962.4000000000001,6.086228377393007,Low
9114-DPSIA,0.006257741290146207,81.0,972.0,6.082524534022113,Low
0567-XRHCU,0.011531596407203148,43.95,527.4000000000001,6.081763945158941,Low
5457-COLHT,0.006279816759439458,80.65,967.8000000000001,6.077606659785508,Low
3071-MVJCD,0.0061535865665956185,82.3,987.5999999999999,6.077282093169832,Low
0885-HMGPY,0.0072671288360582785,69.4,832.8000000000001,6.052064894669335,Low
5849-ASHZJ,0.025126054620279087,20.05,240.60000000000002,6.045328741639149,Low
8512-WIWYV,0.02474981932708078,20.35,244.20000000000002,6.043905879673127,Low
3887-PBQAO,0.01933192648139012,25.9,310.79999999999995,6.008362750416049,Low
0769-MURVM,0.007611159484109178,65.7,788.4000000000001,6.000638137271677,Low
0230-UBYPQ,0.013838691055094212,36.1,433.20000000000005,5.994920965066814,Low
9531-NSBMR,0.025926054834312963,19.25,231.0,5.988918666726295,Low
2882-WDTBA,0.006573749645680979,75.75,909.0,5.97553842792401,Low
3378-AJRAO,0.02002861213498497,24.85,298.20000000000005,5.972532138652519,Low
4194-FJARJ,0.008273433607966021,60.0,720.0,5.956872197735535,Low
9281-CEDRU,0.007742083968387131,64.1,769.1999999999999,5.955210988483381,Low
2266-FUBDZ,0.02552257881311799,19.35,232.20000000000002,5.9263428004059975,Low
1209-VFFOC,0.008753390695743794,56.4,676.8,5.924294822879399,Low
6283-GITPX,0.006415549229907652,76.9,922.8000000000001,5.920268829358782,Low
4139-DETXS,0.007651157566698454,64.45,773.4000000000001,5.917405262084586,Low
5871-DGTXZ,0.02487541478965161,19.8,237.60000000000002,5.910398554021223,Low
6188-UXBBR,0.02426359225456438,20.25,243.0,5.896052917859144,Low
5993-JSUWV,0.008032278892888012,61.15,733.8,5.894086251601223,Low
4312-GVYNH,0.009826849686591118,49.85,598.2,5.878421482518807,Low
5918-VUKWP,0.023821873971788404,20.55,246.60000000000002,5.874474121443021,Low
3813-DHBBB,0.009591723332324163,50.95,611.4000000000001,5.864379645382994,Low
1699-TLDLZ,0.024759665952325344,19.7,236.39999999999998,5.853185031129711,Low
6696-YDAYZ,0.023777837429936995,20.5,246.0,5.849348007764501,Low
2819-GWENI,0.024428684963283778,19.9,238.79999999999998,5.833569969232165,Low
0804-YGEQV,0.019805806852628866,24.45,293.4,5.811023730561309,Low
5914-GXMDA,0.025015607904766694,19.3,231.60000000000002,5.793614790743967,Low
3429-IFLEM,0.0062120511805915215,77.35,928.1999999999999,5.76602590582505,Low
3721-WKIIL,0.02449549988903904,19.6,235.20000000000002,5.761341573901983,Low
3705-PSNGL,0.023464106693252277,20.4,244.79999999999998,5.744013318508157,Low
7446-SFAOA,0.0240105004035575,19.85,238.20000000000002,5.719301196127397,Low
0336-PIKEI,0.006393825972997389,74.4,892.8000000000001,5.708407828692069,Low
5795-BKOYE,0.0080417020919041,59.1,709.2,5.703175123578388,Low
8597-CTXVJ,0.007306038126562845,64.95,779.4000000000001,5.694326115843082,Low
2277-AXSDC,0.023899912259026487,19.75,237.0,5.664279205389278,Low
4703-MQYKT,0.024004078040800687,19.6,235.20000000000002,5.645759155196322,Low
0562-FGDCR,0.006298471221047043,74.55,894.5999999999999,5.6346123543486835,Low
7951-QKZPL,0.019095331639583105,24.5,294.0,5.614027502037433,Low
5512-IDZEI,0.018765397524105182,24.9,298.79999999999995,5.607100780202628,Low
4213-HKBJO,0.01807499460408393,25.7,308.4,5.574328335899484,Low
1293-HHSHJ,0.02195948624200518,21.1,253.20000000000002,5.560141916475712,Low
7452-FOLON,0.018181746778341154,25.45,305.4,5.552705466105388,Low
4750-UKWJK,0.023577392115785155,19.6,235.20000000000002,5.5454026256326685,Low
6614-YOLAC,0.007846193753302875,58.65,703.8,5.522151163574563,Low
2077-DDHJK,0.0064843769362208994,70.9,850.8000000000001,5.516907897336742,Low
9091-WTUUY,0.006622313451139836,69.25,831.0,5.503142477897204,Low
3795-GWTRD,0.006068496995909446,75.55,906.5999999999999,5.501699376491503,Low
4962-CHQPW,0.022998653328808898,19.85,238.20000000000002,5.478279222922279,Low
8143-ETQTI,0.023170087039071963,19.65,235.79999999999998,5.463506523813169,Low
7596-IIWYC,0.02244122978841262,20.25,243.0,5.453218838584267,Low
5125-CNDSP,0.011190628556528937,40.6,487.20000000000005,5.452074232740898,Low
5846-NEQVZ,0.006405176153860591,70.85,850.1999999999999,5.445680766012274,Low
9509-MPYOD,0.0218097391762913,20.75,249.0,5.430625054896534,Low
6199-IPCAO,0.01733371106103215,26.1,313.20000000000005,5.42891830431527,Low
1776-SPBWV,0.022379887058500043,20.1,241.20000000000002,5.39802875851021,Low
2878-DHMIN,0.02259215709083372,19.9,238.79999999999998,5.395007113291092,Low
5627-TVBPP,0.02234178804516799,20.1,241.20000000000002,5.38883927649452,Low
1716-LSAMB,0.008179441256818614,54.65,655.8,5.364077576221646,Low
1635-HDGFT,0.021738655823862713,20.5,246.0,5.347709332670227,Low
3512-IZIKN,0.006817421058979585,65.3,783.5999999999999,5.342131141816402,Low
8067-NIOYM,0.02108828502782087,21.1,253.20000000000002,5.339553769044245,Low
7860-UXCRM,0.0059560564380796615,74.5,894.0,5.3247144556432175,Low
5622-UEJFI,0.017439138967348104,25.4,304.79999999999995,5.315449557247701,Low
2650-GYRYL,0.0227673104301707,19.45,233.39999999999998,5.313890254401841,Low
3200-MNQTF,0.006230745073344099,70.9,850.8000000000001,5.30111790840116,Low
5803-NQJZO,0.006513800240951889,67.8,813.5999999999999,5.299627876038456,Low
4012-YCFAI,0.0071918112120424,61.35,736.2,5.294611414305615,Low
6723-CEGQI,0.009742708531942956,45.25,543.0,5.290290732845025,Low
4999-IEZLT,0.014880667377263821,29.45,353.4,5.258827851125034,Low
3978-YNKDD,0.020968969257169564,20.85,250.20000000000002,5.2464361081438255,Low
1089-XZWHH,0.022163439080446847,19.7,236.39999999999998,5.239436998617634,Low
6223-DHJGV,0.021101089917782246,20.65,247.79999999999998,5.22885008162644,Low
3521-HTQTV,0.016603813956535058,26.1,313.20000000000005,5.200314531186781,Low
9769-TSBZE,0.006547408354268135,66.0,792.0,5.185547416580363,Low
2892-GESUL,0.02228787564656392,19.35,232.20000000000002,5.175244725132142,Low
1051-EQPZR,0.021993987703889772,19.6,235.20000000000002,5.172985907954875,Low
8999-EXMNO,0.021301456119907365,20.15,241.79999999999998,5.1506920897936,Low
3948-KXDUF,0.006225436430654579,68.75,825.0,5.1359850552900275,Low
2954-PIBKO,0.006671613653648892,64.15,769.8000000000001,5.135808190578917,Low
8510-BBWMU,0.02163006577937542,19.75,237.0,5.126325589711974,Low
2969-VAPYH,0.0070558787461174255,60.5,726.0,5.122567969681251,Low
0774-RMNUW,0.007133252355230211,59.7,716.4000000000001,5.110261987286924,Low
1395-WSWXR,0.020489389222496057,20.75,249.0,5.101857916401518,Low
4526-EXKKN,0.01721305699841929,24.6,295.20000000000005,5.0812944259333745,Low
3067-SVMTC,0.007526116322727809,55.9,670.8,5.048518829285814,Low
5313-FPXWG,0.017059911399352885,24.6,295.20000000000005,5.036085845088972,Low
4804-NCPET,0.020762958019585283,20.2,242.39999999999998,5.032941023947472,Low
7328-OWMOM,0.020754184539069437,20.1,241.20000000000002,5.005909310823548,Low
8338-QIUNR,0.006265214685107379,66.5,798.0,4.999641318715688,Low
8884-FEEWR,0.020198164838171672,20.6,247.20000000000002,4.9929863479960375,Low
0559-CKHUS,0.021153573684938008,19.55,234.60000000000002,4.962628386486457,Low
0057-QBUQH,0.016468274380848514,25.1,301.20000000000005,4.960244243511573,Low
4530-NDRKU,0.021582673012492185,19.05,228.60000000000002,4.933799050655714,Low
8098-TDCBU,0.01623119365554352,25.25,303.0,4.918051677629687,Low
6348-SNFUS,0.007380899536538248,55.45,665.4000000000001,4.911250551612551,Low
7061-OVMIM,0.02085273936110126,19.55,234.60000000000002,4.892052654114356,Low
9548-LERKT,0.02032519851468165,19.75,237.0,4.8170720479795515,Low
3913-FCUUW,0.005692845089901419,70.45,845.4000000000001,4.81273123900266,Low
3486-NPGST,0.020497217118878905,19.55,234.60000000000002,4.808647136088991,Low
5322-ZSMZY,0.015467951384227291,25.75,309.0,4.779596977726233,Low
0019-GFNTW,0.0088328679306944,45.05,540.5999999999999,4.7750484033333915,Low
9993-LHIEB,0.00585602268400131,67.85,814.1999999999999,4.767973669313866,Low
7963-SHNDT,0.010153528857031354,39.1,469.20000000000005,4.7640357397191115,Low
1223-UNPKS,0.019740632591518505,20.05,240.60000000000002,4.749596201519353,Low
8717-VCTXJ,0.020200555515628868,19.55,234.60000000000002,4.7390503239665325,Low
2332-TODQS,0.01572812315573378,25.05,300.6,4.727873820613575,Low
9824-QCJPK,0.01968688821354005,20.0,240.0,4.724853171249612,Low
8780-YRMTT,0.008300857106913716,47.4,568.8,4.721527522412521,Low
8039-ACLPL,0.005707329288023123,68.75,825.0,4.708546662619077,Low
7799-LGRDP,0.015195501496536873,25.7,308.4,4.686292661531971,Low
0343-QLUZP,0.009859623022839038,39.6,475.20000000000005,4.685292860453111,Low
1116-FRYVH,0.009875738440938923,39.4,472.79999999999995,4.669249134875923,Low
2805-AUFQN,0.019539063544531433,19.8,237.60000000000002,4.642481498180669,Low
8327-WKMIE,0.019159554385286832,20.15,241.79999999999998,4.632780250362356,Low
3935-TBRZZ,0.014981945569489308,25.7,308.4,4.620432013630502,Low
9945-PSVIP,0.02057201129527909,18.7,224.39999999999998,4.616359334660627,Low
6814-ZPWFQ,0.015367727573226955,25.0,300.0,4.610318271968087,Low
4980-URKXC,0.01839458445888333,20.85,250.20000000000002,4.602325031612609,Low
6563-VRERX,0.018574371967898105,20.6,247.20000000000002,4.591584750464412,Low
7977-HXJKU,0.019194870419851157,19.6,235.20000000000002,4.514633522748992,Low
2324-AALNO,0.015319815422006087,24.55,294.6,4.513217623322993,Low
7921-BEPCI,0.006284391435953909,59.75,717.0,4.505908659578952,Low
6897-RWMUB,0.005513597167579526,68.05,816.5999999999999,4.502403447045441,Low
6164-HAQTX,0.006948864151527261,53.95,647.4000000000001,4.49869465169875,Low
1403-LKLIK,0.018553158672864938,20.1,241.20000000000002,4.475021871895024,Low
0848-SOMKO,0.007699519775650288,48.4,580.8,4.471881085697687,Low
7860-KSUGX,0.005750402678444935,64.45,773.4000000000001,4.447361431509313,Low
5380-XPJNZ,0.01847658121083954,20.05,240.60000000000002,4.445465439327993,Low
1970-KKFWL,0.015889195698813398,23.3,279.6,4.442619117388227,Low
7274-CGTOD,0.0084632392451619,43.7,524.4000000000001,4.438122660162901,Low
7190-XHTWJ,0.019140772351316972,19.3,231.60000000000002,4.433002876565011,Low
5095-ETBRJ,0.006476718665730664,56.8,681.5999999999999,4.41453144256202,Low
0902-RFHOF,0.01829706852853116,20.1,241.20000000000002,4.413252929081716,Low
1371-OJCEK,0.015041507653367002,24.35,292.20000000000005,4.395128536313838,Low
5859-HZYLF,0.019082674122581647,19.15,229.79999999999998,4.385198513369263,Low
5135-RDDQL,0.00717138832998726,50.65,607.8,4.358769826966256,Low
5010-IPEAQ,0.00668954776405923,54.2,650.4000000000001,4.350881865744124,Low
1934-MKPXS,0.017840908249219644,20.1,241.20000000000002,4.303227069711778,Low
7139-JZFVG,0.0058969181863441885,60.5,726.0,4.281162603285881,Low
8450-LUGUK,0.014796606283482531,24.1,289.20000000000005,4.279178537183149,Low
4597-ELFTS,0.014311414213406232,24.9,298.79999999999995,4.276250566965781,Low
6087-YPWHO,0.005225216269710329,68.15,817.8000000000001,4.273181865369107,Low
3399-BMLVW,0.0058172607907297355,60.5,726.0,4.223331334069788,Low
4538-WNTMJ,0.014104597022255813,24.95,299.4,4.22291634846339,Low
1755-FZQEC,0.017666876939109052,19.9,238.79999999999998,4.218850213059241,Low
2346-CZYIL,0.0171604121622586,20.35,244.20000000000002,4.19057265002355,Low
6923-AQONU,0.01670014806486109,20.9,250.79999999999998,4.188397134667161,Low
0229-LFJAF,0.005010109805591499,69.65,835.8000000000001,4.187449775513375,Low
6253-GNHWH,0.0048962890600726516,71.1,853.1999999999999,4.177513826053986,Low
5208-FVQKB,0.005118034110315977,67.95,815.4000000000001,4.173245013551648,Low
7599-NTMDP,0.0071196808932968,48.7,584.4000000000001,4.160741514042651,Low
5196-WPYOW,0.0057515912440797385,60.05,720.5999999999999,4.144596650483859,Low
5249-QYHEX,0.013919653448021657,24.8,297.6,4.142488866131245,Low
8958-JPTRR,0.014162857562804002,24.3,291.6,4.129889265313647,Low
7596-ZYWBB,0.0057729126572392524,59.6,715.2,4.128787132457513,Low
5924-SNGKP,0.01696146681599541,20.25,243.0,4.121636436286885,Low
3957-SQXML,0.013745558947741961,24.95,299.4,4.1154203489539425,Low
8008-OTEZX,0.017349262189964545,19.65,235.79999999999998,4.090956024393639,Low
6546-OPBBH,0.014198387312577058,23.95,287.4,4.080616513634646,Low
6772-WFQRD,0.016668205903434576,20.4,244.79999999999998,4.080376805160784,Low
0301-KOBTQ,0.01692698287174066,20.05,240.60000000000002,4.072632078940803,Low
3280-NMUVX,0.017292757913825636,19.6,235.20000000000002,4.06725666133179,Low
4335-UPJSI,0.017073445574029823,19.75,237.0,4.046406601045068,Low
5171-EPLKN,0.01697363477787279,19.85,238.20000000000002,4.043119804089298,Low
9950-MTGYX,0.016586889693566576,20.3,243.60000000000002,4.040566329352818,Low
8859-AXJZP,0.014071858295016235,23.8,285.6,4.018922729056637,Low
3070-FNFZQ,0.016194925364581465,20.4,244.79999999999998,3.9645177292495424,Low
8173-RXAYP,0.01647425977462755,19.7,236.39999999999998,3.894515010721953,Low
0354-VXMJC,0.016454063969906455,19.6,235.20000000000002,3.8699958457219985,Low
1627-AFWVJ,0.016485336390204913,19.4,232.79999999999998,3.8377863116397037,Low
7306-YDSOI,0.005325613283559553,59.75,717.0,3.8184647243121996,Low
1757-TCATG,0.015847765659568927,20.05,240.60000000000002,3.812972417692284,Low
7552-KEYGT,0.016202413256468418,19.55,234.60000000000002,3.8010861499674915,Low
7815-PDTHL,0.01561455748918679,20.2,242.39999999999998,3.7849687353788775,Low
9499-XPZXM,0.004862480897632387,64.75,777.0,3.7781476574603645,Low
7267-FRMJW,0.015624256882894283,20.1,241.20000000000002,3.7685707601541014,Low
6048-NJXHX,0.01586020962156641,19.75,237.0,3.758869680311239,Low
2176-OSJUV,0.004804733037431561,65.15,781.8000000000001,3.7563402886639947,Low
9359-JANWS,0.005277955641959914,58.9,706.8,3.7304590477372668,Low
0531-XBKMM,0.004704604429874502,65.7,788.4000000000001,3.7091101325130578,Low
8046-DNVTL,0.007975187625908011,38.6,463.20000000000005,3.6941069083205913,Low
7340-KEFQE,0.00894449065984555,34.2,410.40000000000003,3.6708189668006144,Low
8174-LNWMW,0.014574931193098252,20.9,250.79999999999998,3.6553927432290414,Low
5067-WJEUN,0.005619136528017587,54.2,650.4000000000001,3.654686397822639,Low
8966-KZXXA,0.0120666485695956,25.1,301.20000000000005,3.6344745491621957,Low
1266-NZYUI,0.004507325261232102,66.85,802.1999999999999,3.615776324560392,Low
5177-RVZNU,0.014810440478275575,20.3,243.60000000000002,3.6078233005079303,Low
8148-NLEGT,0.013029776629912703,22.95,275.4,3.588400483877958,Low
2511-ALLCS,0.012272877762019784,24.3,291.6,3.578771155404969,Low
4896-CPRPF,0.011710406766125671,25.45,305.4,3.5763582263747797,Low
8590-OHDIW,0.014657443312875149,20.3,243.60000000000002,3.5705531910163866,Low
0839-QNXME,0.015271711217462798,19.4,232.79999999999998,3.555254371425339,Low
5124-EOGYE,0.014482505622781009,20.45,245.39999999999998,3.5540068798304594,Low
1814-WFGVS,0.006003952660129846,48.9,586.8,3.523119420964193,Low
4992-LTJNE,0.0052998712439536145,55.3,663.5999999999999,3.5169945574876182,Low
9392-XBGTD,0.014211462079196432,20.6,247.20000000000002,3.513073425977358,Low
4737-AQCPU,0.0040477741462061284,72.1,865.1999999999999,3.502134191297542,Low
4774-HHGGS,0.015317886404882948,19.05,228.60000000000002,3.501668832156242,Low
1333-PBMXB,0.011721923893925085,24.75,297.0,3.4814113964957505,Low
9372-TXXPS,0.004830883735336931,59.85,718.2,3.4695406987189843,Low
0270-THENM,0.004120151210088404,69.85,838.1999999999999,3.4535107442961,Low
0969-RGKCU,0.014524303939928186,19.8,237.60000000000002,3.4509746161269375,Low
2314-TNDJQ,0.00515901608999448,55.65,667.8,3.4451909448983136,Low
4872-JCVCA,0.006009552008779614,47.6,571.2,3.432656107414916,Low
8587-XYZSF,0.005655768922201828,50.55,606.5999999999999,3.4307894282076283,Low
7850-THJMU,0.014507542001204236,19.65,235.79999999999998,3.420878403883959,Low
4487-ZYJZK,0.014486197414164978,19.6,235.20000000000002,3.407153631811603,Low
4609-KNNWG,0.014262053747252226,19.9,238.79999999999998,3.4057784348438314,Low
6695-FRVEC,0.004680598961006013,60.4,724.8,3.392498126937158,Low
3653-NCRDJ,0.014672021400179478,19.2,230.39999999999998,3.3804337306013514,Low
3251-YMVWZ,0.011667047854961123,24.05,288.6,3.36711001094178,Low
1686-STUHN,0.014145545857712969,19.8,237.60000000000002,3.360981695792602,Low
9220-CXRSC,0.004551928533396633,61.4,736.8,3.3538609434066387,Low
5451-MHQOF,0.011309989775707786,24.45,293.4,3.318351000192664,Low
0562-KBDVM,0.006188622614966303,44.6,535.2,3.3121508235299655,Low
0827-ITJPH,0.0147560210260493,18.55,222.60000000000002,3.2846902803985745,Low
8219-VYBVI,0.01094422060448292,25.0,300.0,3.283266181344876,Low
6265-FRMTQ,0.01337707372324009,20.4,244.79999999999998,3.274707647449174,Low
9650-VBUOG,0.010880804765906282,25.05,300.6,3.2707699126314287,Low
8234-GSZYK,0.01027908689617395,26.45,317.4,3.262582180845612,Low
4893-GYUJU,0.013983065224378905,19.35,232.20000000000002,3.246867745100782,Low
2595-KIWPV,0.013722259088827671,19.7,236.39999999999998,3.243942048598861,Low
0731-EBJQB,0.013229516201271425,20.4,244.79999999999998,3.2385855660712446,Low
8859-DZTGQ,0.013145807233004687,20.35,244.20000000000002,3.2102061262997448,Low
8874-EJNSR,0.010610760003169123,25.2,302.4,3.2086938249583428,Low
9066-QRSDU,0.010136300881047371,26.3,315.6,3.199016558058551,Low
0129-QMPDR,0.012993045253303396,20.5,246.0,3.1962891323126352,Low
8242-PDSGJ,0.006793491018228226,39.15,469.79999999999995,3.19158208036362,Low
9786-YWNHU,0.004170218744238278,63.55,762.5999999999999,3.18020881435611,Low
6813-GZQCG,0.010674866915953037,24.65,295.79999999999995,3.157625633738908,Low
2162-FRZAA,0.006682483751768237,39.35,472.20000000000005,3.155468827584962,Low
9798-OPFEM,0.012384810678620883,21.1,253.20000000000002,3.135834063826808,Low
5227-JSCFE,0.00562742293668344,46.35,556.2,3.1299726373833296,Low
3400-ESFUW,0.004525901524409393,57.55,690.5999999999999,3.1255875927571264,Low
2812-REYAT,0.012888304767446575,20.05,240.60000000000002,3.100926127047646,Low
7399-QHBJS,0.0038613587322683363,66.75,801.0,3.0929483445469375,Low
2122-SZZZD,0.0131943152826903,19.5,234.0,3.08746977614953,Low
0625-AFOHS,0.012697465947184168,20.2,242.39999999999998,3.077865745597442,Low
3284-SVCRO,0.010051296800383107,25.5,306.0,3.0756968209172304,Low
3373-DIUUN,0.012057599669703132,21.25,255.0,3.0746879157742986,Low
5986-WWXDV,0.013178835486422794,19.35,232.20000000000002,3.060125599947373,Low
9385-EHGDO,0.012749541876065891,19.85,238.20000000000002,3.0369408748788955,Low
4121-AGSIN,0.010264588852495734,24.5,294.0,3.017789122633746,Low
2384-OVPSA,0.012442541639020607,20.2,242.39999999999998,3.016072093298595,Low
9795-SHUHB,0.004307300468109882,58.2,698.4000000000001,3.0082186469279417,Low
4163-HFTUK,0.013120521440108186,19.1,229.20000000000002,3.0072235140727965,Low
7169-YWAMK,0.003656316555389257,68.4,820.8000000000001,3.0011046286635024,Low
1552-CZCLL,0.012499337865908925,20.0,240.0,2.999841087818142,Low
8292-ITGYJ,0.010110580599209221,24.65,295.79999999999995,2.990709741246087,Low
3472-QPRCH,0.009801532241285243,25.25,303.0,2.969864269109429,Low
4940-KHCWD,0.0065607295035098965,37.7,452.40000000000003,2.9680740273878774,Low
8590-YFFQO,0.003807584277273247,64.95,779.4000000000001,2.967631185706769,Low
5480-XTFFL,0.011670812241947302,21.0,252.0,2.94104468497072,Low
9063-ZGTUY,0.012611635458413456,19.4,232.79999999999998,2.935988734718652,Low
9447-YPTBX,0.012286390257627598,19.85,238.20000000000002,2.926618159366894,Low
5472-CVMDX,0.0062370396924434955,38.9,466.79999999999995,2.9114501284326235,Low
1270-XKUCC,0.012238368444875839,19.7,236.39999999999998,2.893150300368648,Low
7205-BAIAD,0.011635663715776054,20.6,247.20000000000002,2.876336070539841,Low
7297-DVYGA,0.012068258168552401,19.85,238.20000000000002,2.874659095749182,Low
4518-FZBSX,0.01176128047239817,20.25,243.0,2.8579911547927552,Low
4884-LEVMQ,0.011640368639664106,20.45,245.39999999999998,2.8565464641735714,Low
4641-FROLU,0.012329711949017375,19.3,231.60000000000002,2.8555612873924243,Low
6551-VLJMV,0.011830380646720384,20.05,240.60000000000002,2.8463895836009248,Low
0784-GTUUK,0.009964486176423974,23.75,285.0,2.8398785602808325,Low
5231-FIQPA,0.011880694537745708,19.85,238.20000000000002,2.829981438891028,Low
9805-FILKB,0.01157577782101169,20.2,242.39999999999998,2.805968543813233,Low
7945-PRBVF,0.010782425211805452,21.45,257.4,2.775396249518723,Low
0526-SXDJP,0.005488466176502268,42.1,505.20000000000005,2.772773112368946,Low
3572-UUHRS,0.01216377878044794,18.85,226.20000000000002,2.7514467601373243,Low
9631-RXVJM,0.011888738632757086,19.25,231.0,2.746298624166887,Low
7321-KKSDU,0.011081571550560908,20.5,246.0,2.7260666014379833,Low
4955-VCWBI,0.011304659884756053,20.0,240.0,2.713118372341453,Low
9361-YNQWJ,0.00925412536750382,24.4,292.79999999999995,2.709607907605118,Low
7216-KAOID,0.011531707072767003,19.5,234.0,2.6984194550274787,Low
7113-HIPFI,0.003383509690103219,65.85,790.1999999999999,2.6736493571195634,Low
9624-EGDEQ,0.011235454725818743,19.8,237.60000000000002,2.6695440428545334,Low
4825-FUREZ,0.010952104137256762,20.25,243.0,2.661361305353393,Low
2428-HYUNX,0.011440369583354452,19.35,232.20000000000002,2.656453817254904,Low
8917-FAEMR,0.01112688577008599,19.85,238.20000000000002,2.650424190434483,Low
8577-QSOCG,0.010702895826963986,20.2,242.39999999999998,2.59438194845607,Low
5542-NKVRU,0.010407768297968646,20.75,249.0,2.591534306194193,Low
9418-RUKPH,0.010779515830583022,19.95,239.39999999999998,2.5806160898415755,Low
8430-TWCBX,0.010355828485909794,20.7,248.39999999999998,2.5723877958999926,Low
2208-NKVVH,0.008806088857912557,24.25,291.0,2.562571857652554,Low
6974-DAFLI,0.010792985105205408,19.7,236.39999999999998,2.551461678870558,Low
3079-BCHLN,0.010675910706871527,19.9,238.79999999999998,2.5494074768009205,Low
7601-DHFWZ,0.008795755395798927,24.0,288.0,2.533177553990091,Low
3563-SVYLG,0.003365479871287759,62.65,751.8,2.530167767234137,Low
3769-MHZNV,0.010469963692020816,20.1,241.20000000000002,2.525355242515421,Low
8859-YSTWS,0.010502594763487895,19.95,239.39999999999998,2.514321186379002,Low
0582-AVCLN,0.010302273569445365,20.3,243.60000000000002,2.5096338415168913,Low
2300-RQGOI,0.010338181174093132,20.05,240.60000000000002,2.487366390486808,Low
5774-QPLTF,0.010152648461658531,20.35,244.20000000000002,2.4792767543370133,Low
4635-EJYPD,0.010822316541275023,18.95,227.39999999999998,2.46099478148594,Low
9067-SQTNS,0.009927244392913521,20.6,247.20000000000002,2.4540148139282225,Low
9710-NJERN,0.010003908525067452,20.15,241.79999999999998,2.4189450813613096,Low
2729-VNVAP,0.010147636926232138,19.8,237.60000000000002,2.411078533672756,Low
6925-BAYGL,0.007890496671718865,25.1,301.20000000000005,2.3766175975217223,Low
1269-FOYWN,0.009823235372997924,20.0,240.0,2.3575764895195017,Low
7471-WNSUF,0.008118857758193864,24.15,289.79999999999995,2.3528449783245815,Low
5006-MXVRN,0.009465056804573841,20.7,248.39999999999998,2.351120110256142,Low
9602-WCXPI,0.009713546198369855,20.15,241.79999999999998,2.348735470765831,Low
0048-PIHNL,0.00955290451320519,20.45,245.39999999999998,2.344282767540553,Low
9732-OUYRN,0.010273979082106357,19.0,228.0,2.3424672307202496,Low
1839-FBNFR,0.009784369896925367,19.85,238.20000000000002,2.3306369094476227,Low
1985-MBRYP,0.009802711511064358,19.65,235.79999999999998,2.311479374308975,Low
4652-ODEVH,0.007851586094268866,24.45,293.4,2.3036553600584853,Low
2263-SFSQZ,0.007667591899166884,24.95,299.4,2.2956770146105647,Low
5044-XDPYX,0.00748545188132604,25.5,306.0,2.2905482756857682,Low
5266-PFRQK,0.009105783650905233,20.85,250.20000000000002,2.2782670694564895,Low
2589-AYCRP,0.00958805023038515,19.75,237.0,2.2723679046012806,Low
4735-BJKOU,0.009385699220607596,20.15,241.79999999999998,2.2694620715429163,Low
8191-XWSZG,0.009148432796204323,20.65,247.79999999999998,2.266981646899431,Low
9620-QJREV,0.009189841151714888,20.55,246.60000000000002,2.2662148280128918,Low
8619-IJNDK,0.0029437900305921507,64.05,768.5999999999999,2.262597017513127,Low
4521-WFJAI,0.007260366486185546,25.95,311.4,2.2608781237981788,Low
3884-UEBXB,0.005153692600544949,36.15,433.79999999999995,2.235671850116399,Low
1087-GRUYI,0.009130871580454081,20.4,244.79999999999998,2.235237362895159,Low
8592-PLTMQ,0.007519796677970378,24.7,296.4,2.22886773535042,Low
6080-LNESI,0.0074501177896503885,24.75,297.0,2.2126849835261653,Low
7688-AWMDX,0.00337246434536307,54.5,654.0,2.205591681867448,Low
9585-KKMFD,0.00918869211785717,20.0,240.0,2.205286108285721,Low
3451-VAWLI,0.009315135778760975,19.7,236.39999999999998,2.202098098099094,Low
8402-OOOHJ,0.008875294150166772,20.65,247.79999999999998,2.199297890411326,Low
8902-ZEOVF,0.009128979794670066,20.05,240.60000000000002,2.1964325385976182,Low
5310-NOOVA,0.009151991119645733,19.95,239.39999999999998,2.190986674043188,Low
0788-DXBFY,0.009330453052179227,19.55,234.60000000000002,2.188924286041247,Low
0362-RAOQO,0.009279324405668976,19.65,235.79999999999998,2.1880646948567444,Low
1043-YCUTE,0.007248044493320065,25.15,301.79999999999995,2.187459828083995,Low
5845-BZZIB,0.009063937686737397,20.1,241.20000000000002,2.1862217700410604,Low
7601-GNDYK,0.009225416535420429,19.6,235.20000000000002,2.169817969130885,Low
6292-TOSSS,0.0072390950870235725,24.9,298.79999999999995,2.163041612002643,Low
7560-QRBXH,0.009015657860024043,19.95,239.39999999999998,2.1583484916897557,Low
6407-GSJNL,0.00720623827773423,24.95,299.4,2.1575477403536283,Low
9661-JALZV,0.007243211918920515,24.7,296.4,2.1468880127680405,Low
5176-LMJXE,0.008687399875057384,20.55,246.60000000000002,2.1423128091891512,Low
3097-FQTVJ,0.008898862003198369,20.0,240.0,2.1357268807676086,Low
6169-PPETC,0.008657730965229194,20.5,246.0,2.1298018174463818,Low
8882-TLVRW,0.004531727738761895,39.1,469.20000000000005,2.1262866550270814,Low
4933-BSAIP,0.00925744811168831,19.1,229.20000000000002,2.121807107198961,Low
0936-NQLJU,0.008548613126420497,20.65,247.79999999999998,2.118346332726999,Low
5968-HYJRZ,0.007146021498816564,24.55,294.6,2.10521793355136,Low
2253-KPMNB,0.003792900230934194,46.25,555.0,2.105059628168478,Low
0732-OCQOC,0.0070021757217695055,25.05,300.6,2.1048540219639134,Low
5075-JSDKI,0.0071566351684928114,24.45,293.4,2.099756758435791,Low
3511-BFTJW,0.004543078385412102,38.5,462.0,2.0989022140603915,Low
5995-LFTLE,0.0069011611041277475,25.3,303.6,2.095192511213184,Low
6000-UKLWI,0.008637026575618335,20.15,241.79999999999998,2.0884330259845134,Low
5356-KZCKT,0.007080090990593667,24.45,293.4,2.077298696640182,Low
3727-OVPRY,0.006635414107956797,25.7,308.4,2.0463617108938763,Low
6922-NCEDI,0.007967164227465925,21.2,254.39999999999998,2.0268465794673314,Low
6479-SZPLM,0.00867683674684052,19.45,233.39999999999998,2.025173696712577,Low
5642-MHDQT,0.008483902826609279,19.85,238.20000000000002,2.0208656532983302,Low
2642-MAWLJ,0.008309194328506932,20.25,243.0,2.0191342218271844,Low
3785-KTYSH,0.006749238251274261,24.6,295.20000000000005,1.9923751317761622,Low
6770-UAYGJ,0.006562825852590603,25.25,303.0,1.9885362333349526,Low
5939-SXWHM,0.006269576650274502,26.3,315.6,1.9786783908266328,Low
2662-NNTDK,0.006641584287120267,24.8,297.6,1.9765354838469915,Low
8069-RHUXK,0.004608128522880288,35.7,428.40000000000003,1.9741222592019156,Low
6532-YLWSI,0.007839204296341145,20.8,249.60000000000002,1.95666539236675,Low
0442-TDYUO,0.008104318453945745,20.05,240.60000000000002,1.9498990200193465,Low
8807-OPMBM,0.006328863729561634,25.65,307.79999999999995,1.9480242559590706,Low
1599-EAHXY,0.006774323763134395,23.95,287.4,1.946940649524825,Low
4779-ZGICK,0.00688241104701903,23.55,282.6,1.944969361887578,Low
2821-WARNZ,0.008311604282793232,19.45,233.39999999999998,1.93992843960394,Low
9451-WLYRI,0.00834497341735438,19.05,228.60000000000002,1.9076609232072115,Low
8626-XHBIE,0.006279369178520563,24.8,297.6,1.8687402675277196,Low
8042-RNLKO,0.006118663823853975,25.45,305.4,1.868639931805004,Low
1047-RNXZV,0.007953129703823591,19.55,234.60000000000002,1.8658042285170147,Low
2908-WGAXL,0.006194873339979318,24.95,299.4,1.8547450779898078,Low
5549-ZGHFB,0.006165523906360095,24.95,299.4,1.8459578575642122,Low
7696-CFTAT,0.0077258196667669395,19.8,237.60000000000002,1.835654752823825,Low
9593-CVZKR,0.006254208941228428,24.45,293.4,1.8349849033564207,Low
5804-JMYIO,0.007668044221080193,19.75,237.0,1.8173264803960056,Low
9588-YRFHY,0.007605674673208687,19.9,238.79999999999998,1.8162351119622344,Low
9286-BHDQG,0.0033244069687990174,45.25,543.0,1.8051529840578664,Low
3712-PKXZA,0.007253801666883381,20.55,246.60000000000002,1.7887874910534418,Low
4625-LAMOB,0.007275811339227837,20.4,244.79999999999998,1.7811186158429744,Low
4335-BSMJS,0.005734908748383824,25.8,309.6,1.7755277484996321,Low
6725-TPKJO,0.007379524639798511,20.05,240.60000000000002,1.775513628335522,Low
3120-FAZKD,0.006110046099228455,24.05,288.6,1.7633593042373323,Low
4475-NVTLU,0.007620005090051731,19.2,230.39999999999998,1.7556491727479187,Low
0608-JDVEC,0.007365156140625655,19.8,237.60000000000002,1.7499610990126557,Low
1073-XXCZD,0.005658793785609903,25.7,308.4,1.7451720034820941,Low
8249-THVEC,0.00743735497973712,19.4,232.79999999999998,1.7314162392828014,Low
0318-ZOPWS,0.007153094532630421,20.15,241.79999999999998,1.7296182579900357,Low
8532-UEFWH,0.00556946441583491,25.75,309.0,1.720964504492987,Low
2796-NNUFI,0.007181574665298527,19.95,239.39999999999998,1.7192689748724672,Low
6096-EGVTU,0.005742664058644126,24.9,298.79999999999995,1.7159080207228645,Low
0463-TXOAK,0.005538959511019048,25.6,307.20000000000005,1.7015683617850517,Low
9067-YGSCA,0.005419217501239447,26.05,312.6,1.6940473908874514,Low
1106-HRLKZ,0.007189846468626626,19.6,235.20000000000002,1.6910518894209825,Low
5296-BFCYD,0.007008056197247866,20.1,241.20000000000002,1.6903431547761854,Low
0621-TSSMU,0.007043506434965808,19.95,239.39999999999998,1.6862154405308143,Low
0506-YLVKJ,0.00695520864729843,20.2,242.39999999999998,1.6859425761051394,Low
5201-CBWYG,0.005645420576977373,24.8,297.6,1.6800771637084664,Low
2208-MPXIO,0.00698628341739092,20.0,240.0,1.6767080201738207,Low
2207-RYYRL,0.005650853903865772,24.55,294.6,1.6647415600788567,Low
9170-ARBTB,0.007016892254187585,19.6,235.20000000000002,1.65037305818492,Low
3719-TDVQB,0.007236004394936286,18.95,227.39999999999998,1.6454673994085112,Low
0206-OYVOC,0.007122354094825371,19.25,231.0,1.6452637959046605,Low
5529-GIBVH,0.006765610692586589,20.15,241.79999999999998,1.635924665467437,Low
2888-ADFAO,0.006400126503620472,21.3,255.60000000000002,1.6358723343253927,Low
9068-FHQHD,0.006736954343243202,20.15,241.79999999999998,1.628995560196206,Low
1248-DYXUB,0.005454007462832354,24.8,297.6,1.6231126209389088,Low
9503-XJUME,0.006816642238080141,19.65,235.79999999999998,1.607364239739297,Low
1207-BLKSA,0.0057968817757451715,23.05,276.6,1.6034174991711145,Low
0932-YIXYU,0.006540419202089683,20.25,243.0,1.589321866107793,Low
1074-WVEVG,0.006481417334256498,20.35,244.20000000000002,1.582762113025437,Low
8215-NGSPE,0.006580418650047074,20.0,240.0,1.5793004760112976,Low
1722-LDZJS,0.006510659249497752,20.2,242.39999999999998,1.5781838020782548,Low
4878-BUNFV,0.006337155261231229,20.7,248.39999999999998,1.5741493668898372,Low
3088-FVYWK,0.0051176270689180115,25.55,306.6,1.5690644593302625,Low
8361-LBRDI,0.005304239186085125,24.35,292.20000000000005,1.549898690174074,Low
7073-QETQY,0.006287990301781612,20.35,244.20000000000002,1.5355272316950699,Low
4458-KVRBJ,0.005101339785558732,25.0,300.0,1.5304019356676195,Low
9938-PRCVK,0.00645973807107697,19.7,236.39999999999998,1.5270820800025957,Low
3764-MNMOI,0.006616198914982003,19.2,230.39999999999998,1.5243722300118532,Low
8922-NPKBJ,0.006551779362512543,19.35,232.20000000000002,1.5213231679754127,Low
2068-WWXQZ,0.006231523638105861,20.05,240.60000000000002,1.4993045873282702,Low
9646-NMHXE,0.006355421002570276,19.65,235.79999999999998,1.498608272406071,Low
6614-YWYSC,0.00499074116245928,25.0,300.0,1.497222348737784,Low
5465-BUBFA,0.006437346866862899,19.3,231.60000000000002,1.4908895343654476,Low
7872-BAAZR,0.006333020508304741,19.55,234.60000000000002,1.4857266112482925,Low
9668-PUGNU,0.005037253491488224,24.5,294.0,1.4809525264975378,Low
9087-EYCPR,0.004930299158192579,25.0,300.0,1.4790897474577736,Low
3662-FXJFO,0.0059800437229685244,20.5,246.0,1.471090755850257,Low
4698-KVLLG,0.006231667428923703,19.6,235.20000000000002,1.4656881792828549,Low
1240-HCBOH,0.004672709120515145,26.1,313.20000000000005,1.4634924965453437,Low
6961-MJKBO,0.005920519839224095,20.45,245.39999999999998,1.4528955685455927,Low
8896-RAZCR,0.006075307991149629,19.9,238.79999999999998,1.4507835482865312,Low
7996-MHXLW,0.004776453272539466,25.15,301.79999999999995,1.4415335976524106,Low
5666-MBJPT,0.0047833498361667115,25.1,301.20000000000005,1.4407449706534137,Low
1080-BWSYE,0.004678540631581648,25.65,307.79999999999995,1.4400548064008312,Low
2481-SBOYW,0.004793394455085099,25.0,300.0,1.4380183365255297,Low
4361-FEBGN,0.0059449588343592884,20.15,241.79999999999998,1.4374910461480759,Low
0052-YNYOT,0.0058258343028264855,20.55,246.60000000000002,1.4366507390770114,Low
4018-PPNDW,0.004964869838687745,24.1,289.20000000000005,1.4358403573484961,Low
5093-FEGLU,0.005970175369566137,19.65,235.79999999999998,1.4077673521436949,Low
9916-AYHTC,0.005851191077073639,19.85,238.20000000000002,1.393753714558941,Low
4644-OBGFZ,0.005953083206970582,19.5,234.0,1.3930214704311161,Low
3580-GICBM,0.0047966536839332725,24.2,290.4,1.3929482298142222,Low
6619-RPLQZ,0.005563301134578759,20.85,250.20000000000002,1.3919379438716057,Low
6051-PTVNS,0.005921797668829963,19.15,229.79999999999998,1.3608291042971254,Low
8441-SHIPE,0.004425442575915114,25.6,307.20000000000005,1.3594959593211233,Low
2143-LJULT,0.0044680842648016725,25.25,303.0,1.3538295322349068,Low
5242-UOWHD,0.005531503479014221,20.35,244.20000000000002,1.3507931495752727,Low
6425-JWTDV,0.005822635055387933,19.25,231.0,1.3450286977946124,Low
1215-EXRMO,0.005428561081986373,20.55,246.60000000000002,1.3386831628178397,Low
1468-DEFNC,0.0045614893503859765,24.4,292.79999999999995,1.3356040817930137,Low
8241-JUIQO,0.005701737270299979,19.45,233.39999999999998,1.330785478888015,Low
5699-BNCAS,0.004491726374605088,24.65,295.79999999999995,1.3286526616081848,Low
2452-MRMZF,0.004287418271518892,25.7,308.4,1.3222397949364262,Low
4785-FCIFB,0.004470753667451597,24.4,292.79999999999995,1.3090366738298274,Low
7608-RGIRO,0.00445908497691469,24.4,292.79999999999995,1.3056200812406211,Low
2560-QTSBS,0.004654356873792429,23.3,279.6,1.3013581819123632,Low
6370-ZVHDV,0.0042790301322952196,25.3,303.6,1.2991135481648288,Low
7009-PCARS,0.005661543093088668,19.1,229.20000000000002,1.2976256769359227,Low
2817-LVCPP,0.005568996937836089,19.4,232.79999999999998,1.2964624871282413,Low
9639-BUJXT,0.0052233549324431205,20.5,246.0,1.2849453133810076,Low
6980-CDGFC,0.005132933292819038,20.85,250.20000000000002,1.2842599098633234,Low
7242-EDTYC,0.005463312815157801,19.55,234.60000000000002,1.2816931864360204,Low
0386-CWRGM,0.005501913884625107,19.4,232.79999999999998,1.280845552340725,Low
8701-DGLVH,0.005211525772076462,20.45,245.39999999999998,1.2789084244675635,Low
1241-EZFMJ,0.004141848395131844,25.45,305.4,1.264920499873265,Low
1705-GUHPV,0.004350845133739649,24.2,290.4,1.2634854268379938,Low
4534-WGCIR,0.0041788300275032875,25.15,301.79999999999995,1.261170902300492,Low
6729-FZWSY,0.005402567153453086,19.45,233.39999999999998,1.26095917361595,Low
5016-LIPDW,0.005372783883152377,19.4,232.79999999999998,1.250784087997873,Low
4979-HPRFL,0.004297842381753259,24.15,289.79999999999995,1.2455147222320941,Low
5334-AFQJB,0.004126236966134886,25.1,301.20000000000005,1.2428225741998278,Low
6762-NSODU,0.005338058521126497,19.4,232.79999999999998,1.2427000237182484,Low
9953-ZMKSM,0.004097127163904241,25.25,303.0,1.241429530662985,Low
0603-TPMIB,0.0040649015654440224,25.45,305.4,1.2414209380866044,Low
3913-RDSJZ,0.004048300971643921,25.55,306.6,1.2412090779060263,Low
1619-YWUBB,0.004086037797142867,24.95,299.4,1.2233597164645744,Low
7634-HLQJR,0.005078753090414942,20.05,240.60000000000002,1.221947993553835,Low
4807-IZYOZ,0.004924638008452174,20.65,247.79999999999998,1.2203252984944486,Low
1709-EJDOX,0.0051353040756625164,19.75,237.0,1.2170670659320164,Low
7503-EPSZW,0.004190299898490694,24.05,288.6,1.2093205507044145,Low
8207-VVMYB,0.003866182881610693,26.0,312.0,1.2062490590625363,Low
5970-GHJAW,0.005009842285372497,19.95,239.39999999999998,1.1993562431181757,Low
3190-ITQXP,0.004932466241572606,20.25,243.0,1.1985892967021432,Low
4299-OPXEJ,0.00510670840041287,19.55,234.60000000000002,1.1980337907368594,Low
4176-RELJR,0.003977367514184656,25.1,301.20000000000005,1.1979830952724184,Low
3148-AOIQT,0.003982687175879147,24.95,299.4,1.1924165404582163,Low
9975-GPKZU,0.005016653561381939,19.75,237.0,1.1889468940475194,Low
8028-PNXHQ,0.0040802541880018235,24.25,291.0,1.1873539687085306,Low
1852-QSWCD,0.003982746587300123,24.8,297.6,1.1852653843805168,Low
9081-WWXKP,0.004843356467674603,20.25,243.0,1.1769356216449285,Low
1241-FPMOF,0.004956049661711653,19.65,235.79999999999998,1.1686365102316076,Low
5324-KTGCG,0.004664628529519483,20.85,250.20000000000002,1.1670900580857746,Low
3212-KXOCR,0.004630600617378281,21.0,252.0,1.1669113555793267,Low
6518-PPLMZ,0.004998952952044761,19.4,232.79999999999998,1.1637562472360203,Low
5605-XNWEN,0.003878170649496303,25.0,300.0,1.1634511948488908,Low
9504-YAZWB,0.004786834447698143,20.25,243.0,1.1632007707906487,Low
2799-TSLAG,0.0038264755235260014,25.3,303.6,1.1617179689424941,Low
9251-AWQGT,0.0048094721204929814,20.0,240.0,1.1542733089183155,Low
2097-YVPKN,0.0037307435924977665,25.75,309.0,1.1527997700818098,Low
3027-YNWZU,0.003817219208434084,25.0,300.0,1.1451657625302252,Low
1862-QRWPE,0.004598983780777587,20.65,247.79999999999998,1.139628180876686,Low
5982-XMDEX,0.003566091554685684,26.5,318.0,1.1340171143900475,Low
1306-RPWXZ,0.004613127763100615,20.45,245.39999999999998,1.1320615530648908,Low
5406-KGRMX,0.003841335277204985,24.55,294.6,1.1316573726645887,Low
2632-TACXW,0.0039735883578526175,23.65,283.79999999999995,1.1277043759585728,Low
7416-CKTEP,0.004787057745554735,19.6,235.20000000000002,1.1259159817544737,Low
6134-KWTBV,0.003996331869390713,23.4,280.79999999999995,1.122169988924912,Low
2230-XTUWL,0.004766002486185021,19.55,234.60000000000002,1.1181041832590062,Low
9337-SRRNI,0.003682338322965422,25.3,303.6,1.1179579148523022,Low
6349-JDHQP,0.004689530737658679,19.85,238.20000000000002,1.1170462217102974,Low
2961-VNFKL,0.003584507822057139,25.95,311.4,1.1162157357885931,Low
7033-CLAMM,0.0045896390743182984,20.2,242.39999999999998,1.1125285116147554,Low
2560-WBWXF,0.003809689053518165,24.15,289.79999999999995,1.104047887709564,Low
2228-BZDEE,0.004573424684591649,20.1,241.20000000000002,1.1031100339235058,Low
9507-HSMMZ,0.004564939906863083,20.0,240.0,1.09558557764714,Low
4742-TXUEX,0.004727678290316056,19.3,231.60000000000002,1.0949302920371986,Low
7008-LZVOZ,0.0035973339189133854,25.3,303.6,1.092150577782104,Low
1657-DYMBM,0.00455029108923386,19.9,238.79999999999998,1.0866095121090455,Low
0621-CXBKL,0.004841963629187724,18.7,224.39999999999998,1.0865366383897253,Low
1767-CJKBA,0.0036060600978663313,25.1,301.20000000000005,1.0861453014773392,Low
6248-BSHKG,0.0044199228101247596,20.4,244.79999999999998,1.081997103918541,Low
3967-VQOGC,0.0036104470351360964,24.9,298.79999999999995,1.0788015740986654,Low
7647-GYYKX,0.004411800279094316,20.35,244.20000000000002,1.077361628154832,Low
9814-AOUDH,0.004599903397106704,19.5,234.0,1.0763773949229687,Low
6917-FIJHC,0.0034468431440201792,26.0,312.0,1.0754150609342958,Low
6340-DACFT,0.004309990597622483,20.55,246.60000000000002,1.0628436813737046,Low
8540-ZQGEA,0.0043841744237070514,20.05,240.60000000000002,1.0548323663439167,Low
5296-PSYVW,0.0035788611791243404,24.55,294.6,1.0543325033700308,Low
9964-WBQDJ,0.0035881760915822875,24.4,292.79999999999995,1.0506179596152936,Low
7014-ZZXAW,0.003605172103930106,24.25,291.0,1.049105082243661,Low
8957-THMOA,0.0043036435425794165,20.15,241.79999999999998,1.0406210085957028,Low
1955-IBMMB,0.004292554506118392,20.2,242.39999999999998,1.040515212283098,Low
6485-QXWWE,0.0033337709148485717,26.0,312.0,1.0401365254327544,Low
3612-YVGSJ,0.003537058207228289,24.45,293.4,1.0377728780007798,Low
3118-UHVVQ,0.003311174601189034,25.8,309.6,1.025139656528125,Low
3873-WOSBC,0.003299543423187671,25.6,307.20000000000005,1.0136197396032527,Low
1231-YNDEK,0.004404880151429122,19.15,229.79999999999998,1.012241458798412,Low
2675-IJRGJ,0.004291543366596543,19.65,235.79999999999998,1.0119459258434649,Low
7427-AUFPY,0.004276508405226918,19.65,235.79999999999998,1.008400681952507,Low
4565-NLZBV,0.003401820220909871,24.65,295.79999999999995,1.0062584213451398,Low
1697-LYYYX,0.004389207524086527,19.1,229.20000000000002,1.006006364520632,Low
1926-QUZNN,0.0033123412677874007,25.25,303.0,1.0036394041395824,Low
0626-QXNGV,0.0034548567075655076,24.15,289.79999999999995,1.001217473852484,Low
1574-DYCWE,0.004167541125859005,19.95,239.39999999999998,0.9977093455306457,Low
2418-TPEUN,0.004182703589172897,19.8,237.60000000000002,0.9938103727874805,Low
1635-NZATJ,0.003183351608669809,25.45,305.4,0.9721955812877596,Low
3154-HMWUU,0.003949594157491081,20.5,246.0,0.9716001627428059,Low
6217-KDYWC,0.004125590332204028,19.6,235.20000000000002,0.9703388461343876,Low
1085-LDWAM,0.003971628353417467,20.35,244.20000000000002,0.9698716439045455,Low
3696-DFHHB,0.0031663935980052378,25.5,306.0,0.9689164409896027,Low
8946-BFWSG,0.003196078165425241,25.25,303.0,0.968411684123848,Low
3170-NMYVV,0.003973353463415997,20.15,241.79999999999998,0.960756867453988,Low
8838-GPHZP,0.0038574935111703487,20.6,247.20000000000002,0.9535723959613103,Low
9173-IVZVP,0.00379333623113195,20.9,250.79999999999998,0.951368726767893,Low
9371-BITHB,0.00399171106370037,19.85,238.20000000000002,0.9508255753734282,Low
6582-PLFUU,0.004051949282344636,19.55,234.60000000000002,0.9505873016380518,Low
3836-FZSDJ,0.0031813860966488487,24.85,298.20000000000005,0.9486893340206868,Low
7493-GVFIO,0.0038246892733050193,20.55,246.60000000000002,0.9431683747970179,Low
6484-LATFU,0.00320147010866499,24.55,294.6,0.9431530940127061,Low
4636-TVXVG,0.003933316240707215,19.95,239.39999999999998,0.9416359080253071,Low
6139-ZZRBQ,0.00391088675762674,20.05,240.60000000000002,0.9409593538849936,Low
4302-ZYFEL,0.0038136773110053175,20.55,246.60000000000002,0.9404528248939114,Low
4990-ALDGW,0.0037588308645999965,20.75,249.0,0.9359488852853991,Low
3768-VHXQO,0.0031374166991847644,24.85,298.20000000000005,0.9355776596968969,Low
8780-IHCRN,0.0031412963505291604,24.65,295.79999999999995,0.9291954604865255,Low
7480-SPLEF,0.0029738824531207624,26.0,312.0,0.9278513253736779,Low
3620-EHIMZ,0.003975625075942336,19.35,232.20000000000002,0.9231401426338104,Low
3359-DSRKA,0.003873888191796521,19.85,238.20000000000002,0.9227601672859315,Low
3635-QQRQD,0.003795945511631794,20.05,240.60000000000002,0.9133044900986097,Low
9084-OAYKL,0.0036495008774767536,20.8,249.60000000000002,0.9109154190181977,Low
5115-SQAAU,0.002954428953221989,25.6,307.20000000000005,0.9076005744297951,Low
6734-PSBAW,0.0032004017051480787,23.55,282.6,0.9044335218748472,Low
0795-XCCTE,0.0029607151549539794,25.4,304.79999999999995,0.9024259792299728,Low
9565-AXSMR,0.0039139107037503736,19.2,230.39999999999998,0.9017650261440859,Low
2696-RZVZW,0.002994241117079605,25.05,300.6,0.9000688797941293,Low
5220-AGAAX,0.0031220039139917576,24.0,288.0,0.8991371272296262,Low
2050-ONYDQ,0.002880129687201967,26.0,312.0,0.8986004624070137,Low
0508-SQWPL,0.003721001304532483,20.1,241.20000000000002,0.8975055146532349,Low
9397-TZSHA,0.0030326061893452966,24.6,295.20000000000005,0.8952253470947317,Low
3646-ITDGM,0.0037849342949401814,19.7,236.39999999999998,0.8947584673238588,Low
9257-AZMTZ,0.0037094858152200445,20.1,241.20000000000002,0.8947279786310748,Low
2072-ZVJJX,0.002943199877269259,25.25,303.0,0.8917895628125855,Low
3970-XGJDU,0.003851679789640635,19.2,230.39999999999998,0.8874270235332022,Low
1131-QQZEB,0.003085886898283639,23.95,287.4,0.8868838945667177,Low
6625-FLENO,0.003540763339621249,20.75,249.0,0.881650071565691,Low
1813-JLKWR,0.0037069167019510548,19.8,237.60000000000002,0.8807634083835707,Low
8735-SDUFN,0.002991400400040427,24.3,291.6,0.8722923566517886,Low
0780-XNZFN,0.0035109693387460604,20.65,247.79999999999998,0.8700182021412737,Low
5793-YOLJN,0.003442708510718546,21.0,252.0,0.8675625447010736,Low
0485-ZBSLN,0.0029189592588708233,24.75,297.0,0.8669308998846346,Low
4625-XMOYM,0.0027110185924544327,26.25,315.0,0.8539708566231463,Low
2169-RRLFW,0.0027739802515122955,25.6,307.20000000000005,0.8521667332645773,Low
5567-GZKQY,0.0034913278945805375,20.3,243.60000000000002,0.850487475119819,Low
5821-MMEIL,0.003550224297131146,19.9,238.79999999999998,0.8477935621549176,Low
6010-DDPPW,0.002805478815885589,25.15,301.79999999999995,0.8466935066342706,Low
8464-EETCQ,0.0037446172854059853,18.8,225.60000000000002,0.8447856595875903,Low
1987-AUELQ,0.002785831964244468,25.05,300.6,0.8374210884518871,Low
4656-CAURT,0.0028886573255967503,23.95,287.4,0.830200115376506,Low
3454-JFUBC,0.0034552444510125195,20.0,240.0,0.8292586682430046,Low
7096-ZNBZI,0.002604313845094954,26.45,317.4,0.8266092144331384,Low
0607-DAAHE,0.003484759239076922,19.75,237.0,0.8258879396612305,Low
0040-HALCW,0.0033667741022912327,20.4,244.79999999999998,0.8241863002408937,Low
2400-FEQME,0.0033502586192373815,20.5,246.0,0.8241636203323959,Low
0971-QIFJK,0.002818482195826946,24.25,291.0,0.8201783189856413,Low
6651-RLGGM,0.002586587921967094,26.3,315.6,0.8163271481728148,Low
5598-IKHQQ,0.0026675576514111903,25.45,305.4,0.8146721067409775,Low
5743-KHMNA,0.0026570008239153084,25.55,306.6,0.8146364526124337,Low
8380-MQINP,0.0033427541980766014,20.3,243.60000000000002,0.8142949226514602,Low
0374-FIUCA,0.003314715199657739,20.4,244.79999999999998,0.8114422808762144,Low
0281-CNTZX,0.0033892556902210312,19.95,239.39999999999998,0.8113878122389148,Low
1167-OYZJF,0.003364340243696712,20.05,240.60000000000002,0.809460262633429,Low
6685-XSHHU,0.0031864843686828363,20.95,251.39999999999998,0.801082170286865,Low
7706-YLMQA,0.0033874855121710135,19.7,236.39999999999998,0.8008015750772275,Low
9430-NKQLY,0.002648648108276436,25.1,301.20000000000005,0.7977728102128626,Low
2525-GVKQU,0.0032244321082906726,20.6,247.20000000000002,0.7970796171694543,Low
6323-AYBRX,0.0034048232278703363,19.35,232.20000000000002,0.7905999535114921,Low
8237-ULIXL,0.00263655665218734,24.85,298.20000000000005,0.786221193682265,Low
4443-EMBNA,0.002646577891684647,24.75,297.0,0.7860336338303401,Low
4707-MAXGU,0.002530554862770159,25.85,310.20000000000005,0.7849781184313035,Low
7161-DFHUF,0.0027416583332049403,23.85,286.20000000000005,0.7846626149632541,Low
4836-WNFNO,0.002611871958836533,25.0,300.0,0.78356158765096,Low
1460-UZPRJ,0.0032678570119358537,19.95,239.39999999999998,0.7823249686574433,Low
8395-ETZKQ,0.003339526808029298,19.5,234.0,0.7814492730788558,Low
2509-TFPJU,0.0025283210854307792,25.75,309.0,0.7812512153981108,Low
8774-GSBUN,0.0025591404753036286,25.4,304.79999999999995,0.7800260168725459,Low
4589-IUAJB,0.0026613115397871295,24.25,291.0,0.7744416580780547,Low
9153-BTBVV,0.002568434661765214,25.0,300.0,0.7705303985295642,Low
7293-LSCDV,0.003333594185786769,19.25,231.0,0.7700602569167436,Low
4231-LZUYM,0.00250111242670716,25.65,307.79999999999995,0.7698424049404636,Low
1098-KFQEC,0.00330376563859478,19.4,232.79999999999998,0.7691166406648647,Low
6024-RUGGH,0.0025352477449449616,25.2,302.4,0.7666589180713563,Low
8749-TZYEC,0.002574958066672197,24.8,297.6,0.7663075206416459,Low
8129-GMVGI,0.003178921554909237,20.05,240.60000000000002,0.7648485261111625,Low
7225-IILWY,0.0024609791267466135,25.75,309.0,0.7604425501647035,Low
4312-KFRXN,0.0024917184809277247,25.4,304.79999999999995,0.7594757929867704,Low
7941-RCJOW,0.0032356561084742634,19.55,234.60000000000002,0.7590849230480623,Low
0704-VCUMB,0.0030831926081358366,20.25,243.0,0.7492158037770082,Low
2900-PHPLN,0.0031723173385880803,19.55,234.60000000000002,0.7442256476327637,Low
1820-DJFPH,0.0025754662398290787,24.05,288.6,0.7432795568146722,Low
7115-IRDHS,0.002496884371679751,24.65,295.79999999999995,0.7385783971428703,Low
5846-ABOBJ,0.0025091570430249956,24.45,293.4,0.7361866764235336,Low
2075-PUEPR,0.0031511849467003943,19.35,232.20000000000002,0.7317051446238316,Low
7114-AEOZE,0.003069844599811565,19.85,238.20000000000002,0.7312369836751148,Low
8727-JQFHV,0.0029234412041148523,20.75,249.0,0.7279368598245982,Low
8092-NLTGF,0.002447178793561918,24.75,297.0,0.7268121016878897,Low
7167-PCEYD,0.0030370870721313915,19.8,237.60000000000002,0.7216118883384187,Low
7643-RCHXS,0.0030919616384065623,19.35,232.20000000000002,0.7179534924380038,Low
6857-TKDJV,0.0024192497230243084,24.65,295.79999999999995,0.7156140680705904,Low
1399-OUPJN,0.0029684125821483934,19.75,237.0,0.7035137819691692,Low
9764-REAFF,0.0031827248622989736,18.4,220.79999999999998,0.7027456495956134,Low
8164-OCKUJ,0.0028162488138776757,20.6,247.20000000000002,0.6961767067905614,Low
2346-LOCWC,0.002823793136130779,20.5,246.0,0.6946531114881717,Low
5854-KSRBJ,0.002271481423566533,25.4,304.79999999999995,0.6923475379030792,Low
9574-BOSMD,0.002256256143773639,25.4,304.79999999999995,0.6877068726222051,Low
3457-PQBYH,0.0028060536528604547,20.3,243.60000000000002,0.6835546698368068,Low
6963-KQYQB,0.002367441792277008,24.05,288.6,0.6832437012511445,Low
3810-PJUHR,0.0022266607964737542,25.35,304.20000000000005,0.6773502142873161,Low
8755-OGKNA,0.0028854306371778665,19.5,234.0,0.6751907690996207,Low
0394-YONDK,0.002224660918583541,25.15,301.79999999999995,0.6714026652285126,Low
3498-LZGQZ,0.002879477993222862,19.15,229.79999999999998,0.6617040428426136,Low
5656-JAMLX,0.0027730733803959995,19.85,238.20000000000002,0.6605460792103272,Low
4195-PNGZS,0.002228898558246045,24.45,293.4,0.6539588369893895,Low
3777-XROBG,0.0027693811055790984,19.55,234.60000000000002,0.6496968073688566,Low
0174-QRVVY,0.002130760776517686,25.35,304.20000000000005,0.6481774282166801,Low
8711-LOBKY,0.002696356724155462,19.85,238.20000000000002,0.6422721716938311,Low
9838-BFCQT,0.0020448544013627495,26.1,313.20000000000005,0.6404483985068132,Low
7980-MHFLQ,0.0021427341875854796,24.9,298.79999999999995,0.6402489752505413,Low
7328-ZJAJO,0.002734684765606725,19.5,234.0,0.6399162351519736,Low
8857-CUPFQ,0.002761933626530479,19.25,231.0,0.6380066677285406,Low
1299-AURJA,0.0021276101342914727,24.7,296.4,0.6306236438039925,Low
3261-CQXOL,0.0020643214997469704,25.45,305.4,0.6304437860227247,Low
9365-CSLBQ,0.002144520248815498,24.35,292.20000000000005,0.6266288167038887,Low
8514-VZHEB,0.0026777343701063472,19.5,234.0,0.6265898426048853,Low
7717-BICXI,0.0025300724067626288,20.55,246.60000000000002,0.6239158555076643,Low
2616-FLVQC,0.002656902033427268,19.55,234.60000000000002,0.6233092170420371,Low
3507-GASNP,0.00260141298683106,19.95,239.39999999999998,0.6227782690473557,Low
9500-WBGRP,0.002700818811941495,19.1,229.20000000000002,0.6190276716969907,Low
7711-GQBZC,0.0020873594624847528,24.7,296.4,0.6186933446804807,Low
6285-FTQBF,0.0020173937818260845,25.55,306.6,0.6185329335078775,Low
2146-EGVDT,0.0026504668602555974,19.3,231.60000000000002,0.6138481248351965,Low
3308-DGHKL,0.0026480757674290987,19.3,231.60000000000002,0.6132943477365793,Low
9135-HSWOC,0.0025836728681226597,19.7,236.39999999999998,0.6107802660241967,Low
1555-HAPSU,0.002112330455697146,23.9,286.79999999999995,0.6058163746939415,Low
6181-AXXYF,0.0020378711035159928,24.75,297.0,0.6052477177442499,Low
6734-JDTTV,0.0025386384732612095,19.85,238.20000000000002,0.6047036843308201,Low
8347-GDTMP,0.0025836836308603148,19.45,233.39999999999998,0.6030317594427974,Low
6848-HJTXY,0.0025700760801633453,19.45,233.39999999999998,0.5998557571101247,Low
0480-KYJVA,0.0020584985441729135,24.25,291.0,0.5990230763543178,Low
7729-XBTWX,0.002526486119110349,19.75,237.0,0.5987772102291526,Low
5884-FBCTL,0.0019866454267513686,25.1,301.20000000000005,0.5983776025375123,Low
7558-IMLMT,0.0023946992309939836,20.8,249.60000000000002,0.5977169280560983,Low
8544-JNBOX,0.0023905150255007857,20.8,249.60000000000002,0.5966725503649961,Low
1830-IPXVJ,0.0024947512340325,19.75,237.0,0.5912560424657025,Low
8434-VGEQQ,0.00239762671416067,20.55,246.60000000000002,0.5912547477120214,Low
6976-BWGLQ,0.0019406122704366537,25.2,302.4,0.586841150580044,Low
6892-BOGQE,0.002337802943981491,20.9,250.79999999999998,0.5863209783505579,Low
7515-LODFU,0.002402284482158417,20.3,243.60000000000002,0.5851964998537904,Low
0562-HKHML,0.002036200487293319,23.9,286.79999999999995,0.5839822997557238,Low
8917-SZTTJ,0.0024642089108759535,19.65,235.79999999999998,0.5810604611845498,Low
7010-BRBUU,0.001981216078845556,24.1,289.20000000000005,0.5729676900021349,Low
7157-SMCFK,0.00241378000294524,19.75,237.0,0.5720658606980219,Low
3973-SKMLN,0.002374521699236519,19.9,238.79999999999998,0.5670357817776807,Low
4193-IBKSW,0.0018954743946049176,24.75,297.0,0.5629558951976605,Low
0402-OAMEN,0.0019169209417364728,24.45,293.4,0.562424604305481,Low
8224-KDLKN,0.0018700494500224528,25.0,300.0,0.5610148350067359,Low
8747-UDCOI,0.00240522091630106,19.35,232.20000000000002,0.5584922967651063,Low
2569-WGERO,0.002198077559706115,21.15,253.79999999999998,0.5578720846534119,Low
7606-BPHHN,0.00232539180904381,19.8,237.60000000000002,0.5525130938288093,Low
8165-ZJRNM,0.0019206027078074322,23.75,285.0,0.5473717717251182,Low
2236-HILPA,0.002199134578042905,20.65,247.79999999999998,0.5449455484390318,Low
1945-XISKS,0.002302895151236662,19.65,235.79999999999998,0.5430226766616049,Low
7064-JHXCE,0.0022517702843310367,20.05,240.60000000000002,0.5417759304100475,Low
0962-CQPWQ,0.0022216239388073247,20.3,243.60000000000002,0.5411875914934643,Low
7695-PKLCZ,0.0021952509793343416,20.5,246.0,0.5400317409162481,Low
7684-XSZIY,0.0018358173004219744,24.3,291.6,0.5353243248030478,Low
9972-EWRJS,0.0023142755104802047,19.25,231.0,0.5345976429209273,Low
0397-ZXWQF,0.0021727477019039204,20.5,246.0,0.5344959346683644,Low
2626-VEEWG,0.0022903518999500714,19.4,232.79999999999998,0.5331939223083766,Low
7268-WNTCP,0.0021619493141781113,20.45,245.39999999999998,0.5305423616993085,Low
0847-HGRML,0.0021956741654251817,20.0,240.0,0.5269617997020436,Low
3274-NSDWE,0.002238582874027124,19.6,235.20000000000002,0.5265146919711796,Low
5730-DBDSI,0.002206894470730831,19.7,236.39999999999998,0.5217098528807684,Low
9625-RZFUK,0.0022047439329836043,19.7,236.39999999999998,0.5212014657573241,Low
5799-JRCZO,0.002216211782997157,19.5,234.0,0.5185935572213348,Low
6621-NRZAK,0.0021448517666285243,20.0,240.0,0.5147644239908458,Low
8043-PNYSD,0.0021894093602641694,19.55,234.60000000000002,0.5136354359179742,Low
3774-VBNXY,0.0021185052892076137,20.2,242.39999999999998,0.5135256821039255,Low
1302-TPUBN,0.002210330088737098,19.35,232.20000000000002,0.5132386466047542,Low
5146-YYFRZ,0.002112417160208445,19.95,239.39999999999998,0.5057126681539017,Low
5848-FHRFC,0.0020896758789222367,20.05,240.60000000000002,0.5027760164686902,Low
2007-QVGAW,0.0021274429154238984,19.35,232.20000000000002,0.49399224496142924,Low
2181-TIDSV,0.002061478131693932,19.95,239.39999999999998,0.4935178647275273,Low
5902-WBLSE,0.002030204624546697,20.15,241.79999999999998,0.4909034782153914,Low
0613-WUXUM,0.002111897313556984,19.2,230.39999999999998,0.48658114104352906,Low
8232-UTFOZ,0.00202227135558054,19.95,239.39999999999998,0.48413176252598117,Low
6345-FZOQH,0.0020102958638456903,19.9,238.79999999999998,0.4800586522863508,Low
5893-KCLGT,0.002008959455579371,19.75,237.0,0.47612339097231093,Low
2804-ETQDK,0.0019193575497064282,20.55,246.60000000000002,0.47331357175760524,Low
7969-FFOWG,0.0019682814403156447,19.9,238.79999999999998,0.4700256079473759,Low
1293-BSEUN,0.0018837478980079784,20.7,248.39999999999998,0.4679229778651818,Low
6855-VLGOS,0.0018540508804575778,20.55,246.60000000000002,0.45720894712083876,Low
6060-QBMGV,0.0018885620261007534,19.85,238.20000000000002,0.4498554746171995,Low
8285-ABVLB,0.001874512024471393,19.85,238.20000000000002,0.44650876422908586,Low
7083-MIOPC,0.0018282732682216739,20.25,243.0,0.44427040417786673,Low
9800-OUIGR,0.0018511094495373226,20.0,240.0,0.4442662678889574,Low
6585-WCEWR,0.0018154662789064224,20.35,244.20000000000002,0.4433368653089484,Low
7602-DBTOU,0.0018762154700043307,19.6,235.20000000000002,0.4412858785450186,Low
1764-VUUMT,0.0018348371519047737,19.95,239.39999999999998,0.4392600141660028,Low
0505-SPOOW,0.0018329377724101092,19.8,237.60000000000002,0.43550601472464195,Low
1927-QEWMY,0.0017443713369777619,20.5,246.0,0.4291153488965294,Low
1591-XWLGB,0.0017976741644760237,19.85,238.20000000000002,0.4282059859781889,Low
4821-WQOYN,0.0017632066007908338,20.1,241.20000000000002,0.42528543211074915,Low
2607-DHDAK,0.0017755409996183566,19.8,237.60000000000002,0.42186854150932157,Low
2718-YSKCS,0.0017894355483028118,19.6,235.20000000000002,0.42087524096082135,Low
8966-SNIZF,0.0017901931609885875,19.45,233.39999999999998,0.41783108377473627,Low
0825-CPPQH,0.0018152925583435112,19.1,229.20000000000002,0.4160650543723328,Low
3996-ZNWYK,0.0016919509258768704,19.8,237.60000000000002,0.40200753998834443,Low
2545-LXYVJ,0.0016162727784887025,20.7,248.39999999999998,0.40148215817659366,Low
0404-AHASP,0.001680407184681396,19.7,236.39999999999998,0.39724825845868195,Low
7463-IFMQU,0.001639676499640117,20.05,240.60000000000002,0.3945061658134122,Low
3910-MRQOY,0.001694591115193742,19.4,232.79999999999998,0.3945008116171031,Low
2429-AYKKO,0.0016465170100651422,19.85,238.20000000000002,0.3922003517975169,Low
7876-DNYAP,0.001632988515909111,19.8,237.60000000000002,0.3879980713800048,Low
3976-HXHCE,0.0016511265792965443,19.3,231.60000000000002,0.3824009157650797,Low
5346-BZCHP,0.001642148054491161,19.4,232.79999999999998,0.38229206708554225,Low
3678-MNGZX,0.0015800613011472205,19.95,239.39999999999998,0.37826667549464454,Low
5787-KXGIY,0.0016308795791495309,19.3,231.60000000000002,0.37771171053103136,Low
6980-IMXXE,0.0015399904652965745,20.2,242.39999999999998,0.3732936887878896,Low
4957-SREEC,0.0014996196851254817,20.35,244.20000000000002,0.36620712710764264,Low
0042-RLHYP,0.0015447694504745883,19.7,236.39999999999998,0.36518349809219264,Low
7673-BQGKU,0.0015057252926491405,20.15,241.79999999999998,0.36408437576256214,Low
2984-RGEYA,0.0015332822777384737,19.75,237.0,0.36338789982401826,Low
0902-XKXPN,0.0014848946859999245,20.2,242.39999999999998,0.3599384718863817,Low
9537-JALFH,0.00148289160178749,19.9,238.79999999999998,0.35411451450685255,Low
1403-GYAFU,0.001461790142571696,20.05,240.60000000000002,0.3517067083027501,Low
8229-BUJHX,0.00140332463135954,20.5,246.0,0.3452178593144468,Low
8750-QWZAJ,0.001447578020595427,19.8,237.60000000000002,0.3439445376934735,Low
1052-QJIBV,0.0014347756208901031,19.9,238.79999999999998,0.3426244182685566,Low
3173-WSSUE,0.0014476668120196009,19.7,236.39999999999998,0.34222843436143363,Low
0831-JNISG,0.001439650885806802,19.8,237.60000000000002,0.3420610504676962,Low
0784-ZQJZX,0.001407780371482277,19.9,238.79999999999998,0.3361779527099677,Low
3279-DYZQM,0.0014397493995529462,19.45,233.39999999999998,0.3360375098556576,Low
0264-CNITK,0.0013643830647567146,20.1,241.20000000000002,0.32908919521931956,Low
3642-BYHDO,0.0013686406327230911,19.9,238.79999999999998,0.3268313830942741,Low
0640-YJTPY,0.0012784286057613387,21.0,252.0,0.32216400865185735,Low
4086-WITJG,0.0013622593913058788,19.7,236.39999999999998,0.3220381201047097,Low
4817-KEQSP,0.001343234312173733,19.85,238.20000000000002,0.31995841315978324,Low
6928-ONTRW,0.0013512229986632214,19.7,236.39999999999998,0.3194291168839855,Low
0464-WJTKO,0.0013165687111577715,20.1,241.20000000000002,0.3175563731312545,Low
1166-PQLGG,0.0013292525192386603,19.55,234.60000000000002,0.3118426410133897,Low
2848-YXSMW,0.0013171089239258846,19.4,232.79999999999998,0.3066229574899459,Low
0794-YVSGE,0.001256200397703068,20.3,243.60000000000002,0.3060104168804674,Low
4277-BWBML,0.001232934688042304,19.95,239.39999999999998,0.29516456431732757,Low
